sku_id,week_end,units,revenue,promo_days,holiday_days,unit_price,week_of_year,month,year,season,category,subcategory,launch_date,unit_cost,list_price,weeks_since_launch,is_holdout
SKU001,2024-01-07,106,388389.3,0,0,3664.05,1,1,2024,Winter,Furniture,Chair,2022-04-09,1758.45,3664.05,91,False
SKU001,2024-01-14,85,311444.25,0,0,3664.05,2,1,2024,Winter,Furniture,Chair,2022-04-09,1758.45,3664.05,92,False
SKU001,2024-01-21,117,428693.85,0,0,3664.05,3,1,2024,Winter,Furniture,Chair,2022-04-09,1758.45,3664.05,93,False
SKU001,2024-01-28,89,326100.45,0,1,3664.05,4,1,2024,Winter,Furniture,Chair,2022-04-09,1758.45,3664.05,94,False
SKU001,2024-02-04,119,436021.94999999995,0,0,3664.05,5,2,2024,Winter,Furniture,Chair,2022-04-09,1758.45,3664.05,95,False
SKU001,2024-02-11,112,410373.6,0,0,3664.05,6,2,2024,Winter,Furniture,Chair,2022-04-09,1758.45,3664.05,96,False
SKU001,2024-02-18,104,381061.2,0,0,3664.05,7,2,2024,Winter,Furniture,Chair,2022-04-09,1758.45,3664.05,97,False
SKU001,2024-02-25,120,439686.0,0,0,3664.05,8,2,2024,Winter,Furniture,Chair,2022-04-09,1758.45,3664.05,98,False
SKU001,2024-03-03,103,377397.15,2,0,3664.05,9,3,2024,Spring,Furniture,Chair,2022-04-09,1758.45,3664.05,99,False
SKU001,2024-03-10,119,436021.95,2,0,3664.05,10,3,2024,Spring,Furniture,Chair,2022-04-09,1758.45,3664.05,100,False
SKU001,2024-03-17,122,447014.1,2,0,3664.05,11,3,2024,Spring,Furniture,Chair,2022-04-09,1758.45,3664.05,101,False
SKU001,2024-03-24,130,476326.5,2,0,3664.05,12,3,2024,Spring,Furniture,Chair,2022-04-09,1758.45,3664.05,102,False
SKU001,2024-03-31,102,373733.1,2,0,3664.05,13,3,2024,Spring,Furniture,Chair,2022-04-09,1758.45,3664.05,103,False
SKU001,2024-04-07,122,447014.1,0,0,3664.05,14,4,2024,Spring,Furniture,Chair,2022-04-09,1758.45,3664.05,104,False
SKU001,2024-04-14,115,421365.75,0,0,3664.05,15,4,2024,Spring,Furniture,Chair,2022-04-09,1758.45,3664.05,105,False
SKU001,2024-04-21,103,377397.15,0,0,3664.05,16,4,2024,Spring,Furniture,Chair,2022-04-09,1758.45,3664.05,106,False
SKU001,2024-04-28,112,410373.6,0,0,3664.05,17,4,2024,Spring,Furniture,Chair,2022-04-09,1758.45,3664.05,107,False
SKU001,2024-05-05,110,403045.5,0,0,3664.05,18,5,2024,Summer,Furniture,Chair,2022-04-09,1758.45,3664.05,108,False
SKU001,2024-05-12,117,428693.85,0,0,3664.05,19,5,2024,Summer,Furniture,Chair,2022-04-09,1758.45,3664.05,109,False
SKU001,2024-05-19,115,421365.75,0,0,3664.05,20,5,2024,Summer,Furniture,Chair,2022-04-09,1758.45,3664.05,110,False
SKU001,2024-05-26,115,421365.75,0,0,3664.05,21,5,2024,Summer,Furniture,Chair,2022-04-09,1758.45,3664.05,111,False
SKU001,2024-06-02,108,395717.4,2,0,3664.05,22,6,2024,Summer,Furniture,Chair,2022-04-09,1758.45,3664.05,112,False
SKU001,2024-06-09,126,461670.3,2,0,3664.05,23,6,2024,Summer,Furniture,Chair,2022-04-09,1758.45,3664.05,113,False
SKU001,2024-06-16,106,388389.3,2,0,3664.05,24,6,2024,Summer,Furniture,Chair,2022-04-09,1758.45,3664.05,114,False
SKU001,2024-06-23,100,366405.0,2,0,3664.05,25,6,2024,Summer,Furniture,Chair,2022-04-09,1758.45,3664.05,115,False
SKU001,2024-06-30,124,454342.2,2,0,3664.05,26,6,2024,Summer,Furniture,Chair,2022-04-09,1758.45,3664.05,116,False
SKU001,2024-07-07,84,307780.2,0,0,3664.05,27,7,2024,Monsoon,Furniture,Chair,2022-04-09,1758.45,3664.05,117,False
SKU001,2024-07-14,101,370069.05,0,0,3664.05,28,7,2024,Monsoon,Furniture,Chair,2022-04-09,1758.45,3664.05,118,False
SKU001,2024-07-21,75,274803.75,0,0,3664.05,29,7,2024,Monsoon,Furniture,Chair,2022-04-09,1758.45,3664.05,119,False
SKU001,2024-07-28,96,351748.8,0,0,3664.05,30,7,2024,Monsoon,Furniture,Chair,2022-04-09,1758.45,3664.05,120,False
SKU001,2024-08-04,94,344420.7,0,0,3664.05,31,8,2024,Monsoon,Furniture,Chair,2022-04-09,1758.45,3664.05,121,False
SKU001,2024-08-11,82,300452.1,0,0,3664.05,32,8,2024,Monsoon,Furniture,Chair,2022-04-09,1758.45,3664.05,122,False
SKU001,2024-08-18,89,326100.45,0,1,3664.05,33,8,2024,Monsoon,Furniture,Chair,2022-04-09,1758.45,3664.05,123,False
SKU001,2024-08-25,98,359076.9,0,0,3664.05,34,8,2024,Monsoon,Furniture,Chair,2022-04-09,1758.45,3664.05,124,False
SKU001,2024-09-01,92,337092.6,1,0,3664.05,35,9,2024,Monsoon,Furniture,Chair,2022-04-09,1758.45,3664.05,125,False
SKU001,2024-09-08,96,351748.8,2,0,3664.05,36,9,2024,Monsoon,Furniture,Chair,2022-04-09,1758.45,3664.05,126,False
SKU001,2024-09-15,89,326100.45,2,0,3664.05,37,9,2024,Monsoon,Furniture,Chair,2022-04-09,1758.45,3664.05,127,False
SKU001,2024-09-22,104,381061.19999999995,2,0,3664.05,38,9,2024,Monsoon,Furniture,Chair,2022-04-09,1758.45,3664.05,128,False
SKU001,2024-09-29,109,399381.45,2,0,3664.05,39,9,2024,Monsoon,Furniture,Chair,2022-04-09,1758.45,3664.05,129,False
SKU001,2024-10-06,71,260147.55,0,0,3664.05,40,10,2024,Autumn,Furniture,Chair,2022-04-09,1758.45,3664.05,130,False
SKU001,2024-10-13,82,300452.1,0,0,3664.05,41,10,2024,Autumn,Furniture,Chair,2022-04-09,1758.45,3664.05,131,False
SKU001,2024-10-20,88,322436.4,0,0,3664.05,42,10,2024,Autumn,Furniture,Chair,2022-04-09,1758.45,3664.05,132,False
SKU001,2024-10-27,89,326100.45,0,0,3664.05,43,10,2024,Autumn,Furniture,Chair,2022-04-09,1758.45,3664.05,133,False
SKU001,2024-11-03,83,304116.15,2,1,3664.05,44,11,2024,Autumn,Furniture,Chair,2022-04-09,1758.45,3664.05,134,False
SKU001,2024-11-10,99,362740.95,2,0,3664.05,45,11,2024,Autumn,Furniture,Chair,2022-04-09,1758.45,3664.05,135,False
SKU001,2024-11-17,80,293124.0,2,0,3664.05,46,11,2024,Autumn,Furniture,Chair,2022-04-09,1758.45,3664.05,136,False
SKU001,2024-11-24,88,322436.39999999997,2,0,3664.05,47,11,2024,Autumn,Furniture,Chair,2022-04-09,1758.45,3664.05,137,False
SKU001,2024-12-01,68,249155.4,1,0,3664.05,48,12,2024,Winter,Furniture,Chair,2022-04-09,1758.45,3664.05,138,False
SKU001,2024-12-08,83,304116.15,0,0,3664.05,49,12,2024,Winter,Furniture,Chair,2022-04-09,1758.45,3664.05,139,False
SKU001,2024-12-15,94,344420.7,0,0,3664.05,50,12,2024,Winter,Furniture,Chair,2022-04-09,1758.45,3664.05,140,False
SKU001,2024-12-22,77,282131.85,0,0,3664.05,51,12,2024,Winter,Furniture,Chair,2022-04-09,1758.45,3664.05,141,False
SKU001,2024-12-29,105,384725.25,0,1,3664.05,52,12,2024,Winter,Furniture,Chair,2022-04-09,1758.45,3664.05,142,False
SKU001,2025-01-05,78,285795.9,0,0,3664.05,1,1,2025,Winter,Furniture,Chair,2022-04-09,1758.45,3664.05,143,False
SKU001,2025-01-12,100,366405.0,0,0,3664.05,2,1,2025,Winter,Furniture,Chair,2022-04-09,1758.45,3664.05,144,False
SKU001,2025-01-19,89,326100.44999999995,0,0,3664.05,3,1,2025,Winter,Furniture,Chair,2022-04-09,1758.45,3664.05,145,False
SKU001,2025-01-26,103,377397.15,0,1,3664.05,4,1,2025,Winter,Furniture,Chair,2022-04-09,1758.45,3664.05,146,False
SKU001,2025-02-02,100,366405.0,0,0,3664.05,5,2,2025,Winter,Furniture,Chair,2022-04-09,1758.45,3664.05,147,False
SKU001,2025-02-09,106,388389.3,0,0,3664.05,6,2,2025,Winter,Furniture,Chair,2022-04-09,1758.45,3664.05,148,False
SKU001,2025-02-16,124,454342.2,0,0,3664.05,7,2,2025,Winter,Furniture,Chair,2022-04-09,1758.45,3664.05,149,False
SKU001,2025-02-23,116,425029.8,0,0,3664.05,8,2,2025,Winter,Furniture,Chair,2022-04-09,1758.45,3664.05,150,False
SKU001,2025-03-02,111,406709.55,2,0,3664.05,9,3,2025,Spring,Furniture,Chair,2022-04-09,1758.45,3664.05,151,False
SKU001,2025-03-09,98,359076.9,2,0,3664.05,10,3,2025,Spring,Furniture,Chair,2022-04-09,1758.45,3664.05,152,False
SKU001,2025-03-16,133,487318.65,2,0,3664.05,11,3,2025,Spring,Furniture,Chair,2022-04-09,1758.45,3664.05,153,False
SKU001,2025-03-23,128,468998.4,2,0,3664.05,12,3,2025,Spring,Furniture,Chair,2022-04-09,1758.45,3664.05,154,False
SKU001,2025-03-30,115,421365.75,2,0,3664.05,13,3,2025,Spring,Furniture,Chair,2022-04-09,1758.45,3664.05,155,False
SKU001,2025-04-06,100,366405.0,0,0,3664.05,14,4,2025,Spring,Furniture,Chair,2022-04-09,1758.45,3664.05,156,False
SKU001,2025-04-13,112,410373.6,0,0,3664.05,15,4,2025,Spring,Furniture,Chair,2022-04-09,1758.45,3664.05,157,False
SKU001,2025-04-20,108,395717.39999999997,0,0,3664.05,16,4,2025,Spring,Furniture,Chair,2022-04-09,1758.45,3664.05,158,False
SKU001,2025-04-27,134,490982.7,0,0,3664.05,17,4,2025,Spring,Furniture,Chair,2022-04-09,1758.45,3664.05,159,False
SKU001,2025-05-04,99,362740.94999999995,0,0,3664.05,18,5,2025,Summer,Furniture,Chair,2022-04-09,1758.45,3664.05,160,False
SKU001,2025-05-11,119,436021.95,0,0,3664.05,19,5,2025,Summer,Furniture,Chair,2022-04-09,1758.45,3664.05,161,False
SKU001,2025-05-18,115,421365.75,0,0,3664.05,20,5,2025,Summer,Furniture,Chair,2022-04-09,1758.45,3664.05,162,False
SKU001,2025-05-25,119,436021.95,0,0,3664.05,21,5,2025,Summer,Furniture,Chair,2022-04-09,1758.45,3664.05,163,False
SKU001,2025-06-01,111,406709.55,1,0,3664.05,22,6,2025,Summer,Furniture,Chair,2022-04-09,1758.45,3664.05,164,False
SKU001,2025-06-08,121,443350.05000000005,2,0,3664.05,23,6,2025,Summer,Furniture,Chair,2022-04-09,1758.45,3664.05,165,False
SKU001,2025-06-15,104,381061.2,2,0,3664.05,24,6,2025,Summer,Furniture,Chair,2022-04-09,1758.45,3664.05,166,False
SKU001,2025-06-22,110,403045.5,2,0,3664.05,25,6,2025,Summer,Furniture,Chair,2022-04-09,1758.45,3664.05,167,False
SKU001,2025-06-29,134,490982.69999999995,2,0,3664.05,26,6,2025,Summer,Furniture,Chair,2022-04-09,1758.45,3664.05,168,False
SKU001,2025-07-06,101,370069.05,0,0,3664.05,27,7,2025,Monsoon,Furniture,Chair,2022-04-09,1758.45,3664.05,169,False
SKU001,2025-07-13,111,406709.55,0,0,3664.05,28,7,2025,Monsoon,Furniture,Chair,2022-04-09,1758.45,3664.05,170,False
SKU001,2025-07-20,118,432357.9,0,0,3664.05,29,7,2025,Monsoon,Furniture,Chair,2022-04-09,1758.45,3664.05,171,False
SKU001,2025-07-27,111,406709.55,0,0,3664.05,30,7,2025,Monsoon,Furniture,Chair,2022-04-09,1758.45,3664.05,172,False
SKU001,2025-08-03,101,370069.05,0,0,3664.05,31,8,2025,Monsoon,Furniture,Chair,2022-04-09,1758.45,3664.05,173,False
SKU001,2025-08-10,77,282131.85,0,0,3664.05,32,8,2025,Monsoon,Furniture,Chair,2022-04-09,1758.45,3664.05,174,False
SKU001,2025-08-17,90,329764.5,0,1,3664.05,33,8,2025,Monsoon,Furniture,Chair,2022-04-09,1758.45,3664.05,175,False
SKU001,2025-08-24,91,333428.55,0,0,3664.05,34,8,2025,Monsoon,Furniture,Chair,2022-04-09,1758.45,3664.05,176,False
SKU001,2025-08-31,97,355412.85,0,0,3664.05,35,8,2025,Monsoon,Furniture,Chair,2022-04-09,1758.45,3664.05,177,False
SKU001,2025-09-07,88,322436.4,2,0,3664.05,36,9,2025,Monsoon,Furniture,Chair,2022-04-09,1758.45,3664.05,178,False
SKU001,2025-09-14,93,340756.65,2,0,3664.05,37,9,2025,Monsoon,Furniture,Chair,2022-04-09,1758.45,3664.05,179,False
SKU001,2025-09-21,88,322436.4,2,0,3664.05,38,9,2025,Monsoon,Furniture,Chair,2022-04-09,1758.45,3664.05,180,False
SKU001,2025-09-28,86,315108.3,2,0,3664.05,39,9,2025,Monsoon,Furniture,Chair,2022-04-09,1758.45,3664.05,181,False
SKU001,2025-10-05,83,304116.15,0,0,3664.05,40,10,2025,Autumn,Furniture,Chair,2022-04-09,1758.45,3664.05,182,False
SKU001,2025-10-12,82,300452.1,0,0,3664.05,41,10,2025,Autumn,Furniture,Chair,2022-04-09,1758.45,3664.05,183,False
SKU001,2025-10-19,82,300452.1,0,0,3664.05,42,10,2025,Autumn,Furniture,Chair,2022-04-09,1758.45,3664.05,184,False
SKU001,2025-10-26,78,285795.9,0,1,3664.05,43,10,2025,Autumn,Furniture,Chair,2022-04-09,1758.45,3664.05,185,False
SKU001,2025-11-02,93,340756.65,2,0,3664.05,44,11,2025,Autumn,Furniture,Chair,2022-04-09,1758.45,3664.05,186,False
SKU001,2025-11-09,92,337092.6,2,0,3664.05,45,11,2025,Autumn,Furniture,Chair,2022-04-09,1758.45,3664.05,187,False
SKU001,2025-11-16,87,318772.35,2,0,3664.05,46,11,2025,Autumn,Furniture,Chair,2022-04-09,1758.45,3664.05,188,False
SKU001,2025-11-23,84,307780.2,2,0,3664.05,47,11,2025,Autumn,Furniture,Chair,2022-04-09,1758.45,3664.05,189,False
SKU001,2025-11-30,84,307780.2,2,0,3664.05,48,11,2025,Autumn,Furniture,Chair,2022-04-09,1758.45,3664.05,190,False
SKU001,2025-12-07,88,322436.4,0,0,3664.05,49,12,2025,Winter,Furniture,Chair,2022-04-09,1758.45,3664.05,191,True
SKU001,2025-12-14,89,326100.45,0,0,3664.05,50,12,2025,Winter,Furniture,Chair,2022-04-09,1758.45,3664.05,192,True
SKU001,2025-12-21,91,333428.55,0,0,3664.05,51,12,2025,Winter,Furniture,Chair,2022-04-09,1758.45,3664.05,193,True
SKU001,2025-12-28,76,278467.8,0,1,3664.05,52,12,2025,Winter,Furniture,Chair,2022-04-09,1758.45,3664.05,194,True
SKU002,2024-01-07,83,315872.27,0,0,3805.69,1,1,2024,Winter,Home Decor,Table,2024-01-01,3867.09,3805.69,0,False
SKU002,2024-01-14,61,232147.09,0,0,3805.69,2,1,2024,Winter,Home Decor,Table,2024-01-01,3867.09,3805.69,1,False
SKU002,2024-01-21,57,216924.33000000002,0,0,3805.69,3,1,2024,Winter,Home Decor,Table,2024-01-01,3867.09,3805.69,2,False
SKU002,2024-01-28,62,235952.78,0,1,3805.69,4,1,2024,Winter,Home Decor,Table,2024-01-01,3867.09,3805.69,3,False
SKU002,2024-02-04,68,258786.91999999998,0,0,3805.69,5,2,2024,Winter,Home Decor,Table,2024-01-01,3867.09,3805.69,4,False
SKU002,2024-02-11,72,274009.68,0,0,3805.69,6,2,2024,Winter,Home Decor,Table,2024-01-01,3867.09,3805.69,5,False
SKU002,2024-02-18,65,247369.85,0,0,3805.69,7,2,2024,Winter,Home Decor,Table,2024-01-01,3867.09,3805.69,6,False
SKU002,2024-02-25,64,243564.16,0,0,3805.69,8,2,2024,Winter,Home Decor,Table,2024-01-01,3867.09,3805.69,7,False
SKU002,2024-03-03,74,281621.06,2,0,3805.69,9,3,2024,Spring,Home Decor,Table,2024-01-01,3867.09,3805.69,8,False
SKU002,2024-03-10,69,262592.61,2,0,3805.69,10,3,2024,Spring,Home Decor,Table,2024-01-01,3867.09,3805.69,9,False
SKU002,2024-03-17,103,391986.07,2,0,3805.69,11,3,2024,Spring,Home Decor,Table,2024-01-01,3867.09,3805.69,10,False
SKU002,2024-03-24,89,338706.41000000003,2,0,3805.69,12,3,2024,Spring,Home Decor,Table,2024-01-01,3867.09,3805.69,11,False
SKU002,2024-03-31,106,403403.14,2,0,3805.69,13,3,2024,Spring,Home Decor,Table,2024-01-01,3867.09,3805.69,12,False
SKU002,2024-04-07,79,300649.51,0,0,3805.69,14,4,2024,Spring,Home Decor,Table,2024-01-01,3867.09,3805.69,13,False
SKU002,2024-04-14,76,289232.44,0,0,3805.69,15,4,2024,Spring,Home Decor,Table,2024-01-01,3867.09,3805.69,14,False
SKU002,2024-04-21,93,353929.17,0,0,3805.69,16,4,2024,Spring,Home Decor,Table,2024-01-01,3867.09,3805.69,15,False
SKU002,2024-04-28,75,285426.75,0,0,3805.69,17,4,2024,Spring,Home Decor,Table,2024-01-01,3867.09,3805.69,16,False
SKU002,2024-05-05,91,346317.79000000004,0,0,3805.69,18,5,2024,Summer,Home Decor,Table,2024-01-01,3867.09,3805.69,17,False
SKU002,2024-05-12,88,334900.72,0,0,3805.69,19,5,2024,Summer,Home Decor,Table,2024-01-01,3867.09,3805.69,18,False
SKU002,2024-05-19,86,327289.33999999997,0,0,3805.69,20,5,2024,Summer,Home Decor,Table,2024-01-01,3867.09,3805.69,19,False
SKU002,2024-05-26,78,296843.82,0,0,3805.69,21,5,2024,Summer,Home Decor,Table,2024-01-01,3867.09,3805.69,20,False
SKU002,2024-06-02,77,293038.13,2,0,3805.69,22,6,2024,Summer,Home Decor,Table,2024-01-01,3867.09,3805.69,21,False
SKU002,2024-06-09,76,289232.44,2,0,3805.69,23,6,2024,Summer,Home Decor,Table,2024-01-01,3867.09,3805.69,22,False
SKU002,2024-06-16,82,312066.58,2,0,3805.69,24,6,2024,Summer,Home Decor,Table,2024-01-01,3867.09,3805.69,23,False
SKU002,2024-06-23,62,235952.78,2,0,3805.69,25,6,2024,Summer,Home Decor,Table,2024-01-01,3867.09,3805.69,24,False
SKU002,2024-06-30,80,304455.2,2,0,3805.69,26,6,2024,Summer,Home Decor,Table,2024-01-01,3867.09,3805.69,25,False
SKU002,2024-07-07,81,308260.89,0,0,3805.69,27,7,2024,Monsoon,Home Decor,Table,2024-01-01,3867.09,3805.69,26,False
SKU002,2024-07-14,74,281621.06,0,0,3805.69,28,7,2024,Monsoon,Home Decor,Table,2024-01-01,3867.09,3805.69,27,False
SKU002,2024-07-21,84,319677.96,0,0,3805.69,29,7,2024,Monsoon,Home Decor,Table,2024-01-01,3867.09,3805.69,28,False
SKU002,2024-07-28,59,224535.71,0,0,3805.69,30,7,2024,Monsoon,Home Decor,Table,2024-01-01,3867.09,3805.69,29,False
SKU002,2024-08-04,51,194090.19,0,0,3805.69,31,8,2024,Monsoon,Home Decor,Table,2024-01-01,3867.09,3805.69,30,False
SKU002,2024-08-11,65,247369.85,0,0,3805.69,32,8,2024,Monsoon,Home Decor,Table,2024-01-01,3867.09,3805.69,31,False
SKU002,2024-08-18,58,220730.02,0,1,3805.69,33,8,2024,Monsoon,Home Decor,Table,2024-01-01,3867.09,3805.69,32,False
SKU002,2024-08-25,46,175061.74,0,0,3805.69,34,8,2024,Monsoon,Home Decor,Table,2024-01-01,3867.09,3805.69,33,False
SKU002,2024-09-01,69,262592.61,1,0,3805.69,35,9,2024,Monsoon,Home Decor,Table,2024-01-01,3867.09,3805.69,34,False
SKU002,2024-09-08,56,213118.64,2,0,3805.69,36,9,2024,Monsoon,Home Decor,Table,2024-01-01,3867.09,3805.69,35,False
SKU002,2024-09-15,61,232147.09,2,0,3805.69,37,9,2024,Monsoon,Home Decor,Table,2024-01-01,3867.09,3805.69,36,False
SKU002,2024-09-22,59,224535.71,2,0,3805.69,38,9,2024,Monsoon,Home Decor,Table,2024-01-01,3867.09,3805.69,37,False
SKU002,2024-09-29,63,239758.47,2,0,3805.69,39,9,2024,Monsoon,Home Decor,Table,2024-01-01,3867.09,3805.69,38,False
SKU002,2024-10-06,51,194090.19,0,0,3805.69,40,10,2024,Autumn,Home Decor,Table,2024-01-01,3867.09,3805.69,39,False
SKU002,2024-10-13,65,247369.85,0,0,3805.69,41,10,2024,Autumn,Home Decor,Table,2024-01-01,3867.09,3805.69,40,False
SKU002,2024-10-20,72,274009.68,0,0,3805.69,42,10,2024,Autumn,Home Decor,Table,2024-01-01,3867.09,3805.69,41,False
SKU002,2024-10-27,47,178867.43,0,0,3805.69,43,10,2024,Autumn,Home Decor,Table,2024-01-01,3867.09,3805.69,42,False
SKU002,2024-11-03,65,247369.85,2,1,3805.69,44,11,2024,Autumn,Home Decor,Table,2024-01-01,3867.09,3805.69,43,False
SKU002,2024-11-10,52,197895.88,2,0,3805.69,45,11,2024,Autumn,Home Decor,Table,2024-01-01,3867.09,3805.69,44,False
SKU002,2024-11-17,67,254981.22999999998,2,0,3805.69,46,11,2024,Autumn,Home Decor,Table,2024-01-01,3867.09,3805.69,45,False
SKU002,2024-11-24,66,251175.54,2,0,3805.69,47,11,2024,Autumn,Home Decor,Table,2024-01-01,3867.09,3805.69,46,False
SKU002,2024-12-01,57,216924.33000000002,1,0,3805.69,48,12,2024,Winter,Home Decor,Table,2024-01-01,3867.09,3805.69,47,False
SKU002,2024-12-08,66,251175.54,0,0,3805.69,49,12,2024,Winter,Home Decor,Table,2024-01-01,3867.09,3805.69,48,False
SKU002,2024-12-15,57,216924.33,0,0,3805.69,50,12,2024,Winter,Home Decor,Table,2024-01-01,3867.09,3805.69,49,False
SKU002,2024-12-22,59,224535.71,0,0,3805.69,51,12,2024,Winter,Home Decor,Table,2024-01-01,3867.09,3805.69,50,False
SKU002,2024-12-29,65,247369.84999999998,0,1,3805.69,52,12,2024,Winter,Home Decor,Table,2024-01-01,3867.09,3805.69,51,False
SKU002,2025-01-05,70,266398.3,0,0,3805.69,1,1,2025,Winter,Home Decor,Table,2024-01-01,3867.09,3805.69,52,False
SKU002,2025-01-12,63,239758.47,0,0,3805.69,2,1,2025,Winter,Home Decor,Table,2024-01-01,3867.09,3805.69,53,False
SKU002,2025-01-19,67,254981.23,0,0,3805.69,3,1,2025,Winter,Home Decor,Table,2024-01-01,3867.09,3805.69,54,False
SKU002,2025-01-26,66,251175.54,0,1,3805.69,4,1,2025,Winter,Home Decor,Table,2024-01-01,3867.09,3805.69,55,False
SKU002,2025-02-02,85,323483.64999999997,0,0,3805.69,5,2,2025,Winter,Home Decor,Table,2024-01-01,3867.09,3805.69,56,False
SKU002,2025-02-09,71,270203.99,0,0,3805.69,6,2,2025,Winter,Home Decor,Table,2024-01-01,3867.09,3805.69,57,False
SKU002,2025-02-16,79,300649.51,0,0,3805.69,7,2,2025,Winter,Home Decor,Table,2024-01-01,3867.09,3805.69,58,False
SKU002,2025-02-23,82,312066.58,0,0,3805.69,8,2,2025,Winter,Home Decor,Table,2024-01-01,3867.09,3805.69,59,False
SKU002,2025-03-02,95,361540.55,2,0,3805.69,9,3,2025,Spring,Home Decor,Table,2024-01-01,3867.09,3805.69,60,False
SKU002,2025-03-09,99,376763.31,2,0,3805.69,10,3,2025,Spring,Home Decor,Table,2024-01-01,3867.09,3805.69,61,False
SKU002,2025-03-16,80,304455.2,2,0,3805.69,11,3,2025,Spring,Home Decor,Table,2024-01-01,3867.09,3805.69,62,False
SKU002,2025-03-23,81,308260.89,2,0,3805.69,12,3,2025,Spring,Home Decor,Table,2024-01-01,3867.09,3805.69,63,False
SKU002,2025-03-30,96,365346.24,2,0,3805.69,13,3,2025,Spring,Home Decor,Table,2024-01-01,3867.09,3805.69,64,False
SKU002,2025-04-06,80,304455.2,0,0,3805.69,14,4,2025,Spring,Home Decor,Table,2024-01-01,3867.09,3805.69,65,False
SKU002,2025-04-13,89,338706.41000000003,0,0,3805.69,15,4,2025,Spring,Home Decor,Table,2024-01-01,3867.09,3805.69,66,False
SKU002,2025-04-20,82,312066.58,0,0,3805.69,16,4,2025,Spring,Home Decor,Table,2024-01-01,3867.09,3805.69,67,False
SKU002,2025-04-27,79,300649.51,0,0,3805.69,17,4,2025,Spring,Home Decor,Table,2024-01-01,3867.09,3805.69,68,False
SKU002,2025-05-04,67,254981.23,0,0,3805.69,18,5,2025,Summer,Home Decor,Table,2024-01-01,3867.09,3805.69,69,False
SKU002,2025-05-11,77,293038.13,0,0,3805.69,19,5,2025,Summer,Home Decor,Table,2024-01-01,3867.09,3805.69,70,False
SKU002,2025-05-18,84,319677.96,0,0,3805.69,20,5,2025,Summer,Home Decor,Table,2024-01-01,3867.09,3805.69,71,False
SKU002,2025-05-25,82,312066.58,0,0,3805.69,21,5,2025,Summer,Home Decor,Table,2024-01-01,3867.09,3805.69,72,False
SKU002,2025-06-01,93,353929.17,1,0,3805.69,22,6,2025,Summer,Home Decor,Table,2024-01-01,3867.09,3805.69,73,False
SKU002,2025-06-08,73,277815.37,2,0,3805.69,23,6,2025,Summer,Home Decor,Table,2024-01-01,3867.09,3805.69,74,False
SKU002,2025-06-15,91,346317.79,2,0,3805.69,24,6,2025,Summer,Home Decor,Table,2024-01-01,3867.09,3805.69,75,False
SKU002,2025-06-22,84,319677.96,2,0,3805.69,25,6,2025,Summer,Home Decor,Table,2024-01-01,3867.09,3805.69,76,False
SKU002,2025-06-29,70,266398.3,2,0,3805.69,26,6,2025,Summer,Home Decor,Table,2024-01-01,3867.09,3805.69,77,False
SKU002,2025-07-06,53,201701.57,0,0,3805.69,27,7,2025,Monsoon,Home Decor,Table,2024-01-01,3867.09,3805.69,78,False
SKU002,2025-07-13,78,296843.82,0,0,3805.69,28,7,2025,Monsoon,Home Decor,Table,2024-01-01,3867.09,3805.69,79,False
SKU002,2025-07-20,69,262592.61,0,0,3805.69,29,7,2025,Monsoon,Home Decor,Table,2024-01-01,3867.09,3805.69,80,False
SKU002,2025-07-27,76,289232.44,0,0,3805.69,30,7,2025,Monsoon,Home Decor,Table,2024-01-01,3867.09,3805.69,81,False
SKU002,2025-08-03,75,285426.75,0,0,3805.69,31,8,2025,Monsoon,Home Decor,Table,2024-01-01,3867.09,3805.69,82,False
SKU002,2025-08-10,60,228341.4,0,0,3805.69,32,8,2025,Monsoon,Home Decor,Table,2024-01-01,3867.09,3805.69,83,False
SKU002,2025-08-17,70,266398.3,0,1,3805.69,33,8,2025,Monsoon,Home Decor,Table,2024-01-01,3867.09,3805.69,84,False
SKU002,2025-08-24,70,266398.3,0,0,3805.69,34,8,2025,Monsoon,Home Decor,Table,2024-01-01,3867.09,3805.69,85,False
SKU002,2025-08-31,79,300649.51,0,0,3805.69,35,8,2025,Monsoon,Home Decor,Table,2024-01-01,3867.09,3805.69,86,False
SKU002,2025-09-07,62,235952.78,2,0,3805.69,36,9,2025,Monsoon,Home Decor,Table,2024-01-01,3867.09,3805.69,87,False
SKU002,2025-09-14,65,247369.85,2,0,3805.69,37,9,2025,Monsoon,Home Decor,Table,2024-01-01,3867.09,3805.69,88,False
SKU002,2025-09-21,79,300649.51,2,0,3805.69,38,9,2025,Monsoon,Home Decor,Table,2024-01-01,3867.09,3805.69,89,False
SKU002,2025-09-28,60,228341.4,2,0,3805.69,39,9,2025,Monsoon,Home Decor,Table,2024-01-01,3867.09,3805.69,90,False
SKU002,2025-10-05,63,239758.47,0,0,3805.69,40,10,2025,Autumn,Home Decor,Table,2024-01-01,3867.09,3805.69,91,False
SKU002,2025-10-12,56,213118.64,0,0,3805.69,41,10,2025,Autumn,Home Decor,Table,2024-01-01,3867.09,3805.69,92,False
SKU002,2025-10-19,59,224535.71,0,0,3805.69,42,10,2025,Autumn,Home Decor,Table,2024-01-01,3867.09,3805.69,93,False
SKU002,2025-10-26,51,194090.19,0,1,3805.69,43,10,2025,Autumn,Home Decor,Table,2024-01-01,3867.09,3805.69,94,False
SKU002,2025-11-02,70,266398.3,2,0,3805.69,44,11,2025,Autumn,Home Decor,Table,2024-01-01,3867.09,3805.69,95,False
SKU002,2025-11-09,72,274009.68,2,0,3805.69,45,11,2025,Autumn,Home Decor,Table,2024-01-01,3867.09,3805.69,96,False
SKU002,2025-11-16,60,228341.4,2,0,3805.69,46,11,2025,Autumn,Home Decor,Table,2024-01-01,3867.09,3805.69,97,False
SKU002,2025-11-23,64,243564.16,2,0,3805.69,47,11,2025,Autumn,Home Decor,Table,2024-01-01,3867.09,3805.69,98,False
SKU002,2025-11-30,66,251175.54,2,0,3805.69,48,11,2025,Autumn,Home Decor,Table,2024-01-01,3867.09,3805.69,99,False
SKU002,2025-12-07,51,194090.19,0,0,3805.69,49,12,2025,Winter,Home Decor,Table,2024-01-01,3867.09,3805.69,100,True
SKU002,2025-12-14,55,209312.95,0,0,3805.69,50,12,2025,Winter,Home Decor,Table,2024-01-01,3867.09,3805.69,101,True
SKU002,2025-12-21,55,209312.95,0,0,3805.69,51,12,2025,Winter,Home Decor,Table,2024-01-01,3867.09,3805.69,102,True
SKU002,2025-12-28,51,194090.19,0,1,3805.69,52,12,2025,Winter,Home Decor,Table,2024-01-01,3867.09,3805.69,103,True
SKU003,2024-01-07,36,290816.28,0,0,8078.2300000000005,1,1,2024,Winter,Kitchen,Cushion,2023-12-22,589.48,8078.23,2,False
SKU003,2024-01-14,32,258503.36,0,0,8078.2300000000005,2,1,2024,Winter,Kitchen,Cushion,2023-12-22,589.48,8078.23,3,False
SKU003,2024-01-21,32,258503.36,0,0,8078.2300000000005,3,1,2024,Winter,Kitchen,Cushion,2023-12-22,589.48,8078.23,4,False
SKU003,2024-01-28,43,347363.88999999996,0,1,8078.2300000000005,4,1,2024,Winter,Kitchen,Cushion,2023-12-22,589.48,8078.23,5,False
SKU003,2024-02-04,40,323129.2,0,0,8078.2300000000005,5,2,2024,Winter,Kitchen,Cushion,2023-12-22,589.48,8078.23,6,False
SKU003,2024-02-11,46,371598.58,0,0,8078.2300000000005,6,2,2024,Winter,Kitchen,Cushion,2023-12-22,589.48,8078.23,7,False
SKU003,2024-02-18,34,274659.82,0,0,8078.2300000000005,7,2,2024,Winter,Kitchen,Cushion,2023-12-22,589.48,8078.23,8,False
SKU003,2024-02-25,44,355442.12,0,0,8078.2300000000005,8,2,2024,Winter,Kitchen,Cushion,2023-12-22,589.48,8078.23,9,False
SKU003,2024-03-03,52,420067.96,2,0,8078.2300000000005,9,3,2024,Spring,Kitchen,Cushion,2023-12-22,589.48,8078.23,10,False
SKU003,2024-03-10,66,533163.1799999999,2,0,8078.2300000000005,10,3,2024,Spring,Kitchen,Cushion,2023-12-22,589.48,8078.23,11,False
SKU003,2024-03-17,46,371598.57999999996,2,0,8078.2300000000005,11,3,2024,Spring,Kitchen,Cushion,2023-12-22,589.48,8078.23,12,False
SKU003,2024-03-24,48,387755.04000000004,2,0,8078.2300000000005,12,3,2024,Spring,Kitchen,Cushion,2023-12-22,589.48,8078.23,13,False
SKU003,2024-03-31,49,395833.27,2,0,8078.2300000000005,13,3,2024,Spring,Kitchen,Cushion,2023-12-22,589.48,8078.23,14,False
SKU003,2024-04-07,48,387755.04,0,0,8078.2300000000005,14,4,2024,Spring,Kitchen,Cushion,2023-12-22,589.48,8078.23,15,False
SKU003,2024-04-14,47,379676.81,0,0,8078.2300000000005,15,4,2024,Spring,Kitchen,Cushion,2023-12-22,589.48,8078.23,16,False
SKU003,2024-04-21,47,379676.81,0,0,8078.2300000000005,16,4,2024,Spring,Kitchen,Cushion,2023-12-22,589.48,8078.23,17,False
SKU003,2024-04-28,45,363520.35,0,0,8078.2300000000005,17,4,2024,Spring,Kitchen,Cushion,2023-12-22,589.48,8078.23,18,False
SKU003,2024-05-05,45,363520.35,0,0,8078.2300000000005,18,5,2024,Summer,Kitchen,Cushion,2023-12-22,589.48,8078.23,19,False
SKU003,2024-05-12,37,298894.51,0,0,8078.2300000000005,19,5,2024,Summer,Kitchen,Cushion,2023-12-22,589.48,8078.23,20,False
SKU003,2024-05-19,41,331207.43000000005,0,0,8078.2300000000005,20,5,2024,Summer,Kitchen,Cushion,2023-12-22,589.48,8078.23,21,False
SKU003,2024-05-26,50,403911.5,0,0,8078.2300000000005,21,5,2024,Summer,Kitchen,Cushion,2023-12-22,589.48,8078.23,22,False
SKU003,2024-06-02,60,484693.80000000005,2,0,8078.2300000000005,22,6,2024,Summer,Kitchen,Cushion,2023-12-22,589.48,8078.23,23,False
SKU003,2024-06-09,52,420067.96,2,0,8078.2300000000005,23,6,2024,Summer,Kitchen,Cushion,2023-12-22,589.48,8078.23,24,False
SKU003,2024-06-16,47,379676.81,2,0,8078.2300000000005,24,6,2024,Summer,Kitchen,Cushion,2023-12-22,589.48,8078.23,25,False
SKU003,2024-06-23,57,460459.11,2,0,8078.2300000000005,25,6,2024,Summer,Kitchen,Cushion,2023-12-22,589.48,8078.23,26,False
SKU003,2024-06-30,30,242346.9,2,0,8078.2300000000005,26,6,2024,Summer,Kitchen,Cushion,2023-12-22,589.48,8078.23,27,False
SKU003,2024-07-07,43,347363.89,0,0,8078.2300000000005,27,7,2024,Monsoon,Kitchen,Cushion,2023-12-22,589.48,8078.23,28,False
SKU003,2024-07-14,32,258503.36000000002,0,0,8078.2300000000005,28,7,2024,Monsoon,Kitchen,Cushion,2023-12-22,589.48,8078.23,29,False
SKU003,2024-07-21,28,226190.44,0,0,8078.2300000000005,29,7,2024,Monsoon,Kitchen,Cushion,2023-12-22,589.48,8078.23,30,False
SKU003,2024-07-28,42,339285.66000000003,0,0,8078.2300000000005,30,7,2024,Monsoon,Kitchen,Cushion,2023-12-22,589.48,8078.23,31,False
SKU003,2024-08-04,45,363520.35,0,0,8078.2300000000005,31,8,2024,Monsoon,Kitchen,Cushion,2023-12-22,589.48,8078.23,32,False
SKU003,2024-08-11,35,282738.05,0,0,8078.2300000000005,32,8,2024,Monsoon,Kitchen,Cushion,2023-12-22,589.48,8078.23,33,False
SKU003,2024-08-18,37,298894.51,0,1,8078.2300000000005,33,8,2024,Monsoon,Kitchen,Cushion,2023-12-22,589.48,8078.23,34,False
SKU003,2024-08-25,38,306972.74,0,0,8078.2300000000005,34,8,2024,Monsoon,Kitchen,Cushion,2023-12-22,589.48,8078.23,35,False
SKU003,2024-09-01,40,323129.2,1,0,8078.2300000000005,35,9,2024,Monsoon,Kitchen,Cushion,2023-12-22,589.48,8078.23,36,False
SKU003,2024-09-08,38,306972.74,2,0,8078.2300000000005,36,9,2024,Monsoon,Kitchen,Cushion,2023-12-22,589.48,8078.23,37,False
SKU003,2024-09-15,30,242346.9,2,0,8078.2300000000005,37,9,2024,Monsoon,Kitchen,Cushion,2023-12-22,589.48,8078.23,38,False
SKU003,2024-09-22,41,331207.43,2,0,8078.2300000000005,38,9,2024,Monsoon,Kitchen,Cushion,2023-12-22,589.48,8078.23,39,False
SKU003,2024-09-29,32,258503.36000000002,2,0,8078.2300000000005,39,9,2024,Monsoon,Kitchen,Cushion,2023-12-22,589.48,8078.23,40,False
SKU003,2024-10-06,32,258503.36,0,0,8078.2300000000005,40,10,2024,Autumn,Kitchen,Cushion,2023-12-22,589.48,8078.23,41,False
SKU003,2024-10-13,34,274659.82,0,0,8078.2300000000005,41,10,2024,Autumn,Kitchen,Cushion,2023-12-22,589.48,8078.23,42,False
SKU003,2024-10-20,27,218112.21,0,0,8078.2300000000005,42,10,2024,Autumn,Kitchen,Cushion,2023-12-22,589.48,8078.23,43,False
SKU003,2024-10-27,35,282738.05,0,0,8078.2300000000005,43,10,2024,Autumn,Kitchen,Cushion,2023-12-22,589.48,8078.23,44,False
SKU003,2024-11-03,17,137329.91,2,1,8078.2300000000005,44,11,2024,Autumn,Kitchen,Cushion,2023-12-22,589.48,8078.23,45,False
SKU003,2024-11-10,41,331207.43,2,0,8078.2300000000005,45,11,2024,Autumn,Kitchen,Cushion,2023-12-22,589.48,8078.23,46,False
SKU003,2024-11-17,38,306972.74,2,0,8078.2300000000005,46,11,2024,Autumn,Kitchen,Cushion,2023-12-22,589.48,8078.23,47,False
SKU003,2024-11-24,39,315050.97,2,0,8078.2300000000005,47,11,2024,Autumn,Kitchen,Cushion,2023-12-22,589.48,8078.23,48,False
SKU003,2024-12-01,36,290816.28,1,0,8078.2300000000005,48,12,2024,Winter,Kitchen,Cushion,2023-12-22,589.48,8078.23,49,False
SKU003,2024-12-08,38,306972.74,0,0,8078.2300000000005,49,12,2024,Winter,Kitchen,Cushion,2023-12-22,589.48,8078.23,50,False
SKU003,2024-12-15,23,185799.29,0,0,8078.2300000000005,50,12,2024,Winter,Kitchen,Cushion,2023-12-22,589.48,8078.23,51,False
SKU003,2024-12-22,48,387755.04,0,0,8078.2300000000005,51,12,2024,Winter,Kitchen,Cushion,2023-12-22,589.48,8078.23,52,False
SKU003,2024-12-29,30,242346.9,0,1,8078.2300000000005,52,12,2024,Winter,Kitchen,Cushion,2023-12-22,589.48,8078.23,53,False
SKU003,2025-01-05,32,258503.36,0,0,8078.2300000000005,1,1,2025,Winter,Kitchen,Cushion,2023-12-22,589.48,8078.23,54,False
SKU003,2025-01-12,34,274659.82,0,0,8078.2300000000005,2,1,2025,Winter,Kitchen,Cushion,2023-12-22,589.48,8078.23,55,False
SKU003,2025-01-19,41,331207.43,0,0,8078.2300000000005,3,1,2025,Winter,Kitchen,Cushion,2023-12-22,589.48,8078.23,56,False
SKU003,2025-01-26,23,185799.29,0,1,8078.2300000000005,4,1,2025,Winter,Kitchen,Cushion,2023-12-22,589.48,8078.23,57,False
SKU003,2025-02-02,40,323129.2,0,0,8078.2300000000005,5,2,2025,Winter,Kitchen,Cushion,2023-12-22,589.48,8078.23,58,False
SKU003,2025-02-09,34,274659.82,0,0,8078.2300000000005,6,2,2025,Winter,Kitchen,Cushion,2023-12-22,589.48,8078.23,59,False
SKU003,2025-02-16,47,379676.81,0,0,8078.2300000000005,7,2,2025,Winter,Kitchen,Cushion,2023-12-22,589.48,8078.23,60,False
SKU003,2025-02-23,45,363520.35,0,0,8078.2300000000005,8,2,2025,Winter,Kitchen,Cushion,2023-12-22,589.48,8078.23,61,False
SKU003,2025-03-02,54,436224.42,2,0,8078.2300000000005,9,3,2025,Spring,Kitchen,Cushion,2023-12-22,589.48,8078.23,62,False
SKU003,2025-03-09,44,355442.12,2,0,8078.2300000000005,10,3,2025,Spring,Kitchen,Cushion,2023-12-22,589.48,8078.23,63,False
SKU003,2025-03-16,57,460459.11000000004,2,0,8078.2300000000005,11,3,2025,Spring,Kitchen,Cushion,2023-12-22,589.48,8078.23,64,False
SKU003,2025-03-23,69,557397.87,2,0,8078.2300000000005,12,3,2025,Spring,Kitchen,Cushion,2023-12-22,589.48,8078.23,65,False
SKU003,2025-03-30,50,403911.5,2,0,8078.2300000000005,13,3,2025,Spring,Kitchen,Cushion,2023-12-22,589.48,8078.23,66,False
SKU003,2025-04-06,38,306972.74,0,0,8078.2300000000005,14,4,2025,Spring,Kitchen,Cushion,2023-12-22,589.48,8078.23,67,False
SKU003,2025-04-13,48,387755.04000000004,0,0,8078.2300000000005,15,4,2025,Spring,Kitchen,Cushion,2023-12-22,589.48,8078.23,68,False
SKU003,2025-04-20,48,387755.04000000004,0,0,8078.2300000000005,16,4,2025,Spring,Kitchen,Cushion,2023-12-22,589.48,8078.23,69,False
SKU003,2025-04-27,49,395833.27,0,0,8078.2300000000005,17,4,2025,Spring,Kitchen,Cushion,2023-12-22,589.48,8078.23,70,False
SKU003,2025-05-04,41,331207.43,0,0,8078.2300000000005,18,5,2025,Summer,Kitchen,Cushion,2023-12-22,589.48,8078.23,71,False
SKU003,2025-05-11,50,403911.5,0,0,8078.2300000000005,19,5,2025,Summer,Kitchen,Cushion,2023-12-22,589.48,8078.23,72,False
SKU003,2025-05-18,41,331207.43,0,0,8078.2300000000005,20,5,2025,Summer,Kitchen,Cushion,2023-12-22,589.48,8078.23,73,False
SKU003,2025-05-25,43,347363.89,0,0,8078.2300000000005,21,5,2025,Summer,Kitchen,Cushion,2023-12-22,589.48,8078.23,74,False
SKU003,2025-06-01,45,363520.35,1,0,8078.2300000000005,22,6,2025,Summer,Kitchen,Cushion,2023-12-22,589.48,8078.23,75,False
SKU003,2025-06-08,50,403911.5,2,0,8078.2300000000005,23,6,2025,Summer,Kitchen,Cushion,2023-12-22,589.48,8078.23,76,False
SKU003,2025-06-15,53,428146.19,2,0,8078.2300000000005,24,6,2025,Summer,Kitchen,Cushion,2023-12-22,589.48,8078.23,77,False
SKU003,2025-06-22,48,387755.04000000004,2,0,8078.2300000000005,25,6,2025,Summer,Kitchen,Cushion,2023-12-22,589.48,8078.23,78,False
SKU003,2025-06-29,44,355442.12,2,0,8078.2300000000005,26,6,2025,Summer,Kitchen,Cushion,2023-12-22,589.48,8078.23,79,False
SKU003,2025-07-06,42,339285.66,0,0,8078.2300000000005,27,7,2025,Monsoon,Kitchen,Cushion,2023-12-22,589.48,8078.23,80,False
SKU003,2025-07-13,44,355442.12,0,0,8078.2300000000005,28,7,2025,Monsoon,Kitchen,Cushion,2023-12-22,589.48,8078.23,81,False
SKU003,2025-07-20,37,298894.51,0,0,8078.2300000000005,29,7,2025,Monsoon,Kitchen,Cushion,2023-12-22,589.48,8078.23,82,False
SKU003,2025-07-27,41,331207.43,0,0,8078.2300000000005,30,7,2025,Monsoon,Kitchen,Cushion,2023-12-22,589.48,8078.23,83,False
SKU003,2025-08-03,26,210033.98,0,0,8078.2300000000005,31,8,2025,Monsoon,Kitchen,Cushion,2023-12-22,589.48,8078.23,84,False
SKU003,2025-08-10,38,306972.74,0,0,8078.2300000000005,32,8,2025,Monsoon,Kitchen,Cushion,2023-12-22,589.48,8078.23,85,False
SKU003,2025-08-17,39,315050.97,0,1,8078.2300000000005,33,8,2025,Monsoon,Kitchen,Cushion,2023-12-22,589.48,8078.23,86,False
SKU003,2025-08-24,34,274659.82,0,0,8078.2300000000005,34,8,2025,Monsoon,Kitchen,Cushion,2023-12-22,589.48,8078.23,87,False
SKU003,2025-08-31,27,218112.21,0,0,8078.2300000000005,35,8,2025,Monsoon,Kitchen,Cushion,2023-12-22,589.48,8078.23,88,False
SKU003,2025-09-07,34,274659.82,2,0,8078.2300000000005,36,9,2025,Monsoon,Kitchen,Cushion,2023-12-22,589.48,8078.23,89,False
SKU003,2025-09-14,42,339285.66,2,0,8078.2300000000005,37,9,2025,Monsoon,Kitchen,Cushion,2023-12-22,589.48,8078.23,90,False
SKU003,2025-09-21,39,315050.97,2,0,8078.2300000000005,38,9,2025,Monsoon,Kitchen,Cushion,2023-12-22,589.48,8078.23,91,False
SKU003,2025-09-28,42,339285.66000000003,2,0,8078.2300000000005,39,9,2025,Monsoon,Kitchen,Cushion,2023-12-22,589.48,8078.23,92,False
SKU003,2025-10-05,43,347363.89,0,0,8078.2300000000005,40,10,2025,Autumn,Kitchen,Cushion,2023-12-22,589.48,8078.23,93,False
SKU003,2025-10-12,33,266581.58999999997,0,0,8078.2300000000005,41,10,2025,Autumn,Kitchen,Cushion,2023-12-22,589.48,8078.23,94,False
SKU003,2025-10-19,26,210033.97999999998,0,0,8078.2300000000005,42,10,2025,Autumn,Kitchen,Cushion,2023-12-22,589.48,8078.23,95,False
SKU003,2025-10-26,34,274659.82,0,1,8078.2300000000005,43,10,2025,Autumn,Kitchen,Cushion,2023-12-22,589.48,8078.23,96,False
SKU003,2025-11-02,41,331207.43,2,0,8078.2300000000005,44,11,2025,Autumn,Kitchen,Cushion,2023-12-22,589.48,8078.23,97,False
SKU003,2025-11-09,39,315050.97,2,0,8078.2300000000005,45,11,2025,Autumn,Kitchen,Cushion,2023-12-22,589.48,8078.23,98,False
SKU003,2025-11-16,37,298894.51,2,0,8078.2300000000005,46,11,2025,Autumn,Kitchen,Cushion,2023-12-22,589.48,8078.23,99,False
SKU003,2025-11-23,41,331207.43,2,0,8078.2300000000005,47,11,2025,Autumn,Kitchen,Cushion,2023-12-22,589.48,8078.23,100,False
SKU003,2025-11-30,29,234268.66999999998,2,0,8078.2300000000005,48,11,2025,Autumn,Kitchen,Cushion,2023-12-22,589.48,8078.23,101,False
SKU003,2025-12-07,38,306972.74,0,0,8078.2300000000005,49,12,2025,Winter,Kitchen,Cushion,2023-12-22,589.48,8078.23,102,True
SKU003,2025-12-14,33,266581.59,0,0,8078.2300000000005,50,12,2025,Winter,Kitchen,Cushion,2023-12-22,589.48,8078.23,103,True
SKU003,2025-12-21,23,185799.29,0,0,8078.2300000000005,51,12,2025,Winter,Kitchen,Cushion,2023-12-22,589.48,8078.23,104,True
SKU003,2025-12-28,34,274659.82,0,1,8078.2300000000005,52,12,2025,Winter,Kitchen,Cushion,2023-12-22,589.48,8078.23,105,True
SKU004,2024-01-07,31,212708.66999999998,0,0,6861.57,1,1,2024,Winter,Lighting,Cookware,2023-04-28,1445.74,6861.57,36,False
SKU004,2024-01-14,25,171539.25,0,0,6861.57,2,1,2024,Winter,Lighting,Cookware,2023-04-28,1445.74,6861.57,37,False
SKU004,2024-01-21,38,260739.65999999997,0,0,6861.57,3,1,2024,Winter,Lighting,Cookware,2023-04-28,1445.74,6861.57,38,False
SKU004,2024-01-28,33,226431.81,0,1,6861.57,4,1,2024,Winter,Lighting,Cookware,2023-04-28,1445.74,6861.57,39,False
SKU004,2024-02-04,43,295047.51,0,0,6861.57,5,2,2024,Winter,Lighting,Cookware,2023-04-28,1445.74,6861.57,40,False
SKU004,2024-02-11,34,233293.38,0,0,6861.57,6,2,2024,Winter,Lighting,Cookware,2023-04-28,1445.74,6861.57,41,False
SKU004,2024-02-18,35,240154.94999999998,0,0,6861.57,7,2,2024,Winter,Lighting,Cookware,2023-04-28,1445.74,6861.57,42,False
SKU004,2024-02-25,22,150954.53999999998,0,0,6861.57,8,2,2024,Winter,Lighting,Cookware,2023-04-28,1445.74,6861.57,43,False
SKU004,2024-03-03,45,308770.65,2,0,6861.57,9,3,2024,Spring,Lighting,Cookware,2023-04-28,1445.74,6861.57,44,False
SKU004,2024-03-10,40,274462.8,2,0,6861.57,10,3,2024,Spring,Lighting,Cookware,2023-04-28,1445.74,6861.57,45,False
SKU004,2024-03-17,41,281324.37,2,0,6861.57,11,3,2024,Spring,Lighting,Cookware,2023-04-28,1445.74,6861.57,46,False
SKU004,2024-03-24,36,247016.52,2,0,6861.57,12,3,2024,Spring,Lighting,Cookware,2023-04-28,1445.74,6861.57,47,False
SKU004,2024-03-31,27,185262.38999999998,2,0,6861.57,13,3,2024,Spring,Lighting,Cookware,2023-04-28,1445.74,6861.57,48,False
SKU004,2024-04-07,35,240154.94999999998,0,0,6861.57,14,4,2024,Spring,Lighting,Cookware,2023-04-28,1445.74,6861.57,49,False
SKU004,2024-04-14,30,205847.09999999998,0,0,6861.57,15,4,2024,Spring,Lighting,Cookware,2023-04-28,1445.74,6861.57,50,False
SKU004,2024-04-21,44,301909.07999999996,0,0,6861.57,16,4,2024,Spring,Lighting,Cookware,2023-04-28,1445.74,6861.57,51,False
SKU004,2024-04-28,28,192123.96,0,0,6861.57,17,4,2024,Spring,Lighting,Cookware,2023-04-28,1445.74,6861.57,52,False
SKU004,2024-05-05,37,253878.09,0,0,6861.57,18,5,2024,Summer,Lighting,Cookware,2023-04-28,1445.74,6861.57,53,False
SKU004,2024-05-12,47,322493.79,0,0,6861.57,19,5,2024,Summer,Lighting,Cookware,2023-04-28,1445.74,6861.57,54,False
SKU004,2024-05-19,54,370524.77999999997,0,0,6861.57,20,5,2024,Summer,Lighting,Cookware,2023-04-28,1445.74,6861.57,55,False
SKU004,2024-05-26,40,274462.8,0,0,6861.57,21,5,2024,Summer,Lighting,Cookware,2023-04-28,1445.74,6861.57,56,False
SKU004,2024-06-02,28,192123.96,2,0,6861.57,22,6,2024,Summer,Lighting,Cookware,2023-04-28,1445.74,6861.57,57,False
SKU004,2024-06-09,41,281324.37,2,0,6861.57,23,6,2024,Summer,Lighting,Cookware,2023-04-28,1445.74,6861.57,58,False
SKU004,2024-06-16,40,274462.8,2,0,6861.57,24,6,2024,Summer,Lighting,Cookware,2023-04-28,1445.74,6861.57,59,False
SKU004,2024-06-23,37,253878.09,2,0,6861.57,25,6,2024,Summer,Lighting,Cookware,2023-04-28,1445.74,6861.57,60,False
SKU004,2024-06-30,34,233293.38,2,0,6861.57,26,6,2024,Summer,Lighting,Cookware,2023-04-28,1445.74,6861.57,61,False
SKU004,2024-07-07,28,192123.96,0,0,6861.57,27,7,2024,Monsoon,Lighting,Cookware,2023-04-28,1445.74,6861.57,62,False
SKU004,2024-07-14,33,226431.81,0,0,6861.57,28,7,2024,Monsoon,Lighting,Cookware,2023-04-28,1445.74,6861.57,63,False
SKU004,2024-07-21,35,240154.94999999998,0,0,6861.57,29,7,2024,Monsoon,Lighting,Cookware,2023-04-28,1445.74,6861.57,64,False
SKU004,2024-07-28,32,219570.24,0,0,6861.57,30,7,2024,Monsoon,Lighting,Cookware,2023-04-28,1445.74,6861.57,65,False
SKU004,2024-08-04,32,219570.24,0,0,6861.57,31,8,2024,Monsoon,Lighting,Cookware,2023-04-28,1445.74,6861.57,66,False
SKU004,2024-08-11,33,226431.81,0,0,6861.57,32,8,2024,Monsoon,Lighting,Cookware,2023-04-28,1445.74,6861.57,67,False
SKU004,2024-08-18,30,205847.09999999998,0,1,6861.57,33,8,2024,Monsoon,Lighting,Cookware,2023-04-28,1445.74,6861.57,68,False
SKU004,2024-08-25,29,198985.53,0,0,6861.57,34,8,2024,Monsoon,Lighting,Cookware,2023-04-28,1445.74,6861.57,69,False
SKU004,2024-09-01,22,150954.53999999998,1,0,6861.57,35,9,2024,Monsoon,Lighting,Cookware,2023-04-28,1445.74,6861.57,70,False
SKU004,2024-09-08,30,205847.09999999998,2,0,6861.57,36,9,2024,Monsoon,Lighting,Cookware,2023-04-28,1445.74,6861.57,71,False
SKU004,2024-09-15,34,233293.38,2,0,6861.57,37,9,2024,Monsoon,Lighting,Cookware,2023-04-28,1445.74,6861.57,72,False
SKU004,2024-09-22,29,198985.53,2,0,6861.57,38,9,2024,Monsoon,Lighting,Cookware,2023-04-28,1445.74,6861.57,73,False
SKU004,2024-09-29,26,178400.82,2,0,6861.57,39,9,2024,Monsoon,Lighting,Cookware,2023-04-28,1445.74,6861.57,74,False
SKU004,2024-10-06,26,178400.82,0,0,6861.57,40,10,2024,Autumn,Lighting,Cookware,2023-04-28,1445.74,6861.57,75,False
SKU004,2024-10-13,29,198985.53,0,0,6861.57,41,10,2024,Autumn,Lighting,Cookware,2023-04-28,1445.74,6861.57,76,False
SKU004,2024-10-20,29,198985.53,0,0,6861.57,42,10,2024,Autumn,Lighting,Cookware,2023-04-28,1445.74,6861.57,77,False
SKU004,2024-10-27,26,178400.82,0,0,6861.57,43,10,2024,Autumn,Lighting,Cookware,2023-04-28,1445.74,6861.57,78,False
SKU004,2024-11-03,32,219570.24,2,1,6861.57,44,11,2024,Autumn,Lighting,Cookware,2023-04-28,1445.74,6861.57,79,False
SKU004,2024-11-10,29,198985.53,2,0,6861.57,45,11,2024,Autumn,Lighting,Cookware,2023-04-28,1445.74,6861.57,80,False
SKU004,2024-11-17,26,178400.82,2,0,6861.57,46,11,2024,Autumn,Lighting,Cookware,2023-04-28,1445.74,6861.57,81,False
SKU004,2024-11-24,19,130369.82999999999,2,0,6861.57,47,11,2024,Autumn,Lighting,Cookware,2023-04-28,1445.74,6861.57,82,False
SKU004,2024-12-01,24,164677.68,1,0,6861.57,48,12,2024,Winter,Lighting,Cookware,2023-04-28,1445.74,6861.57,83,False
SKU004,2024-12-08,30,205847.09999999998,0,0,6861.57,49,12,2024,Winter,Lighting,Cookware,2023-04-28,1445.74,6861.57,84,False
SKU004,2024-12-15,33,226431.81,0,0,6861.57,50,12,2024,Winter,Lighting,Cookware,2023-04-28,1445.74,6861.57,85,False
SKU004,2024-12-22,27,185262.38999999998,0,0,6861.57,51,12,2024,Winter,Lighting,Cookware,2023-04-28,1445.74,6861.57,86,False
SKU004,2024-12-29,28,192123.96,0,1,6861.57,52,12,2024,Winter,Lighting,Cookware,2023-04-28,1445.74,6861.57,87,False
SKU004,2025-01-05,37,253878.09,0,0,6861.57,1,1,2025,Winter,Lighting,Cookware,2023-04-28,1445.74,6861.57,88,False
SKU004,2025-01-12,35,240154.94999999998,0,0,6861.57,2,1,2025,Winter,Lighting,Cookware,2023-04-28,1445.74,6861.57,89,False
SKU004,2025-01-19,24,164677.68,0,0,6861.57,3,1,2025,Winter,Lighting,Cookware,2023-04-28,1445.74,6861.57,90,False
SKU004,2025-01-26,38,260739.65999999997,0,1,6861.57,4,1,2025,Winter,Lighting,Cookware,2023-04-28,1445.74,6861.57,91,False
SKU004,2025-02-02,34,233293.38,0,0,6861.57,5,2,2025,Winter,Lighting,Cookware,2023-04-28,1445.74,6861.57,92,False
SKU004,2025-02-09,32,219570.24,0,0,6861.57,6,2,2025,Winter,Lighting,Cookware,2023-04-28,1445.74,6861.57,93,False
SKU004,2025-02-16,37,253878.09,0,0,6861.57,7,2,2025,Winter,Lighting,Cookware,2023-04-28,1445.74,6861.57,94,False
SKU004,2025-02-23,33,226431.81,0,0,6861.57,8,2,2025,Winter,Lighting,Cookware,2023-04-28,1445.74,6861.57,95,False
SKU004,2025-03-02,50,343078.5,2,0,6861.57,9,3,2025,Spring,Lighting,Cookware,2023-04-28,1445.74,6861.57,96,False
SKU004,2025-03-09,36,247016.52,2,0,6861.57,10,3,2025,Spring,Lighting,Cookware,2023-04-28,1445.74,6861.57,97,False
SKU004,2025-03-16,35,240154.94999999998,2,0,6861.57,11,3,2025,Spring,Lighting,Cookware,2023-04-28,1445.74,6861.57,98,False
SKU004,2025-03-23,39,267601.23,2,0,6861.57,12,3,2025,Spring,Lighting,Cookware,2023-04-28,1445.74,6861.57,99,False
SKU004,2025-03-30,43,295047.51,2,0,6861.57,13,3,2025,Spring,Lighting,Cookware,2023-04-28,1445.74,6861.57,100,False
SKU004,2025-04-06,22,150954.53999999998,0,0,6861.57,14,4,2025,Spring,Lighting,Cookware,2023-04-28,1445.74,6861.57,101,False
SKU004,2025-04-13,39,267601.23,0,0,6861.57,15,4,2025,Spring,Lighting,Cookware,2023-04-28,1445.74,6861.57,102,False
SKU004,2025-04-20,45,308770.64999999997,0,0,6861.57,16,4,2025,Spring,Lighting,Cookware,2023-04-28,1445.74,6861.57,103,False
SKU004,2025-04-27,41,281324.37,0,0,6861.57,17,4,2025,Spring,Lighting,Cookware,2023-04-28,1445.74,6861.57,104,False
SKU004,2025-05-04,31,212708.66999999998,0,0,6861.57,18,5,2025,Summer,Lighting,Cookware,2023-04-28,1445.74,6861.57,105,False
SKU004,2025-05-11,34,233293.38,0,0,6861.57,19,5,2025,Summer,Lighting,Cookware,2023-04-28,1445.74,6861.57,106,False
SKU004,2025-05-18,33,226431.81,0,0,6861.57,20,5,2025,Summer,Lighting,Cookware,2023-04-28,1445.74,6861.57,107,False
SKU004,2025-05-25,38,260739.65999999997,0,0,6861.57,21,5,2025,Summer,Lighting,Cookware,2023-04-28,1445.74,6861.57,108,False
SKU004,2025-06-01,30,205847.09999999998,1,0,6861.57,22,6,2025,Summer,Lighting,Cookware,2023-04-28,1445.74,6861.57,109,False
SKU004,2025-06-08,28,192123.96,2,0,6861.57,23,6,2025,Summer,Lighting,Cookware,2023-04-28,1445.74,6861.57,110,False
SKU004,2025-06-15,29,198985.53,2,0,6861.57,24,6,2025,Summer,Lighting,Cookware,2023-04-28,1445.74,6861.57,111,False
SKU004,2025-06-22,48,329355.36,2,0,6861.57,25,6,2025,Summer,Lighting,Cookware,2023-04-28,1445.74,6861.57,112,False
SKU004,2025-06-29,31,212708.66999999998,2,0,6861.57,26,6,2025,Summer,Lighting,Cookware,2023-04-28,1445.74,6861.57,113,False
SKU004,2025-07-06,27,185262.38999999998,0,0,6861.57,27,7,2025,Monsoon,Lighting,Cookware,2023-04-28,1445.74,6861.57,114,False
SKU004,2025-07-13,32,219570.24,0,0,6861.57,28,7,2025,Monsoon,Lighting,Cookware,2023-04-28,1445.74,6861.57,115,False
SKU004,2025-07-20,34,233293.38,0,0,6861.57,29,7,2025,Monsoon,Lighting,Cookware,2023-04-28,1445.74,6861.57,116,False
SKU004,2025-07-27,29,198985.53,0,0,6861.57,30,7,2025,Monsoon,Lighting,Cookware,2023-04-28,1445.74,6861.57,117,False
SKU004,2025-08-03,33,226431.81,0,0,6861.57,31,8,2025,Monsoon,Lighting,Cookware,2023-04-28,1445.74,6861.57,118,False
SKU004,2025-08-10,26,178400.82,0,0,6861.57,32,8,2025,Monsoon,Lighting,Cookware,2023-04-28,1445.74,6861.57,119,False
SKU004,2025-08-17,26,178400.82,0,1,6861.57,33,8,2025,Monsoon,Lighting,Cookware,2023-04-28,1445.74,6861.57,120,False
SKU004,2025-08-24,18,123508.26,0,0,6861.57,34,8,2025,Monsoon,Lighting,Cookware,2023-04-28,1445.74,6861.57,121,False
SKU004,2025-08-31,36,247016.52,0,0,6861.57,35,8,2025,Monsoon,Lighting,Cookware,2023-04-28,1445.74,6861.57,122,False
SKU004,2025-09-07,38,260739.65999999997,2,0,6861.57,36,9,2025,Monsoon,Lighting,Cookware,2023-04-28,1445.74,6861.57,123,False
SKU004,2025-09-14,29,198985.53,2,0,6861.57,37,9,2025,Monsoon,Lighting,Cookware,2023-04-28,1445.74,6861.57,124,False
SKU004,2025-09-21,26,178400.82,2,0,6861.57,38,9,2025,Monsoon,Lighting,Cookware,2023-04-28,1445.74,6861.57,125,False
SKU004,2025-09-28,28,192123.96,2,0,6861.57,39,9,2025,Monsoon,Lighting,Cookware,2023-04-28,1445.74,6861.57,126,False
SKU004,2025-10-05,23,157816.11,0,0,6861.57,40,10,2025,Autumn,Lighting,Cookware,2023-04-28,1445.74,6861.57,127,False
SKU004,2025-10-12,28,192123.96,0,0,6861.57,41,10,2025,Autumn,Lighting,Cookware,2023-04-28,1445.74,6861.57,128,False
SKU004,2025-10-19,24,164677.68,0,0,6861.57,42,10,2025,Autumn,Lighting,Cookware,2023-04-28,1445.74,6861.57,129,False
SKU004,2025-10-26,24,164677.68,0,1,6861.57,43,10,2025,Autumn,Lighting,Cookware,2023-04-28,1445.74,6861.57,130,False
SKU004,2025-11-02,32,219570.24,2,0,6861.57,44,11,2025,Autumn,Lighting,Cookware,2023-04-28,1445.74,6861.57,131,False
SKU004,2025-11-09,27,185262.38999999998,2,0,6861.57,45,11,2025,Autumn,Lighting,Cookware,2023-04-28,1445.74,6861.57,132,False
SKU004,2025-11-16,31,212708.66999999998,2,0,6861.57,46,11,2025,Autumn,Lighting,Cookware,2023-04-28,1445.74,6861.57,133,False
SKU004,2025-11-23,28,192123.96,2,0,6861.57,47,11,2025,Autumn,Lighting,Cookware,2023-04-28,1445.74,6861.57,134,False
SKU004,2025-11-30,22,150954.53999999998,2,0,6861.57,48,11,2025,Autumn,Lighting,Cookware,2023-04-28,1445.74,6861.57,135,False
SKU004,2025-12-07,28,192123.96,0,0,6861.57,49,12,2025,Winter,Lighting,Cookware,2023-04-28,1445.74,6861.57,136,True
SKU004,2025-12-14,39,267601.23,0,0,6861.57,50,12,2025,Winter,Lighting,Cookware,2023-04-28,1445.74,6861.57,137,True
SKU004,2025-12-21,38,260739.65999999997,0,0,6861.57,51,12,2025,Winter,Lighting,Cookware,2023-04-28,1445.74,6861.57,138,True
SKU004,2025-12-28,30,205847.09999999998,0,1,6861.57,52,12,2025,Winter,Lighting,Cookware,2023-04-28,1445.74,6861.57,139,True
SKU005,2024-01-07,109,1034760.98,0,0,9493.22,1,1,2024,Winter,Storage,Lamp,2023-04-22,5543.63,9493.22,37,False
SKU005,2024-01-14,116,1101213.52,0,0,9493.22,2,1,2024,Winter,Storage,Lamp,2023-04-22,5543.63,9493.22,38,False
SKU005,2024-01-21,108,1025267.76,0,0,9493.22,3,1,2024,Winter,Storage,Lamp,2023-04-22,5543.63,9493.22,39,False
SKU005,2024-01-28,102,968308.44,0,1,9493.22,4,1,2024,Winter,Storage,Lamp,2023-04-22,5543.63,9493.22,40,False
SKU005,2024-02-04,129,1224625.38,0,0,9493.22,5,2,2024,Winter,Storage,Lamp,2023-04-22,5543.63,9493.22,41,False
SKU005,2024-02-11,135,1281584.7,0,0,9493.22,6,2,2024,Winter,Storage,Lamp,2023-04-22,5543.63,9493.22,42,False
SKU005,2024-02-18,144,1367023.68,0,0,9493.22,7,2,2024,Winter,Storage,Lamp,2023-04-22,5543.63,9493.22,43,False
SKU005,2024-02-25,124,1177159.28,0,0,9493.22,8,2,2024,Winter,Storage,Lamp,2023-04-22,5543.63,9493.22,44,False
SKU005,2024-03-03,134,1272091.48,2,0,9493.22,9,3,2024,Spring,Storage,Lamp,2023-04-22,5543.63,9493.22,45,False
SKU005,2024-03-10,147,1395503.3399999999,2,0,9493.22,10,3,2024,Spring,Storage,Lamp,2023-04-22,5543.63,9493.22,46,False
SKU005,2024-03-17,144,1367023.68,2,0,9493.22,11,3,2024,Spring,Storage,Lamp,2023-04-22,5543.63,9493.22,47,False
SKU005,2024-03-24,151,1433476.22,2,0,9493.22,12,3,2024,Spring,Storage,Lamp,2023-04-22,5543.63,9493.22,48,False
SKU005,2024-03-31,126,1196145.72,2,0,9493.22,13,3,2024,Spring,Storage,Lamp,2023-04-22,5543.63,9493.22,49,False
SKU005,2024-04-07,138,1310064.3599999999,0,0,9493.22,14,4,2024,Spring,Storage,Lamp,2023-04-22,5543.63,9493.22,50,False
SKU005,2024-04-14,113,1072733.8599999999,0,0,9493.22,15,4,2024,Spring,Storage,Lamp,2023-04-22,5543.63,9493.22,51,False
SKU005,2024-04-21,140,1329050.8,0,0,9493.22,16,4,2024,Spring,Storage,Lamp,2023-04-22,5543.63,9493.22,52,False
SKU005,2024-04-28,113,1072733.8599999999,0,0,9493.22,17,4,2024,Spring,Storage,Lamp,2023-04-22,5543.63,9493.22,53,False
SKU005,2024-05-05,122,1158172.8399999999,0,0,9493.22,18,5,2024,Summer,Storage,Lamp,2023-04-22,5543.63,9493.22,54,False
SKU005,2024-05-12,142,1348037.24,0,0,9493.22,19,5,2024,Summer,Storage,Lamp,2023-04-22,5543.63,9493.22,55,False
SKU005,2024-05-19,122,1158172.8399999999,0,0,9493.22,20,5,2024,Summer,Storage,Lamp,2023-04-22,5543.63,9493.22,56,False
SKU005,2024-05-26,118,1120199.96,0,0,9493.22,21,5,2024,Summer,Storage,Lamp,2023-04-22,5543.63,9493.22,57,False
SKU005,2024-06-02,124,1177159.28,2,0,9493.22,22,6,2024,Summer,Storage,Lamp,2023-04-22,5543.63,9493.22,58,False
SKU005,2024-06-09,157,1490435.54,2,0,9493.22,23,6,2024,Summer,Storage,Lamp,2023-04-22,5543.63,9493.22,59,False
SKU005,2024-06-16,138,1310064.3599999999,2,0,9493.22,24,6,2024,Summer,Storage,Lamp,2023-04-22,5543.63,9493.22,60,False
SKU005,2024-06-23,149,1414489.78,2,0,9493.22,25,6,2024,Summer,Storage,Lamp,2023-04-22,5543.63,9493.22,61,False
SKU005,2024-06-30,145,1376516.9,2,0,9493.22,26,6,2024,Summer,Storage,Lamp,2023-04-22,5543.63,9493.22,62,False
SKU005,2024-07-07,105,996788.0999999999,0,0,9493.22,27,7,2024,Monsoon,Storage,Lamp,2023-04-22,5543.63,9493.22,63,False
SKU005,2024-07-14,114,1082227.08,0,0,9493.22,28,7,2024,Monsoon,Storage,Lamp,2023-04-22,5543.63,9493.22,64,False
SKU005,2024-07-21,109,1034760.98,0,0,9493.22,29,7,2024,Monsoon,Storage,Lamp,2023-04-22,5543.63,9493.22,65,False
SKU005,2024-07-28,114,1082227.0799999998,0,0,9493.22,30,7,2024,Monsoon,Storage,Lamp,2023-04-22,5543.63,9493.22,66,False
SKU005,2024-08-04,108,1025267.7599999999,0,0,9493.22,31,8,2024,Monsoon,Storage,Lamp,2023-04-22,5543.63,9493.22,67,False
SKU005,2024-08-11,95,901855.8999999999,0,0,9493.22,32,8,2024,Monsoon,Storage,Lamp,2023-04-22,5543.63,9493.22,68,False
SKU005,2024-08-18,103,977801.6599999999,0,1,9493.22,33,8,2024,Monsoon,Storage,Lamp,2023-04-22,5543.63,9493.22,69,False
SKU005,2024-08-25,113,1072733.8599999999,0,0,9493.22,34,8,2024,Monsoon,Storage,Lamp,2023-04-22,5543.63,9493.22,70,False
SKU005,2024-09-01,122,1158172.8399999999,1,0,9493.22,35,9,2024,Monsoon,Storage,Lamp,2023-04-22,5543.63,9493.22,71,False
SKU005,2024-09-08,113,1072733.8599999999,2,0,9493.22,36,9,2024,Monsoon,Storage,Lamp,2023-04-22,5543.63,9493.22,72,False
SKU005,2024-09-15,104,987294.8799999999,2,0,9493.22,37,9,2024,Monsoon,Storage,Lamp,2023-04-22,5543.63,9493.22,73,False
SKU005,2024-09-22,95,901855.8999999999,2,0,9493.22,38,9,2024,Monsoon,Storage,Lamp,2023-04-22,5543.63,9493.22,74,False
SKU005,2024-09-29,108,1025267.76,2,0,9493.22,39,9,2024,Monsoon,Storage,Lamp,2023-04-22,5543.63,9493.22,75,False
SKU005,2024-10-06,86,816416.9199999999,0,0,9493.22,40,10,2024,Autumn,Storage,Lamp,2023-04-22,5543.63,9493.22,76,False
SKU005,2024-10-13,96,911349.1199999999,0,0,9493.22,41,10,2024,Autumn,Storage,Lamp,2023-04-22,5543.63,9493.22,77,False
SKU005,2024-10-20,92,873376.24,0,0,9493.22,42,10,2024,Autumn,Storage,Lamp,2023-04-22,5543.63,9493.22,78,False
SKU005,2024-10-27,85,806923.7,0,0,9493.22,43,10,2024,Autumn,Storage,Lamp,2023-04-22,5543.63,9493.22,79,False
SKU005,2024-11-03,109,1034760.98,2,1,9493.22,44,11,2024,Autumn,Storage,Lamp,2023-04-22,5543.63,9493.22,80,False
SKU005,2024-11-10,109,1034760.98,2,0,9493.22,45,11,2024,Autumn,Storage,Lamp,2023-04-22,5543.63,9493.22,81,False
SKU005,2024-11-17,123,1167666.06,2,0,9493.22,46,11,2024,Autumn,Storage,Lamp,2023-04-22,5543.63,9493.22,82,False
SKU005,2024-11-24,104,987294.8799999999,2,0,9493.22,47,11,2024,Autumn,Storage,Lamp,2023-04-22,5543.63,9493.22,83,False
SKU005,2024-12-01,79,749964.38,1,0,9493.22,48,12,2024,Winter,Storage,Lamp,2023-04-22,5543.63,9493.22,84,False
SKU005,2024-12-08,95,901855.8999999999,0,0,9493.22,49,12,2024,Winter,Storage,Lamp,2023-04-22,5543.63,9493.22,85,False
SKU005,2024-12-15,107,1015774.5399999999,0,0,9493.22,50,12,2024,Winter,Storage,Lamp,2023-04-22,5543.63,9493.22,86,False
SKU005,2024-12-22,110,1044254.2,0,0,9493.22,51,12,2024,Winter,Storage,Lamp,2023-04-22,5543.63,9493.22,87,False
SKU005,2024-12-29,106,1006281.32,0,1,9493.22,52,12,2024,Winter,Storage,Lamp,2023-04-22,5543.63,9493.22,88,False
SKU005,2025-01-05,111,1053747.42,0,0,9493.22,1,1,2025,Winter,Storage,Lamp,2023-04-22,5543.63,9493.22,89,False
SKU005,2025-01-12,97,920842.34,0,0,9493.22,2,1,2025,Winter,Storage,Lamp,2023-04-22,5543.63,9493.22,90,False
SKU005,2025-01-19,133,1262598.26,0,0,9493.22,3,1,2025,Winter,Storage,Lamp,2023-04-22,5543.63,9493.22,91,False
SKU005,2025-01-26,110,1044254.2,0,1,9493.22,4,1,2025,Winter,Storage,Lamp,2023-04-22,5543.63,9493.22,92,False
SKU005,2025-02-02,107,1015774.54,0,0,9493.22,5,2,2025,Winter,Storage,Lamp,2023-04-22,5543.63,9493.22,93,False
SKU005,2025-02-09,123,1167666.06,0,0,9493.22,6,2,2025,Winter,Storage,Lamp,2023-04-22,5543.63,9493.22,94,False
SKU005,2025-02-16,132,1253105.04,0,0,9493.22,7,2,2025,Winter,Storage,Lamp,2023-04-22,5543.63,9493.22,95,False
SKU005,2025-02-23,139,1319557.58,0,0,9493.22,8,2,2025,Winter,Storage,Lamp,2023-04-22,5543.63,9493.22,96,False
SKU005,2025-03-02,160,1518915.2,2,0,9493.22,9,3,2025,Spring,Storage,Lamp,2023-04-22,5543.63,9493.22,97,False
SKU005,2025-03-09,140,1329050.7999999998,2,0,9493.22,10,3,2025,Spring,Storage,Lamp,2023-04-22,5543.63,9493.22,98,False
SKU005,2025-03-16,142,1348037.24,2,0,9493.22,11,3,2025,Spring,Storage,Lamp,2023-04-22,5543.63,9493.22,99,False
SKU005,2025-03-23,144,1367023.68,2,0,9493.22,12,3,2025,Spring,Storage,Lamp,2023-04-22,5543.63,9493.22,100,False
SKU005,2025-03-30,134,1272091.48,2,0,9493.22,13,3,2025,Spring,Storage,Lamp,2023-04-22,5543.63,9493.22,101,False
SKU005,2025-04-06,142,1348037.24,0,0,9493.22,14,4,2025,Spring,Storage,Lamp,2023-04-22,5543.63,9493.22,102,False
SKU005,2025-04-13,132,1253105.04,0,0,9493.22,15,4,2025,Spring,Storage,Lamp,2023-04-22,5543.63,9493.22,103,False
SKU005,2025-04-20,134,1272091.48,0,0,9493.22,16,4,2025,Spring,Storage,Lamp,2023-04-22,5543.63,9493.22,104,False
SKU005,2025-04-27,141,1338544.02,0,0,9493.22,17,4,2025,Spring,Storage,Lamp,2023-04-22,5543.63,9493.22,105,False
SKU005,2025-05-04,116,1101213.52,0,0,9493.22,18,5,2025,Summer,Storage,Lamp,2023-04-22,5543.63,9493.22,106,False
SKU005,2025-05-11,117,1110706.74,0,0,9493.22,19,5,2025,Summer,Storage,Lamp,2023-04-22,5543.63,9493.22,107,False
SKU005,2025-05-18,122,1158172.8399999999,0,0,9493.22,20,5,2025,Summer,Storage,Lamp,2023-04-22,5543.63,9493.22,108,False
SKU005,2025-05-25,137,1300571.14,0,0,9493.22,21,5,2025,Summer,Storage,Lamp,2023-04-22,5543.63,9493.22,109,False
SKU005,2025-06-01,130,1234118.5999999999,1,0,9493.22,22,6,2025,Summer,Storage,Lamp,2023-04-22,5543.63,9493.22,110,False
SKU005,2025-06-08,140,1329050.7999999998,2,0,9493.22,23,6,2025,Summer,Storage,Lamp,2023-04-22,5543.63,9493.22,111,False
SKU005,2025-06-15,133,1262598.26,2,0,9493.22,24,6,2025,Summer,Storage,Lamp,2023-04-22,5543.63,9493.22,112,False
SKU005,2025-06-22,116,1101213.52,2,0,9493.22,25,6,2025,Summer,Storage,Lamp,2023-04-22,5543.63,9493.22,113,False
SKU005,2025-06-29,134,1272091.48,2,0,9493.22,26,6,2025,Summer,Storage,Lamp,2023-04-22,5543.63,9493.22,114,False
SKU005,2025-07-06,99,939828.78,0,0,9493.22,27,7,2025,Monsoon,Storage,Lamp,2023-04-22,5543.63,9493.22,115,False
SKU005,2025-07-13,104,987294.8799999999,0,0,9493.22,28,7,2025,Monsoon,Storage,Lamp,2023-04-22,5543.63,9493.22,116,False
SKU005,2025-07-20,106,1006281.32,0,0,9493.22,29,7,2025,Monsoon,Storage,Lamp,2023-04-22,5543.63,9493.22,117,False
SKU005,2025-07-27,124,1177159.28,0,0,9493.22,30,7,2025,Monsoon,Storage,Lamp,2023-04-22,5543.63,9493.22,118,False
SKU005,2025-08-03,115,1091720.3,0,0,9493.22,31,8,2025,Monsoon,Storage,Lamp,2023-04-22,5543.63,9493.22,119,False
SKU005,2025-08-10,96,911349.1199999999,0,0,9493.22,32,8,2025,Monsoon,Storage,Lamp,2023-04-22,5543.63,9493.22,120,False
SKU005,2025-08-17,114,1082227.0799999998,0,1,9493.22,33,8,2025,Monsoon,Storage,Lamp,2023-04-22,5543.63,9493.22,121,False
SKU005,2025-08-24,95,901855.9,0,0,9493.22,34,8,2025,Monsoon,Storage,Lamp,2023-04-22,5543.63,9493.22,122,False
SKU005,2025-08-31,96,911349.12,0,0,9493.22,35,8,2025,Monsoon,Storage,Lamp,2023-04-22,5543.63,9493.22,123,False
SKU005,2025-09-07,95,901855.8999999999,2,0,9493.22,36,9,2025,Monsoon,Storage,Lamp,2023-04-22,5543.63,9493.22,124,False
SKU005,2025-09-14,96,911349.12,2,0,9493.22,37,9,2025,Monsoon,Storage,Lamp,2023-04-22,5543.63,9493.22,125,False
SKU005,2025-09-21,89,844896.58,2,0,9493.22,38,9,2025,Monsoon,Storage,Lamp,2023-04-22,5543.63,9493.22,126,False
SKU005,2025-09-28,108,1025267.76,2,0,9493.22,39,9,2025,Monsoon,Storage,Lamp,2023-04-22,5543.63,9493.22,127,False
SKU005,2025-10-05,97,920842.34,0,0,9493.22,40,10,2025,Autumn,Storage,Lamp,2023-04-22,5543.63,9493.22,128,False
SKU005,2025-10-12,107,1015774.5399999999,0,0,9493.22,41,10,2025,Autumn,Storage,Lamp,2023-04-22,5543.63,9493.22,129,False
SKU005,2025-10-19,105,996788.1,0,0,9493.22,42,10,2025,Autumn,Storage,Lamp,2023-04-22,5543.63,9493.22,130,False
SKU005,2025-10-26,98,930335.5599999999,0,1,9493.22,43,10,2025,Autumn,Storage,Lamp,2023-04-22,5543.63,9493.22,131,False
SKU005,2025-11-02,104,987294.88,2,0,9493.22,44,11,2025,Autumn,Storage,Lamp,2023-04-22,5543.63,9493.22,132,False
SKU005,2025-11-09,114,1082227.08,2,0,9493.22,45,11,2025,Autumn,Storage,Lamp,2023-04-22,5543.63,9493.22,133,False
SKU005,2025-11-16,102,968308.44,2,0,9493.22,46,11,2025,Autumn,Storage,Lamp,2023-04-22,5543.63,9493.22,134,False
SKU005,2025-11-23,115,1091720.3,2,0,9493.22,47,11,2025,Autumn,Storage,Lamp,2023-04-22,5543.63,9493.22,135,False
SKU005,2025-11-30,100,949322.0,2,0,9493.22,48,11,2025,Autumn,Storage,Lamp,2023-04-22,5543.63,9493.22,136,False
SKU005,2025-12-07,96,911349.12,0,0,9493.22,49,12,2025,Winter,Storage,Lamp,2023-04-22,5543.63,9493.22,137,True
SKU005,2025-12-14,103,977801.6599999999,0,0,9493.22,50,12,2025,Winter,Storage,Lamp,2023-04-22,5543.63,9493.22,138,True
SKU005,2025-12-21,100,949321.9999999999,0,0,9493.22,51,12,2025,Winter,Storage,Lamp,2023-04-22,5543.63,9493.22,139,True
SKU005,2025-12-28,108,1025267.7599999999,0,1,9493.22,52,12,2025,Winter,Storage,Lamp,2023-04-22,5543.63,9493.22,140,True
SKU006,2024-01-07,38,308029.52,0,0,8106.04,1,1,2024,Winter,Furniture,Shelf,2024-01-01,6021.91,8106.04,0,False
SKU006,2024-01-14,34,275605.36,0,0,8106.04,2,1,2024,Winter,Furniture,Shelf,2024-01-01,6021.91,8106.04,1,False
SKU006,2024-01-21,43,348559.72,0,0,8106.04,3,1,2024,Winter,Furniture,Shelf,2024-01-01,6021.91,8106.04,2,False
SKU006,2024-01-28,39,316135.56,0,1,8106.04,4,1,2024,Winter,Furniture,Shelf,2024-01-01,6021.91,8106.04,3,False
SKU006,2024-02-04,49,397195.96,0,0,8106.04,5,2,2024,Winter,Furniture,Shelf,2024-01-01,6021.91,8106.04,4,False
SKU006,2024-02-11,50,405302.0,0,0,8106.04,6,2,2024,Winter,Furniture,Shelf,2024-01-01,6021.91,8106.04,5,False
SKU006,2024-02-18,52,421514.08,0,0,8106.04,7,2,2024,Winter,Furniture,Shelf,2024-01-01,6021.91,8106.04,6,False
SKU006,2024-02-25,50,405302.0,0,0,8106.04,8,2,2024,Winter,Furniture,Shelf,2024-01-01,6021.91,8106.04,7,False
SKU006,2024-03-03,56,453938.24,2,0,8106.04,9,3,2024,Spring,Furniture,Shelf,2024-01-01,6021.91,8106.04,8,False
SKU006,2024-03-10,76,616059.04,2,0,8106.04,10,3,2024,Spring,Furniture,Shelf,2024-01-01,6021.91,8106.04,9,False
SKU006,2024-03-17,50,405302.0,2,0,8106.04,11,3,2024,Spring,Furniture,Shelf,2024-01-01,6021.91,8106.04,10,False
SKU006,2024-03-24,55,445832.2,2,0,8106.04,12,3,2024,Spring,Furniture,Shelf,2024-01-01,6021.91,8106.04,11,False
SKU006,2024-03-31,53,429620.12,2,0,8106.04,13,3,2024,Spring,Furniture,Shelf,2024-01-01,6021.91,8106.04,12,False
SKU006,2024-04-07,68,551210.72,0,0,8106.04,14,4,2024,Spring,Furniture,Shelf,2024-01-01,6021.91,8106.04,13,False
SKU006,2024-04-14,61,494468.44,0,0,8106.04,15,4,2024,Spring,Furniture,Shelf,2024-01-01,6021.91,8106.04,14,False
SKU006,2024-04-21,54,437726.16,0,0,8106.04,16,4,2024,Spring,Furniture,Shelf,2024-01-01,6021.91,8106.04,15,False
SKU006,2024-04-28,44,356665.76,0,0,8106.04,17,4,2024,Spring,Furniture,Shelf,2024-01-01,6021.91,8106.04,16,False
SKU006,2024-05-05,54,437726.16000000003,0,0,8106.04,18,5,2024,Summer,Furniture,Shelf,2024-01-01,6021.91,8106.04,17,False
SKU006,2024-05-12,45,364771.8,0,0,8106.04,19,5,2024,Summer,Furniture,Shelf,2024-01-01,6021.91,8106.04,18,False
SKU006,2024-05-19,52,421514.08,0,0,8106.04,20,5,2024,Summer,Furniture,Shelf,2024-01-01,6021.91,8106.04,19,False
SKU006,2024-05-26,58,470150.31999999995,0,0,8106.04,21,5,2024,Summer,Furniture,Shelf,2024-01-01,6021.91,8106.04,20,False
SKU006,2024-06-02,46,372877.83999999997,2,0,8106.04,22,6,2024,Summer,Furniture,Shelf,2024-01-01,6021.91,8106.04,21,False
SKU006,2024-06-09,33,267499.32,2,0,8106.04,23,6,2024,Summer,Furniture,Shelf,2024-01-01,6021.91,8106.04,22,False
SKU006,2024-06-16,41,332347.63999999996,2,0,8106.04,24,6,2024,Summer,Furniture,Shelf,2024-01-01,6021.91,8106.04,23,False
SKU006,2024-06-23,42,340453.68,2,0,8106.04,25,6,2024,Summer,Furniture,Shelf,2024-01-01,6021.91,8106.04,24,False
SKU006,2024-06-30,59,478256.36,2,0,8106.04,26,6,2024,Summer,Furniture,Shelf,2024-01-01,6021.91,8106.04,25,False
SKU006,2024-07-07,54,437726.16,0,0,8106.04,27,7,2024,Monsoon,Furniture,Shelf,2024-01-01,6021.91,8106.04,26,False
SKU006,2024-07-14,42,340453.68,0,0,8106.04,28,7,2024,Monsoon,Furniture,Shelf,2024-01-01,6021.91,8106.04,27,False
SKU006,2024-07-21,47,380983.88,0,0,8106.04,29,7,2024,Monsoon,Furniture,Shelf,2024-01-01,6021.91,8106.04,28,False
SKU006,2024-07-28,48,389089.92,0,0,8106.04,30,7,2024,Monsoon,Furniture,Shelf,2024-01-01,6021.91,8106.04,29,False
SKU006,2024-08-04,45,364771.8,0,0,8106.04,31,8,2024,Monsoon,Furniture,Shelf,2024-01-01,6021.91,8106.04,30,False
SKU006,2024-08-11,25,202651.0,0,0,8106.04,32,8,2024,Monsoon,Furniture,Shelf,2024-01-01,6021.91,8106.04,31,False
SKU006,2024-08-18,39,316135.56,0,1,8106.04,33,8,2024,Monsoon,Furniture,Shelf,2024-01-01,6021.91,8106.04,32,False
SKU006,2024-08-25,34,275605.36,0,0,8106.04,34,8,2024,Monsoon,Furniture,Shelf,2024-01-01,6021.91,8106.04,33,False
SKU006,2024-09-01,55,445832.2,1,0,8106.04,35,9,2024,Monsoon,Furniture,Shelf,2024-01-01,6021.91,8106.04,34,False
SKU006,2024-09-08,33,267499.32,2,0,8106.04,36,9,2024,Monsoon,Furniture,Shelf,2024-01-01,6021.91,8106.04,35,False
SKU006,2024-09-15,38,308029.52,2,0,8106.04,37,9,2024,Monsoon,Furniture,Shelf,2024-01-01,6021.91,8106.04,36,False
SKU006,2024-09-22,42,340453.68,2,0,8106.04,38,9,2024,Monsoon,Furniture,Shelf,2024-01-01,6021.91,8106.04,37,False
SKU006,2024-09-29,40,324241.6,2,0,8106.04,39,9,2024,Monsoon,Furniture,Shelf,2024-01-01,6021.91,8106.04,38,False
SKU006,2024-10-06,47,380983.88,0,0,8106.04,40,10,2024,Autumn,Furniture,Shelf,2024-01-01,6021.91,8106.04,39,False
SKU006,2024-10-13,38,308029.52,0,0,8106.04,41,10,2024,Autumn,Furniture,Shelf,2024-01-01,6021.91,8106.04,40,False
SKU006,2024-10-20,37,299923.48,0,0,8106.04,42,10,2024,Autumn,Furniture,Shelf,2024-01-01,6021.91,8106.04,41,False
SKU006,2024-10-27,29,235075.16,0,0,8106.04,43,10,2024,Autumn,Furniture,Shelf,2024-01-01,6021.91,8106.04,42,False
SKU006,2024-11-03,40,324241.6,2,1,8106.04,44,11,2024,Autumn,Furniture,Shelf,2024-01-01,6021.91,8106.04,43,False
SKU006,2024-11-10,40,324241.6,2,0,8106.04,45,11,2024,Autumn,Furniture,Shelf,2024-01-01,6021.91,8106.04,44,False
SKU006,2024-11-17,28,226969.12,2,0,8106.04,46,11,2024,Autumn,Furniture,Shelf,2024-01-01,6021.91,8106.04,45,False
SKU006,2024-11-24,41,332347.64,2,0,8106.04,47,11,2024,Autumn,Furniture,Shelf,2024-01-01,6021.91,8106.04,46,False
SKU006,2024-12-01,44,356665.76,1,0,8106.04,48,12,2024,Winter,Furniture,Shelf,2024-01-01,6021.91,8106.04,47,False
SKU006,2024-12-08,44,356665.76,0,0,8106.04,49,12,2024,Winter,Furniture,Shelf,2024-01-01,6021.91,8106.04,48,False
SKU006,2024-12-15,34,275605.36,0,0,8106.04,50,12,2024,Winter,Furniture,Shelf,2024-01-01,6021.91,8106.04,49,False
SKU006,2024-12-22,44,356665.76,0,0,8106.04,51,12,2024,Winter,Furniture,Shelf,2024-01-01,6021.91,8106.04,50,False
SKU006,2024-12-29,48,389089.92,0,1,8106.04,52,12,2024,Winter,Furniture,Shelf,2024-01-01,6021.91,8106.04,51,False
SKU006,2025-01-05,45,364771.8,0,0,8106.04,1,1,2025,Winter,Furniture,Shelf,2024-01-01,6021.91,8106.04,52,False
SKU006,2025-01-12,50,405302.0,0,0,8106.04,2,1,2025,Winter,Furniture,Shelf,2024-01-01,6021.91,8106.04,53,False
SKU006,2025-01-19,46,372877.83999999997,0,0,8106.04,3,1,2025,Winter,Furniture,Shelf,2024-01-01,6021.91,8106.04,54,False
SKU006,2025-01-26,51,413408.04,0,1,8106.04,4,1,2025,Winter,Furniture,Shelf,2024-01-01,6021.91,8106.04,55,False
SKU006,2025-02-02,47,380983.88,0,0,8106.04,5,2,2025,Winter,Furniture,Shelf,2024-01-01,6021.91,8106.04,56,False
SKU006,2025-02-09,46,372877.83999999997,0,0,8106.04,6,2,2025,Winter,Furniture,Shelf,2024-01-01,6021.91,8106.04,57,False
SKU006,2025-02-16,45,364771.8,0,0,8106.04,7,2,2025,Winter,Furniture,Shelf,2024-01-01,6021.91,8106.04,58,False
SKU006,2025-02-23,51,413408.04,0,0,8106.04,8,2,2025,Winter,Furniture,Shelf,2024-01-01,6021.91,8106.04,59,False
SKU006,2025-03-02,57,462044.28,2,0,8106.04,9,3,2025,Spring,Furniture,Shelf,2024-01-01,6021.91,8106.04,60,False
SKU006,2025-03-09,58,470150.31999999995,2,0,8106.04,10,3,2025,Spring,Furniture,Shelf,2024-01-01,6021.91,8106.04,61,False
SKU006,2025-03-16,66,534998.64,2,0,8106.04,11,3,2025,Spring,Furniture,Shelf,2024-01-01,6021.91,8106.04,62,False
SKU006,2025-03-23,42,340453.68,2,0,8106.04,12,3,2025,Spring,Furniture,Shelf,2024-01-01,6021.91,8106.04,63,False
SKU006,2025-03-30,55,445832.2,2,0,8106.04,13,3,2025,Spring,Furniture,Shelf,2024-01-01,6021.91,8106.04,64,False
SKU006,2025-04-06,56,453938.24,0,0,8106.04,14,4,2025,Spring,Furniture,Shelf,2024-01-01,6021.91,8106.04,65,False
SKU006,2025-04-13,53,429620.12,0,0,8106.04,15,4,2025,Spring,Furniture,Shelf,2024-01-01,6021.91,8106.04,66,False
SKU006,2025-04-20,46,372877.84,0,0,8106.04,16,4,2025,Spring,Furniture,Shelf,2024-01-01,6021.91,8106.04,67,False
SKU006,2025-04-27,67,543104.6799999999,0,0,8106.04,17,4,2025,Spring,Furniture,Shelf,2024-01-01,6021.91,8106.04,68,False
SKU006,2025-05-04,44,356665.76,0,0,8106.04,18,5,2025,Summer,Furniture,Shelf,2024-01-01,6021.91,8106.04,69,False
SKU006,2025-05-11,66,534998.64,0,0,8106.04,19,5,2025,Summer,Furniture,Shelf,2024-01-01,6021.91,8106.04,70,False
SKU006,2025-05-18,55,445832.2,0,0,8106.04,20,5,2025,Summer,Furniture,Shelf,2024-01-01,6021.91,8106.04,71,False
SKU006,2025-05-25,51,413408.04,0,0,8106.04,21,5,2025,Summer,Furniture,Shelf,2024-01-01,6021.91,8106.04,72,False
SKU006,2025-06-01,50,405302.0,1,0,8106.04,22,6,2025,Summer,Furniture,Shelf,2024-01-01,6021.91,8106.04,73,False
SKU006,2025-06-08,57,462044.27999999997,2,0,8106.04,23,6,2025,Summer,Furniture,Shelf,2024-01-01,6021.91,8106.04,74,False
SKU006,2025-06-15,64,518786.56,2,0,8106.04,24,6,2025,Summer,Furniture,Shelf,2024-01-01,6021.91,8106.04,75,False
SKU006,2025-06-22,42,340453.68,2,0,8106.04,25,6,2025,Summer,Furniture,Shelf,2024-01-01,6021.91,8106.04,76,False
SKU006,2025-06-29,54,437726.16,2,0,8106.04,26,6,2025,Summer,Furniture,Shelf,2024-01-01,6021.91,8106.04,77,False
SKU006,2025-07-06,41,332347.64,0,0,8106.04,27,7,2025,Monsoon,Furniture,Shelf,2024-01-01,6021.91,8106.04,78,False
SKU006,2025-07-13,31,251287.24,0,0,8106.04,28,7,2025,Monsoon,Furniture,Shelf,2024-01-01,6021.91,8106.04,79,False
SKU006,2025-07-20,45,364771.8,0,0,8106.04,29,7,2025,Monsoon,Furniture,Shelf,2024-01-01,6021.91,8106.04,80,False
SKU006,2025-07-27,43,348559.72,0,0,8106.04,30,7,2025,Monsoon,Furniture,Shelf,2024-01-01,6021.91,8106.04,81,False
SKU006,2025-08-03,49,397195.95999999996,0,0,8106.04,31,8,2025,Monsoon,Furniture,Shelf,2024-01-01,6021.91,8106.04,82,False
SKU006,2025-08-10,46,372877.83999999997,0,0,8106.04,32,8,2025,Monsoon,Furniture,Shelf,2024-01-01,6021.91,8106.04,83,False
SKU006,2025-08-17,38,308029.51999999996,0,1,8106.04,33,8,2025,Monsoon,Furniture,Shelf,2024-01-01,6021.91,8106.04,84,False
SKU006,2025-08-24,42,340453.68,0,0,8106.04,34,8,2025,Monsoon,Furniture,Shelf,2024-01-01,6021.91,8106.04,85,False
SKU006,2025-08-31,36,291817.44,0,0,8106.04,35,8,2025,Monsoon,Furniture,Shelf,2024-01-01,6021.91,8106.04,86,False
SKU006,2025-09-07,43,348559.72,2,0,8106.04,36,9,2025,Monsoon,Furniture,Shelf,2024-01-01,6021.91,8106.04,87,False
SKU006,2025-09-14,40,324241.6,2,0,8106.04,37,9,2025,Monsoon,Furniture,Shelf,2024-01-01,6021.91,8106.04,88,False
SKU006,2025-09-21,45,364771.8,2,0,8106.04,38,9,2025,Monsoon,Furniture,Shelf,2024-01-01,6021.91,8106.04,89,False
SKU006,2025-09-28,48,389089.92,2,0,8106.04,39,9,2025,Monsoon,Furniture,Shelf,2024-01-01,6021.91,8106.04,90,False
SKU006,2025-10-05,43,348559.72,0,0,8106.04,40,10,2025,Autumn,Furniture,Shelf,2024-01-01,6021.91,8106.04,91,False
SKU006,2025-10-12,38,308029.52,0,0,8106.04,41,10,2025,Autumn,Furniture,Shelf,2024-01-01,6021.91,8106.04,92,False
SKU006,2025-10-19,29,235075.15999999997,0,0,8106.04,42,10,2025,Autumn,Furniture,Shelf,2024-01-01,6021.91,8106.04,93,False
SKU006,2025-10-26,34,275605.36,0,1,8106.04,43,10,2025,Autumn,Furniture,Shelf,2024-01-01,6021.91,8106.04,94,False
SKU006,2025-11-02,36,291817.44,2,0,8106.04,44,11,2025,Autumn,Furniture,Shelf,2024-01-01,6021.91,8106.04,95,False
SKU006,2025-11-09,39,316135.56,2,0,8106.04,45,11,2025,Autumn,Furniture,Shelf,2024-01-01,6021.91,8106.04,96,False
SKU006,2025-11-16,31,251287.24,2,0,8106.04,46,11,2025,Autumn,Furniture,Shelf,2024-01-01,6021.91,8106.04,97,False
SKU006,2025-11-23,45,364771.8,2,0,8106.04,47,11,2025,Autumn,Furniture,Shelf,2024-01-01,6021.91,8106.04,98,False
SKU006,2025-11-30,40,324241.6,2,0,8106.04,48,11,2025,Autumn,Furniture,Shelf,2024-01-01,6021.91,8106.04,99,False
SKU006,2025-12-07,37,299923.48,0,0,8106.04,49,12,2025,Winter,Furniture,Shelf,2024-01-01,6021.91,8106.04,100,True
SKU006,2025-12-14,41,332347.64,0,0,8106.04,50,12,2025,Winter,Furniture,Shelf,2024-01-01,6021.91,8106.04,101,True
SKU006,2025-12-21,41,332347.64,0,0,8106.04,51,12,2025,Winter,Furniture,Shelf,2024-01-01,6021.91,8106.04,102,True
SKU006,2025-12-28,43,348559.72,0,1,8106.04,52,12,2025,Winter,Furniture,Shelf,2024-01-01,6021.91,8106.04,103,True
SKU007,2024-01-07,172,879623.48,0,0,5114.090000000001,1,1,2024,Winter,Home Decor,Cabinet,2022-04-05,7748.2,5114.09,91,False
SKU007,2024-01-14,178,910308.02,0,0,5114.090000000001,2,1,2024,Winter,Home Decor,Cabinet,2022-04-05,7748.2,5114.09,92,False
SKU007,2024-01-21,189,966563.01,0,0,5114.090000000001,3,1,2024,Winter,Home Decor,Cabinet,2022-04-05,7748.2,5114.09,93,False
SKU007,2024-01-28,176,900079.84,0,1,5114.090000000001,4,1,2024,Winter,Home Decor,Cabinet,2022-04-05,7748.2,5114.09,94,False
SKU007,2024-02-04,171,874509.39,0,0,5114.090000000001,5,2,2024,Winter,Home Decor,Cabinet,2022-04-05,7748.2,5114.09,95,False
SKU007,2024-02-11,163,833596.6699999999,0,0,5114.090000000001,6,2,2024,Winter,Home Decor,Cabinet,2022-04-05,7748.2,5114.09,96,False
SKU007,2024-02-18,195,997247.55,0,0,5114.090000000001,7,2,2024,Winter,Home Decor,Cabinet,2022-04-05,7748.2,5114.09,97,False
SKU007,2024-02-25,173,884737.57,0,0,5114.090000000001,8,2,2024,Winter,Home Decor,Cabinet,2022-04-05,7748.2,5114.09,98,False
SKU007,2024-03-03,201,1027932.09,2,0,5114.090000000001,9,3,2024,Spring,Home Decor,Cabinet,2022-04-05,7748.2,5114.09,99,False
SKU007,2024-03-10,195,997247.55,2,0,5114.090000000001,10,3,2024,Spring,Home Decor,Cabinet,2022-04-05,7748.2,5114.09,100,False
SKU007,2024-03-17,212,1084187.08,2,0,5114.090000000001,11,3,2024,Spring,Home Decor,Cabinet,2022-04-05,7748.2,5114.09,101,False
SKU007,2024-03-24,223,1140442.07,2,0,5114.090000000001,12,3,2024,Spring,Home Decor,Cabinet,2022-04-05,7748.2,5114.09,102,False
SKU007,2024-03-31,192,981905.28,2,0,5114.090000000001,13,3,2024,Spring,Home Decor,Cabinet,2022-04-05,7748.2,5114.09,103,False
SKU007,2024-04-07,199,1017703.91,0,0,5114.090000000001,14,4,2024,Spring,Home Decor,Cabinet,2022-04-05,7748.2,5114.09,104,False
SKU007,2024-04-14,222,1135327.98,0,0,5114.090000000001,15,4,2024,Spring,Home Decor,Cabinet,2022-04-05,7748.2,5114.09,105,False
SKU007,2024-04-21,199,1017703.91,0,0,5114.090000000001,16,4,2024,Spring,Home Decor,Cabinet,2022-04-05,7748.2,5114.09,106,False
SKU007,2024-04-28,198,1012589.8200000001,0,0,5114.090000000001,17,4,2024,Spring,Home Decor,Cabinet,2022-04-05,7748.2,5114.09,107,False
SKU007,2024-05-05,188,961448.9199999999,0,0,5114.090000000001,18,5,2024,Summer,Home Decor,Cabinet,2022-04-05,7748.2,5114.09,108,False
SKU007,2024-05-12,174,889851.66,0,0,5114.090000000001,19,5,2024,Summer,Home Decor,Cabinet,2022-04-05,7748.2,5114.09,109,False
SKU007,2024-05-19,184,940992.56,0,0,5114.090000000001,20,5,2024,Summer,Home Decor,Cabinet,2022-04-05,7748.2,5114.09,110,False
SKU007,2024-05-26,209,1068844.81,0,0,5114.090000000001,21,5,2024,Summer,Home Decor,Cabinet,2022-04-05,7748.2,5114.09,111,False
SKU007,2024-06-02,242,1237609.78,2,0,5114.090000000001,22,6,2024,Summer,Home Decor,Cabinet,2022-04-05,7748.2,5114.09,112,False
SKU007,2024-06-09,196,1002361.64,2,0,5114.090000000001,23,6,2024,Summer,Home Decor,Cabinet,2022-04-05,7748.2,5114.09,113,False
SKU007,2024-06-16,203,1038160.27,2,0,5114.090000000001,24,6,2024,Summer,Home Decor,Cabinet,2022-04-05,7748.2,5114.09,114,False
SKU007,2024-06-23,219,1119985.71,2,0,5114.090000000001,25,6,2024,Summer,Home Decor,Cabinet,2022-04-05,7748.2,5114.09,115,False
SKU007,2024-06-30,204,1043274.36,2,0,5114.090000000001,26,6,2024,Summer,Home Decor,Cabinet,2022-04-05,7748.2,5114.09,116,False
SKU007,2024-07-07,187,956334.83,0,0,5114.090000000001,27,7,2024,Monsoon,Home Decor,Cabinet,2022-04-05,7748.2,5114.09,117,False
SKU007,2024-07-14,179,915422.11,0,0,5114.090000000001,28,7,2024,Monsoon,Home Decor,Cabinet,2022-04-05,7748.2,5114.09,118,False
SKU007,2024-07-21,180,920536.2,0,0,5114.090000000001,29,7,2024,Monsoon,Home Decor,Cabinet,2022-04-05,7748.2,5114.09,119,False
SKU007,2024-07-28,172,879623.48,0,0,5114.090000000001,30,7,2024,Monsoon,Home Decor,Cabinet,2022-04-05,7748.2,5114.09,120,False
SKU007,2024-08-04,160,818254.4,0,0,5114.090000000001,31,8,2024,Monsoon,Home Decor,Cabinet,2022-04-05,7748.2,5114.09,121,False
SKU007,2024-08-11,141,721086.69,0,0,5114.090000000001,32,8,2024,Monsoon,Home Decor,Cabinet,2022-04-05,7748.2,5114.09,122,False
SKU007,2024-08-18,164,838710.76,0,1,5114.090000000001,33,8,2024,Monsoon,Home Decor,Cabinet,2022-04-05,7748.2,5114.09,123,False
SKU007,2024-08-25,160,818254.4,0,0,5114.090000000001,34,8,2024,Monsoon,Home Decor,Cabinet,2022-04-05,7748.2,5114.09,124,False
SKU007,2024-09-01,151,772227.59,1,0,5114.090000000001,35,9,2024,Monsoon,Home Decor,Cabinet,2022-04-05,7748.2,5114.09,125,False
SKU007,2024-09-08,157,802912.13,2,0,5114.090000000001,36,9,2024,Monsoon,Home Decor,Cabinet,2022-04-05,7748.2,5114.09,126,False
SKU007,2024-09-15,174,889851.6599999999,2,0,5114.090000000001,37,9,2024,Monsoon,Home Decor,Cabinet,2022-04-05,7748.2,5114.09,127,False
SKU007,2024-09-22,151,772227.59,2,0,5114.090000000001,38,9,2024,Monsoon,Home Decor,Cabinet,2022-04-05,7748.2,5114.09,128,False
SKU007,2024-09-29,170,869395.3,2,0,5114.090000000001,39,9,2024,Monsoon,Home Decor,Cabinet,2022-04-05,7748.2,5114.09,129,False
SKU007,2024-10-06,130,664831.7,0,0,5114.090000000001,40,10,2024,Autumn,Home Decor,Cabinet,2022-04-05,7748.2,5114.09,130,False
SKU007,2024-10-13,123,629033.0700000001,0,0,5114.090000000001,41,10,2024,Autumn,Home Decor,Cabinet,2022-04-05,7748.2,5114.09,131,False
SKU007,2024-10-20,128,654603.52,0,0,5114.090000000001,42,10,2024,Autumn,Home Decor,Cabinet,2022-04-05,7748.2,5114.09,132,False
SKU007,2024-10-27,124,634147.16,0,0,5114.090000000001,43,10,2024,Autumn,Home Decor,Cabinet,2022-04-05,7748.2,5114.09,133,False
SKU007,2024-11-03,152,777341.6799999999,2,1,5114.090000000001,44,11,2024,Autumn,Home Decor,Cabinet,2022-04-05,7748.2,5114.09,134,False
SKU007,2024-11-10,172,879623.48,2,0,5114.090000000001,45,11,2024,Autumn,Home Decor,Cabinet,2022-04-05,7748.2,5114.09,135,False
SKU007,2024-11-17,159,813140.31,2,0,5114.090000000001,46,11,2024,Autumn,Home Decor,Cabinet,2022-04-05,7748.2,5114.09,136,False
SKU007,2024-11-24,167,854053.03,2,0,5114.090000000001,47,11,2024,Autumn,Home Decor,Cabinet,2022-04-05,7748.2,5114.09,137,False
SKU007,2024-12-01,132,675059.88,1,0,5114.090000000001,48,12,2024,Winter,Home Decor,Cabinet,2022-04-05,7748.2,5114.09,138,False
SKU007,2024-12-08,148,756885.32,0,0,5114.090000000001,49,12,2024,Winter,Home Decor,Cabinet,2022-04-05,7748.2,5114.09,139,False
SKU007,2024-12-15,137,700630.3300000001,0,0,5114.090000000001,50,12,2024,Winter,Home Decor,Cabinet,2022-04-05,7748.2,5114.09,140,False
SKU007,2024-12-22,167,854053.03,0,0,5114.090000000001,51,12,2024,Winter,Home Decor,Cabinet,2022-04-05,7748.2,5114.09,141,False
SKU007,2024-12-29,147,751771.23,0,1,5114.090000000001,52,12,2024,Winter,Home Decor,Cabinet,2022-04-05,7748.2,5114.09,142,False
SKU007,2025-01-05,175,894965.75,0,0,5114.090000000001,1,1,2025,Winter,Home Decor,Cabinet,2022-04-05,7748.2,5114.09,143,False
SKU007,2025-01-12,171,874509.3899999999,0,0,5114.090000000001,2,1,2025,Winter,Home Decor,Cabinet,2022-04-05,7748.2,5114.09,144,False
SKU007,2025-01-19,156,797798.04,0,0,5114.090000000001,3,1,2025,Winter,Home Decor,Cabinet,2022-04-05,7748.2,5114.09,145,False
SKU007,2025-01-26,179,915422.11,0,1,5114.090000000001,4,1,2025,Winter,Home Decor,Cabinet,2022-04-05,7748.2,5114.09,146,False
SKU007,2025-02-02,178,910308.02,0,0,5114.090000000001,5,2,2025,Winter,Home Decor,Cabinet,2022-04-05,7748.2,5114.09,147,False
SKU007,2025-02-09,179,915422.11,0,0,5114.090000000001,6,2,2025,Winter,Home Decor,Cabinet,2022-04-05,7748.2,5114.09,148,False
SKU007,2025-02-16,171,874509.39,0,0,5114.090000000001,7,2,2025,Winter,Home Decor,Cabinet,2022-04-05,7748.2,5114.09,149,False
SKU007,2025-02-23,171,874509.39,0,0,5114.090000000001,8,2,2025,Winter,Home Decor,Cabinet,2022-04-05,7748.2,5114.09,150,False
SKU007,2025-03-02,189,966563.01,2,0,5114.090000000001,9,3,2025,Spring,Home Decor,Cabinet,2022-04-05,7748.2,5114.09,151,False
SKU007,2025-03-09,217,1109757.53,2,0,5114.090000000001,10,3,2025,Spring,Home Decor,Cabinet,2022-04-05,7748.2,5114.09,152,False
SKU007,2025-03-16,191,976791.19,2,0,5114.090000000001,11,3,2025,Spring,Home Decor,Cabinet,2022-04-05,7748.2,5114.09,153,False
SKU007,2025-03-23,194,992133.46,2,0,5114.090000000001,12,3,2025,Spring,Home Decor,Cabinet,2022-04-05,7748.2,5114.09,154,False
SKU007,2025-03-30,208,1063730.72,2,0,5114.090000000001,13,3,2025,Spring,Home Decor,Cabinet,2022-04-05,7748.2,5114.09,155,False
SKU007,2025-04-06,201,1027932.09,0,0,5114.090000000001,14,4,2025,Spring,Home Decor,Cabinet,2022-04-05,7748.2,5114.09,156,False
SKU007,2025-04-13,194,992133.46,0,0,5114.090000000001,15,4,2025,Spring,Home Decor,Cabinet,2022-04-05,7748.2,5114.09,157,False
SKU007,2025-04-20,200,1022818.0,0,0,5114.090000000001,16,4,2025,Spring,Home Decor,Cabinet,2022-04-05,7748.2,5114.09,158,False
SKU007,2025-04-27,201,1027932.0900000001,0,0,5114.090000000001,17,4,2025,Spring,Home Decor,Cabinet,2022-04-05,7748.2,5114.09,159,False
SKU007,2025-05-04,199,1017703.91,0,0,5114.090000000001,18,5,2025,Summer,Home Decor,Cabinet,2022-04-05,7748.2,5114.09,160,False
SKU007,2025-05-11,168,859167.12,0,0,5114.090000000001,19,5,2025,Summer,Home Decor,Cabinet,2022-04-05,7748.2,5114.09,161,False
SKU007,2025-05-18,180,920536.2,0,0,5114.090000000001,20,5,2025,Summer,Home Decor,Cabinet,2022-04-05,7748.2,5114.09,162,False
SKU007,2025-05-25,203,1038160.27,0,0,5114.090000000001,21,5,2025,Summer,Home Decor,Cabinet,2022-04-05,7748.2,5114.09,163,False
SKU007,2025-06-01,196,1002361.64,1,0,5114.090000000001,22,6,2025,Summer,Home Decor,Cabinet,2022-04-05,7748.2,5114.09,164,False
SKU007,2025-06-08,185,946106.6499999999,2,0,5114.090000000001,23,6,2025,Summer,Home Decor,Cabinet,2022-04-05,7748.2,5114.09,165,False
SKU007,2025-06-15,174,889851.6599999999,2,0,5114.090000000001,24,6,2025,Summer,Home Decor,Cabinet,2022-04-05,7748.2,5114.09,166,False
SKU007,2025-06-22,187,956334.83,2,0,5114.090000000001,25,6,2025,Summer,Home Decor,Cabinet,2022-04-05,7748.2,5114.09,167,False
SKU007,2025-06-29,212,1084187.08,2,0,5114.090000000001,26,6,2025,Summer,Home Decor,Cabinet,2022-04-05,7748.2,5114.09,168,False
SKU007,2025-07-06,181,925650.29,0,0,5114.090000000001,27,7,2025,Monsoon,Home Decor,Cabinet,2022-04-05,7748.2,5114.09,169,False
SKU007,2025-07-13,187,956334.83,0,0,5114.090000000001,28,7,2025,Monsoon,Home Decor,Cabinet,2022-04-05,7748.2,5114.09,170,False
SKU007,2025-07-20,161,823368.49,0,0,5114.090000000001,29,7,2025,Monsoon,Home Decor,Cabinet,2022-04-05,7748.2,5114.09,171,False
SKU007,2025-07-27,167,854053.03,0,0,5114.090000000001,30,7,2025,Monsoon,Home Decor,Cabinet,2022-04-05,7748.2,5114.09,172,False
SKU007,2025-08-03,181,925650.29,0,0,5114.090000000001,31,8,2025,Monsoon,Home Decor,Cabinet,2022-04-05,7748.2,5114.09,173,False
SKU007,2025-08-10,145,741543.05,0,0,5114.090000000001,32,8,2025,Monsoon,Home Decor,Cabinet,2022-04-05,7748.2,5114.09,174,False
SKU007,2025-08-17,158,808026.22,0,1,5114.090000000001,33,8,2025,Monsoon,Home Decor,Cabinet,2022-04-05,7748.2,5114.09,175,False
SKU007,2025-08-24,146,746657.1399999999,0,0,5114.090000000001,34,8,2025,Monsoon,Home Decor,Cabinet,2022-04-05,7748.2,5114.09,176,False
SKU007,2025-08-31,170,869395.3,0,0,5114.090000000001,35,8,2025,Monsoon,Home Decor,Cabinet,2022-04-05,7748.2,5114.09,177,False
SKU007,2025-09-07,152,777341.6799999999,2,0,5114.090000000001,36,9,2025,Monsoon,Home Decor,Cabinet,2022-04-05,7748.2,5114.09,178,False
SKU007,2025-09-14,153,782455.77,2,0,5114.090000000001,37,9,2025,Monsoon,Home Decor,Cabinet,2022-04-05,7748.2,5114.09,179,False
SKU007,2025-09-21,162,828482.58,2,0,5114.090000000001,38,9,2025,Monsoon,Home Decor,Cabinet,2022-04-05,7748.2,5114.09,180,False
SKU007,2025-09-28,171,874509.39,2,0,5114.090000000001,39,9,2025,Monsoon,Home Decor,Cabinet,2022-04-05,7748.2,5114.09,181,False
SKU007,2025-10-05,129,659717.61,0,0,5114.090000000001,40,10,2025,Autumn,Home Decor,Cabinet,2022-04-05,7748.2,5114.09,182,False
SKU007,2025-10-12,149,761999.41,0,0,5114.090000000001,41,10,2025,Autumn,Home Decor,Cabinet,2022-04-05,7748.2,5114.09,183,False
SKU007,2025-10-19,158,808026.22,0,0,5114.090000000001,42,10,2025,Autumn,Home Decor,Cabinet,2022-04-05,7748.2,5114.09,184,False
SKU007,2025-10-26,131,669945.79,0,1,5114.090000000001,43,10,2025,Autumn,Home Decor,Cabinet,2022-04-05,7748.2,5114.09,185,False
SKU007,2025-11-02,152,777341.6799999999,2,0,5114.090000000001,44,11,2025,Autumn,Home Decor,Cabinet,2022-04-05,7748.2,5114.09,186,False
SKU007,2025-11-09,142,726200.78,2,0,5114.090000000001,45,11,2025,Autumn,Home Decor,Cabinet,2022-04-05,7748.2,5114.09,187,False
SKU007,2025-11-16,131,669945.79,2,0,5114.090000000001,46,11,2025,Autumn,Home Decor,Cabinet,2022-04-05,7748.2,5114.09,188,False
SKU007,2025-11-23,157,802912.13,2,0,5114.090000000001,47,11,2025,Autumn,Home Decor,Cabinet,2022-04-05,7748.2,5114.09,189,False
SKU007,2025-11-30,181,925650.29,2,0,5114.090000000001,48,11,2025,Autumn,Home Decor,Cabinet,2022-04-05,7748.2,5114.09,190,False
SKU007,2025-12-07,145,741543.05,0,0,5114.090000000001,49,12,2025,Winter,Home Decor,Cabinet,2022-04-05,7748.2,5114.09,191,True
SKU007,2025-12-14,154,787569.86,0,0,5114.090000000001,50,12,2025,Winter,Home Decor,Cabinet,2022-04-05,7748.2,5114.09,192,True
SKU007,2025-12-21,149,761999.41,0,0,5114.090000000001,51,12,2025,Winter,Home Decor,Cabinet,2022-04-05,7748.2,5114.09,193,True
SKU007,2025-12-28,161,823368.49,0,1,5114.090000000001,52,12,2025,Winter,Home Decor,Cabinet,2022-04-05,7748.2,5114.09,194,True
SKU008,2024-01-07,119,1171274.16,0,0,9842.64,1,1,2024,Winter,Kitchen,Rug,2024-01-01,2775.15,9842.64,0,False
SKU008,2024-01-14,137,1348441.68,0,0,9842.64,2,1,2024,Winter,Kitchen,Rug,2024-01-01,2775.15,9842.64,1,False
SKU008,2024-01-21,118,1161431.52,0,0,9842.64,3,1,2024,Winter,Kitchen,Rug,2024-01-01,2775.15,9842.64,2,False
SKU008,2024-01-28,108,1063005.12,0,1,9842.64,4,1,2024,Winter,Kitchen,Rug,2024-01-01,2775.15,9842.64,3,False
SKU008,2024-02-04,114,1122060.96,0,0,9842.64,5,2,2024,Winter,Kitchen,Rug,2024-01-01,2775.15,9842.64,4,False
SKU008,2024-02-11,113,1112218.32,0,0,9842.64,6,2,2024,Winter,Kitchen,Rug,2024-01-01,2775.15,9842.64,5,False
SKU008,2024-02-18,107,1053162.48,0,0,9842.64,7,2,2024,Winter,Kitchen,Rug,2024-01-01,2775.15,9842.64,6,False
SKU008,2024-02-25,118,1161431.52,0,0,9842.64,8,2,2024,Winter,Kitchen,Rug,2024-01-01,2775.15,9842.64,7,False
SKU008,2024-03-03,131,1289385.84,2,0,9842.64,9,3,2024,Spring,Kitchen,Rug,2024-01-01,2775.15,9842.64,8,False
SKU008,2024-03-10,132,1299228.48,2,0,9842.64,10,3,2024,Spring,Kitchen,Rug,2024-01-01,2775.15,9842.64,9,False
SKU008,2024-03-17,147,1446868.08,2,0,9842.64,11,3,2024,Spring,Kitchen,Rug,2024-01-01,2775.15,9842.64,10,False
SKU008,2024-03-24,144,1417340.16,2,0,9842.64,12,3,2024,Spring,Kitchen,Rug,2024-01-01,2775.15,9842.64,11,False
SKU008,2024-03-31,128,1259857.92,2,0,9842.64,13,3,2024,Spring,Kitchen,Rug,2024-01-01,2775.15,9842.64,12,False
SKU008,2024-04-07,128,1259857.92,0,0,9842.64,14,4,2024,Spring,Kitchen,Rug,2024-01-01,2775.15,9842.64,13,False
SKU008,2024-04-14,128,1259857.92,0,0,9842.64,15,4,2024,Spring,Kitchen,Rug,2024-01-01,2775.15,9842.64,14,False
SKU008,2024-04-21,139,1368126.96,0,0,9842.64,16,4,2024,Spring,Kitchen,Rug,2024-01-01,2775.15,9842.64,15,False
SKU008,2024-04-28,134,1318913.76,0,0,9842.64,17,4,2024,Spring,Kitchen,Rug,2024-01-01,2775.15,9842.64,16,False
SKU008,2024-05-05,139,1368126.96,0,0,9842.64,18,5,2024,Summer,Kitchen,Rug,2024-01-01,2775.15,9842.64,17,False
SKU008,2024-05-12,131,1289385.8399999999,0,0,9842.64,19,5,2024,Summer,Kitchen,Rug,2024-01-01,2775.15,9842.64,18,False
SKU008,2024-05-19,128,1259857.92,0,0,9842.64,20,5,2024,Summer,Kitchen,Rug,2024-01-01,2775.15,9842.64,19,False
SKU008,2024-05-26,137,1348441.68,0,0,9842.64,21,5,2024,Summer,Kitchen,Rug,2024-01-01,2775.15,9842.64,20,False
SKU008,2024-06-02,140,1377969.5999999999,2,0,9842.64,22,6,2024,Summer,Kitchen,Rug,2024-01-01,2775.15,9842.64,21,False
SKU008,2024-06-09,125,1230330.0,2,0,9842.64,23,6,2024,Summer,Kitchen,Rug,2024-01-01,2775.15,9842.64,22,False
SKU008,2024-06-16,106,1043319.84,2,0,9842.64,24,6,2024,Summer,Kitchen,Rug,2024-01-01,2775.15,9842.64,23,False
SKU008,2024-06-23,134,1318913.76,2,0,9842.64,25,6,2024,Summer,Kitchen,Rug,2024-01-01,2775.15,9842.64,24,False
SKU008,2024-06-30,144,1417340.1600000001,2,0,9842.64,26,6,2024,Summer,Kitchen,Rug,2024-01-01,2775.15,9842.64,25,False
SKU008,2024-07-07,112,1102375.68,0,0,9842.64,27,7,2024,Monsoon,Kitchen,Rug,2024-01-01,2775.15,9842.64,26,False
SKU008,2024-07-14,120,1181116.8,0,0,9842.64,28,7,2024,Monsoon,Kitchen,Rug,2024-01-01,2775.15,9842.64,27,False
SKU008,2024-07-21,108,1063005.12,0,0,9842.64,29,7,2024,Monsoon,Kitchen,Rug,2024-01-01,2775.15,9842.64,28,False
SKU008,2024-07-28,134,1318913.76,0,0,9842.64,30,7,2024,Monsoon,Kitchen,Rug,2024-01-01,2775.15,9842.64,29,False
SKU008,2024-08-04,100,984264.0,0,0,9842.64,31,8,2024,Monsoon,Kitchen,Rug,2024-01-01,2775.15,9842.64,30,False
SKU008,2024-08-11,97,954736.08,0,0,9842.64,32,8,2024,Monsoon,Kitchen,Rug,2024-01-01,2775.15,9842.64,31,False
SKU008,2024-08-18,99,974421.36,0,1,9842.64,33,8,2024,Monsoon,Kitchen,Rug,2024-01-01,2775.15,9842.64,32,False
SKU008,2024-08-25,113,1112218.32,0,0,9842.64,34,8,2024,Monsoon,Kitchen,Rug,2024-01-01,2775.15,9842.64,33,False
SKU008,2024-09-01,107,1053162.48,1,0,9842.64,35,9,2024,Monsoon,Kitchen,Rug,2024-01-01,2775.15,9842.64,34,False
SKU008,2024-09-08,115,1131903.6,2,0,9842.64,36,9,2024,Monsoon,Kitchen,Rug,2024-01-01,2775.15,9842.64,35,False
SKU008,2024-09-15,93,915365.52,2,0,9842.64,37,9,2024,Monsoon,Kitchen,Rug,2024-01-01,2775.15,9842.64,36,False
SKU008,2024-09-22,101,994106.64,2,0,9842.64,38,9,2024,Monsoon,Kitchen,Rug,2024-01-01,2775.15,9842.64,37,False
SKU008,2024-09-29,107,1053162.48,2,0,9842.64,39,9,2024,Monsoon,Kitchen,Rug,2024-01-01,2775.15,9842.64,38,False
SKU008,2024-10-06,89,875994.96,0,0,9842.64,40,10,2024,Autumn,Kitchen,Rug,2024-01-01,2775.15,9842.64,39,False
SKU008,2024-10-13,80,787411.2,0,0,9842.64,41,10,2024,Autumn,Kitchen,Rug,2024-01-01,2775.15,9842.64,40,False
SKU008,2024-10-20,71,698827.44,0,0,9842.64,42,10,2024,Autumn,Kitchen,Rug,2024-01-01,2775.15,9842.64,41,False
SKU008,2024-10-27,97,954736.0800000001,0,0,9842.64,43,10,2024,Autumn,Kitchen,Rug,2024-01-01,2775.15,9842.64,42,False
SKU008,2024-11-03,99,974421.36,2,1,9842.64,44,11,2024,Autumn,Kitchen,Rug,2024-01-01,2775.15,9842.64,43,False
SKU008,2024-11-10,97,954736.08,2,0,9842.64,45,11,2024,Autumn,Kitchen,Rug,2024-01-01,2775.15,9842.64,44,False
SKU008,2024-11-17,106,1043319.84,2,0,9842.64,46,11,2024,Autumn,Kitchen,Rug,2024-01-01,2775.15,9842.64,45,False
SKU008,2024-11-24,88,866152.32,2,0,9842.64,47,11,2024,Autumn,Kitchen,Rug,2024-01-01,2775.15,9842.64,46,False
SKU008,2024-12-01,108,1063005.12,1,0,9842.64,48,12,2024,Winter,Kitchen,Rug,2024-01-01,2775.15,9842.64,47,False
SKU008,2024-12-08,109,1072847.76,0,0,9842.64,49,12,2024,Winter,Kitchen,Rug,2024-01-01,2775.15,9842.64,48,False
SKU008,2024-12-15,104,1023634.5599999999,0,0,9842.64,50,12,2024,Winter,Kitchen,Rug,2024-01-01,2775.15,9842.64,49,False
SKU008,2024-12-22,82,807096.48,0,0,9842.64,51,12,2024,Winter,Kitchen,Rug,2024-01-01,2775.15,9842.64,50,False
SKU008,2024-12-29,97,954736.0800000001,0,1,9842.64,52,12,2024,Winter,Kitchen,Rug,2024-01-01,2775.15,9842.64,51,False
SKU008,2025-01-05,103,1013791.9199999999,0,0,9842.64,1,1,2025,Winter,Kitchen,Rug,2024-01-01,2775.15,9842.64,52,False
SKU008,2025-01-12,105,1033477.2,0,0,9842.64,2,1,2025,Winter,Kitchen,Rug,2024-01-01,2775.15,9842.64,53,False
SKU008,2025-01-19,111,1092533.04,0,0,9842.64,3,1,2025,Winter,Kitchen,Rug,2024-01-01,2775.15,9842.64,54,False
SKU008,2025-01-26,106,1043319.84,0,1,9842.64,4,1,2025,Winter,Kitchen,Rug,2024-01-01,2775.15,9842.64,55,False
SKU008,2025-02-02,121,1190959.44,0,0,9842.64,5,2,2025,Winter,Kitchen,Rug,2024-01-01,2775.15,9842.64,56,False
SKU008,2025-02-09,134,1318913.76,0,0,9842.64,6,2,2025,Winter,Kitchen,Rug,2024-01-01,2775.15,9842.64,57,False
SKU008,2025-02-16,122,1200802.08,0,0,9842.64,7,2,2025,Winter,Kitchen,Rug,2024-01-01,2775.15,9842.64,58,False
SKU008,2025-02-23,112,1102375.68,0,0,9842.64,8,2,2025,Winter,Kitchen,Rug,2024-01-01,2775.15,9842.64,59,False
SKU008,2025-03-02,138,1358284.32,2,0,9842.64,9,3,2025,Spring,Kitchen,Rug,2024-01-01,2775.15,9842.64,60,False
SKU008,2025-03-09,133,1309071.1199999999,2,0,9842.64,10,3,2025,Spring,Kitchen,Rug,2024-01-01,2775.15,9842.64,61,False
SKU008,2025-03-16,153,1505923.92,2,0,9842.64,11,3,2025,Spring,Kitchen,Rug,2024-01-01,2775.15,9842.64,62,False
SKU008,2025-03-23,139,1368126.96,2,0,9842.64,12,3,2025,Spring,Kitchen,Rug,2024-01-01,2775.15,9842.64,63,False
SKU008,2025-03-30,154,1515766.56,2,0,9842.64,13,3,2025,Spring,Kitchen,Rug,2024-01-01,2775.15,9842.64,64,False
SKU008,2025-04-06,146,1437025.44,0,0,9842.64,14,4,2025,Spring,Kitchen,Rug,2024-01-01,2775.15,9842.64,65,False
SKU008,2025-04-13,131,1289385.84,0,0,9842.64,15,4,2025,Spring,Kitchen,Rug,2024-01-01,2775.15,9842.64,66,False
SKU008,2025-04-20,138,1358284.32,0,0,9842.64,16,4,2025,Spring,Kitchen,Rug,2024-01-01,2775.15,9842.64,67,False
SKU008,2025-04-27,130,1279543.2,0,0,9842.64,17,4,2025,Spring,Kitchen,Rug,2024-01-01,2775.15,9842.64,68,False
SKU008,2025-05-04,127,1250015.28,0,0,9842.64,18,5,2025,Summer,Kitchen,Rug,2024-01-01,2775.15,9842.64,69,False
SKU008,2025-05-11,139,1368126.96,0,0,9842.64,19,5,2025,Summer,Kitchen,Rug,2024-01-01,2775.15,9842.64,70,False
SKU008,2025-05-18,121,1190959.44,0,0,9842.64,20,5,2025,Summer,Kitchen,Rug,2024-01-01,2775.15,9842.64,71,False
SKU008,2025-05-25,118,1161431.52,0,0,9842.64,21,5,2025,Summer,Kitchen,Rug,2024-01-01,2775.15,9842.64,72,False
SKU008,2025-06-01,135,1328756.4,1,0,9842.64,22,6,2025,Summer,Kitchen,Rug,2024-01-01,2775.15,9842.64,73,False
SKU008,2025-06-08,122,1200802.08,2,0,9842.64,23,6,2025,Summer,Kitchen,Rug,2024-01-01,2775.15,9842.64,74,False
SKU008,2025-06-15,136,1338599.04,2,0,9842.64,24,6,2025,Summer,Kitchen,Rug,2024-01-01,2775.15,9842.64,75,False
SKU008,2025-06-22,101,994106.6399999999,2,0,9842.64,25,6,2025,Summer,Kitchen,Rug,2024-01-01,2775.15,9842.64,76,False
SKU008,2025-06-29,118,1161431.52,2,0,9842.64,26,6,2025,Summer,Kitchen,Rug,2024-01-01,2775.15,9842.64,77,False
SKU008,2025-07-06,128,1259857.92,0,0,9842.64,27,7,2025,Monsoon,Kitchen,Rug,2024-01-01,2775.15,9842.64,78,False
SKU008,2025-07-13,109,1072847.76,0,0,9842.64,28,7,2025,Monsoon,Kitchen,Rug,2024-01-01,2775.15,9842.64,79,False
SKU008,2025-07-20,110,1082690.4,0,0,9842.64,29,7,2025,Monsoon,Kitchen,Rug,2024-01-01,2775.15,9842.64,80,False
SKU008,2025-07-27,105,1033477.2,0,0,9842.64,30,7,2025,Monsoon,Kitchen,Rug,2024-01-01,2775.15,9842.64,81,False
SKU008,2025-08-03,112,1102375.68,0,0,9842.64,31,8,2025,Monsoon,Kitchen,Rug,2024-01-01,2775.15,9842.64,82,False
SKU008,2025-08-10,101,994106.6399999999,0,0,9842.64,32,8,2025,Monsoon,Kitchen,Rug,2024-01-01,2775.15,9842.64,83,False
SKU008,2025-08-17,126,1240172.64,0,1,9842.64,33,8,2025,Monsoon,Kitchen,Rug,2024-01-01,2775.15,9842.64,84,False
SKU008,2025-08-24,89,875994.96,0,0,9842.64,34,8,2025,Monsoon,Kitchen,Rug,2024-01-01,2775.15,9842.64,85,False
SKU008,2025-08-31,101,994106.6399999999,0,0,9842.64,35,8,2025,Monsoon,Kitchen,Rug,2024-01-01,2775.15,9842.64,86,False
SKU008,2025-09-07,92,905522.88,2,0,9842.64,36,9,2025,Monsoon,Kitchen,Rug,2024-01-01,2775.15,9842.64,87,False
SKU008,2025-09-14,90,885837.6,2,0,9842.64,37,9,2025,Monsoon,Kitchen,Rug,2024-01-01,2775.15,9842.64,88,False
SKU008,2025-09-21,87,856309.6799999999,2,0,9842.64,38,9,2025,Monsoon,Kitchen,Rug,2024-01-01,2775.15,9842.64,89,False
SKU008,2025-09-28,93,915365.52,2,0,9842.64,39,9,2025,Monsoon,Kitchen,Rug,2024-01-01,2775.15,9842.64,90,False
SKU008,2025-10-05,98,964578.72,0,0,9842.64,40,10,2025,Autumn,Kitchen,Rug,2024-01-01,2775.15,9842.64,91,False
SKU008,2025-10-12,88,866152.32,0,0,9842.64,41,10,2025,Autumn,Kitchen,Rug,2024-01-01,2775.15,9842.64,92,False
SKU008,2025-10-19,115,1131903.6,0,0,9842.64,42,10,2025,Autumn,Kitchen,Rug,2024-01-01,2775.15,9842.64,93,False
SKU008,2025-10-26,81,797253.84,0,1,9842.64,43,10,2025,Autumn,Kitchen,Rug,2024-01-01,2775.15,9842.64,94,False
SKU008,2025-11-02,100,984264.0,2,0,9842.64,44,11,2025,Autumn,Kitchen,Rug,2024-01-01,2775.15,9842.64,95,False
SKU008,2025-11-09,112,1102375.68,2,0,9842.64,45,11,2025,Autumn,Kitchen,Rug,2024-01-01,2775.15,9842.64,96,False
SKU008,2025-11-16,94,925208.1599999999,2,0,9842.64,46,11,2025,Autumn,Kitchen,Rug,2024-01-01,2775.15,9842.64,97,False
SKU008,2025-11-23,91,895680.24,2,0,9842.64,47,11,2025,Autumn,Kitchen,Rug,2024-01-01,2775.15,9842.64,98,False
SKU008,2025-11-30,117,1151588.8800000001,2,0,9842.64,48,11,2025,Autumn,Kitchen,Rug,2024-01-01,2775.15,9842.64,99,False
SKU008,2025-12-07,97,954736.08,0,0,9842.64,49,12,2025,Winter,Kitchen,Rug,2024-01-01,2775.15,9842.64,100,True
SKU008,2025-12-14,112,1102375.68,0,0,9842.64,50,12,2025,Winter,Kitchen,Rug,2024-01-01,2775.15,9842.64,101,True
SKU008,2025-12-21,100,984264.0,0,0,9842.64,51,12,2025,Winter,Kitchen,Rug,2024-01-01,2775.15,9842.64,102,True
SKU008,2025-12-28,105,1033477.2,0,1,9842.64,52,12,2025,Winter,Kitchen,Rug,2024-01-01,2775.15,9842.64,103,True
SKU009,2024-01-07,70,163582.3,0,0,2336.89,1,1,2024,Winter,Lighting,Organizer,2022-08-10,3121.06,2336.89,73,False
SKU009,2024-01-14,66,154234.74,0,0,2336.89,2,1,2024,Winter,Lighting,Organizer,2022-08-10,3121.06,2336.89,74,False
SKU009,2024-01-21,73,170592.97,0,0,2336.89,3,1,2024,Winter,Lighting,Organizer,2022-08-10,3121.06,2336.89,75,False
SKU009,2024-01-28,80,186951.19999999998,0,1,2336.89,4,1,2024,Winter,Lighting,Organizer,2022-08-10,3121.06,2336.89,76,False
SKU009,2024-02-04,103,240699.66999999998,0,0,2336.89,5,2,2024,Winter,Lighting,Organizer,2022-08-10,3121.06,2336.89,77,False
SKU009,2024-02-11,85,198635.65,0,0,2336.89,6,2,2024,Winter,Lighting,Organizer,2022-08-10,3121.06,2336.89,78,False
SKU009,2024-02-18,79,184614.31,0,0,2336.89,7,2,2024,Winter,Lighting,Organizer,2022-08-10,3121.06,2336.89,79,False
SKU009,2024-02-25,80,186951.2,0,0,2336.89,8,2,2024,Winter,Lighting,Organizer,2022-08-10,3121.06,2336.89,80,False
SKU009,2024-03-03,92,214993.88,2,0,2336.89,9,3,2024,Spring,Lighting,Organizer,2022-08-10,3121.06,2336.89,81,False
SKU009,2024-03-10,86,200972.54,2,0,2336.89,10,3,2024,Spring,Lighting,Organizer,2022-08-10,3121.06,2336.89,82,False
SKU009,2024-03-17,101,236025.89,2,0,2336.89,11,3,2024,Spring,Lighting,Organizer,2022-08-10,3121.06,2336.89,83,False
SKU009,2024-03-24,95,222004.55,2,0,2336.89,12,3,2024,Spring,Lighting,Organizer,2022-08-10,3121.06,2336.89,84,False
SKU009,2024-03-31,88,205646.32,2,0,2336.89,13,3,2024,Spring,Lighting,Organizer,2022-08-10,3121.06,2336.89,85,False
SKU009,2024-04-07,82,191624.98,0,0,2336.89,14,4,2024,Spring,Lighting,Organizer,2022-08-10,3121.06,2336.89,86,False
SKU009,2024-04-14,106,247710.34,0,0,2336.89,15,4,2024,Spring,Lighting,Organizer,2022-08-10,3121.06,2336.89,87,False
SKU009,2024-04-21,100,233689.0,0,0,2336.89,16,4,2024,Spring,Lighting,Organizer,2022-08-10,3121.06,2336.89,88,False
SKU009,2024-04-28,104,243036.56,0,0,2336.89,17,4,2024,Spring,Lighting,Organizer,2022-08-10,3121.06,2336.89,89,False
SKU009,2024-05-05,80,186951.19999999998,0,0,2336.89,18,5,2024,Summer,Lighting,Organizer,2022-08-10,3121.06,2336.89,90,False
SKU009,2024-05-12,70,163582.3,0,0,2336.89,19,5,2024,Summer,Lighting,Organizer,2022-08-10,3121.06,2336.89,91,False
SKU009,2024-05-19,83,193961.87,0,0,2336.89,20,5,2024,Summer,Lighting,Organizer,2022-08-10,3121.06,2336.89,92,False
SKU009,2024-05-26,83,193961.87,0,0,2336.89,21,5,2024,Summer,Lighting,Organizer,2022-08-10,3121.06,2336.89,93,False
SKU009,2024-06-02,74,172929.86,2,0,2336.89,22,6,2024,Summer,Lighting,Organizer,2022-08-10,3121.06,2336.89,94,False
SKU009,2024-06-09,94,219667.66,2,0,2336.89,23,6,2024,Summer,Lighting,Organizer,2022-08-10,3121.06,2336.89,95,False
SKU009,2024-06-16,93,217330.77,2,0,2336.89,24,6,2024,Summer,Lighting,Organizer,2022-08-10,3121.06,2336.89,96,False
SKU009,2024-06-23,64,149560.96,2,0,2336.89,25,6,2024,Summer,Lighting,Organizer,2022-08-10,3121.06,2336.89,97,False
SKU009,2024-06-30,84,196298.76,2,0,2336.89,26,6,2024,Summer,Lighting,Organizer,2022-08-10,3121.06,2336.89,98,False
SKU009,2024-07-07,78,182277.41999999998,0,0,2336.89,27,7,2024,Monsoon,Lighting,Organizer,2022-08-10,3121.06,2336.89,99,False
SKU009,2024-07-14,63,147224.07,0,0,2336.89,28,7,2024,Monsoon,Lighting,Organizer,2022-08-10,3121.06,2336.89,100,False
SKU009,2024-07-21,85,198635.65,0,0,2336.89,29,7,2024,Monsoon,Lighting,Organizer,2022-08-10,3121.06,2336.89,101,False
SKU009,2024-07-28,82,191624.97999999998,0,0,2336.89,30,7,2024,Monsoon,Lighting,Organizer,2022-08-10,3121.06,2336.89,102,False
SKU009,2024-08-04,85,198635.65,0,0,2336.89,31,8,2024,Monsoon,Lighting,Organizer,2022-08-10,3121.06,2336.89,103,False
SKU009,2024-08-11,66,154234.74,0,0,2336.89,32,8,2024,Monsoon,Lighting,Organizer,2022-08-10,3121.06,2336.89,104,False
SKU009,2024-08-18,70,163582.3,0,1,2336.89,33,8,2024,Monsoon,Lighting,Organizer,2022-08-10,3121.06,2336.89,105,False
SKU009,2024-08-25,59,137876.51,0,0,2336.89,34,8,2024,Monsoon,Lighting,Organizer,2022-08-10,3121.06,2336.89,106,False
SKU009,2024-09-01,58,135539.62,1,0,2336.89,35,9,2024,Monsoon,Lighting,Organizer,2022-08-10,3121.06,2336.89,107,False
SKU009,2024-09-08,58,135539.62,2,0,2336.89,36,9,2024,Monsoon,Lighting,Organizer,2022-08-10,3121.06,2336.89,108,False
SKU009,2024-09-15,56,130865.84,2,0,2336.89,37,9,2024,Monsoon,Lighting,Organizer,2022-08-10,3121.06,2336.89,109,False
SKU009,2024-09-22,58,135539.62,2,0,2336.89,38,9,2024,Monsoon,Lighting,Organizer,2022-08-10,3121.06,2336.89,110,False
SKU009,2024-09-29,67,156571.63,2,0,2336.89,39,9,2024,Monsoon,Lighting,Organizer,2022-08-10,3121.06,2336.89,111,False
SKU009,2024-10-06,42,98149.38,0,0,2336.89,40,10,2024,Autumn,Lighting,Organizer,2022-08-10,3121.06,2336.89,112,False
SKU009,2024-10-13,65,151897.85,0,0,2336.89,41,10,2024,Autumn,Lighting,Organizer,2022-08-10,3121.06,2336.89,113,False
SKU009,2024-10-20,58,135539.62,0,0,2336.89,42,10,2024,Autumn,Lighting,Organizer,2022-08-10,3121.06,2336.89,114,False
SKU009,2024-10-27,52,121518.28,0,0,2336.89,43,10,2024,Autumn,Lighting,Organizer,2022-08-10,3121.06,2336.89,115,False
SKU009,2024-11-03,66,154234.74,2,1,2336.89,44,11,2024,Autumn,Lighting,Organizer,2022-08-10,3121.06,2336.89,116,False
SKU009,2024-11-10,71,165919.19,2,0,2336.89,45,11,2024,Autumn,Lighting,Organizer,2022-08-10,3121.06,2336.89,117,False
SKU009,2024-11-17,67,156571.63,2,0,2336.89,46,11,2024,Autumn,Lighting,Organizer,2022-08-10,3121.06,2336.89,118,False
SKU009,2024-11-24,60,140213.4,2,0,2336.89,47,11,2024,Autumn,Lighting,Organizer,2022-08-10,3121.06,2336.89,119,False
SKU009,2024-12-01,52,121518.28,1,0,2336.89,48,12,2024,Winter,Lighting,Organizer,2022-08-10,3121.06,2336.89,120,False
SKU009,2024-12-08,55,128528.95,0,0,2336.89,49,12,2024,Winter,Lighting,Organizer,2022-08-10,3121.06,2336.89,121,False
SKU009,2024-12-15,71,165919.19,0,0,2336.89,50,12,2024,Winter,Lighting,Organizer,2022-08-10,3121.06,2336.89,122,False
SKU009,2024-12-22,76,177603.64,0,0,2336.89,51,12,2024,Winter,Lighting,Organizer,2022-08-10,3121.06,2336.89,123,False
SKU009,2024-12-29,68,158908.52,0,1,2336.89,52,12,2024,Winter,Lighting,Organizer,2022-08-10,3121.06,2336.89,124,False
SKU009,2025-01-05,66,154234.74,0,0,2336.89,1,1,2025,Winter,Lighting,Organizer,2022-08-10,3121.06,2336.89,125,False
SKU009,2025-01-12,55,128528.95,0,0,2336.89,2,1,2025,Winter,Lighting,Organizer,2022-08-10,3121.06,2336.89,126,False
SKU009,2025-01-19,70,163582.3,0,0,2336.89,3,1,2025,Winter,Lighting,Organizer,2022-08-10,3121.06,2336.89,127,False
SKU009,2025-01-26,71,165919.19,0,1,2336.89,4,1,2025,Winter,Lighting,Organizer,2022-08-10,3121.06,2336.89,128,False
SKU009,2025-02-02,69,161245.41,0,0,2336.89,5,2,2025,Winter,Lighting,Organizer,2022-08-10,3121.06,2336.89,129,False
SKU009,2025-02-09,86,200972.54,0,0,2336.89,6,2,2025,Winter,Lighting,Organizer,2022-08-10,3121.06,2336.89,130,False
SKU009,2025-02-16,74,172929.86,0,0,2336.89,7,2,2025,Winter,Lighting,Organizer,2022-08-10,3121.06,2336.89,131,False
SKU009,2025-02-23,75,175266.75,0,0,2336.89,8,2,2025,Winter,Lighting,Organizer,2022-08-10,3121.06,2336.89,132,False
SKU009,2025-03-02,91,212656.99,2,0,2336.89,9,3,2025,Spring,Lighting,Organizer,2022-08-10,3121.06,2336.89,133,False
SKU009,2025-03-09,99,231352.11,2,0,2336.89,10,3,2025,Spring,Lighting,Organizer,2022-08-10,3121.06,2336.89,134,False
SKU009,2025-03-16,92,214993.88,2,0,2336.89,11,3,2025,Spring,Lighting,Organizer,2022-08-10,3121.06,2336.89,135,False
SKU009,2025-03-23,102,238362.78,2,0,2336.89,12,3,2025,Spring,Lighting,Organizer,2022-08-10,3121.06,2336.89,136,False
SKU009,2025-03-30,82,191624.97999999998,2,0,2336.89,13,3,2025,Spring,Lighting,Organizer,2022-08-10,3121.06,2336.89,137,False
SKU009,2025-04-06,76,177603.63999999998,0,0,2336.89,14,4,2025,Spring,Lighting,Organizer,2022-08-10,3121.06,2336.89,138,False
SKU009,2025-04-13,79,184614.31,0,0,2336.89,15,4,2025,Spring,Lighting,Organizer,2022-08-10,3121.06,2336.89,139,False
SKU009,2025-04-20,69,161245.41,0,0,2336.89,16,4,2025,Spring,Lighting,Organizer,2022-08-10,3121.06,2336.89,140,False
SKU009,2025-04-27,100,233689.0,0,0,2336.89,17,4,2025,Spring,Lighting,Organizer,2022-08-10,3121.06,2336.89,141,False
SKU009,2025-05-04,76,177603.64,0,0,2336.89,18,5,2025,Summer,Lighting,Organizer,2022-08-10,3121.06,2336.89,142,False
SKU009,2025-05-11,92,214993.88,0,0,2336.89,19,5,2025,Summer,Lighting,Organizer,2022-08-10,3121.06,2336.89,143,False
SKU009,2025-05-18,104,243036.56,0,0,2336.89,20,5,2025,Summer,Lighting,Organizer,2022-08-10,3121.06,2336.89,144,False
SKU009,2025-05-25,88,205646.32,0,0,2336.89,21,5,2025,Summer,Lighting,Organizer,2022-08-10,3121.06,2336.89,145,False
SKU009,2025-06-01,74,172929.86,1,0,2336.89,22,6,2025,Summer,Lighting,Organizer,2022-08-10,3121.06,2336.89,146,False
SKU009,2025-06-08,88,205646.32,2,0,2336.89,23,6,2025,Summer,Lighting,Organizer,2022-08-10,3121.06,2336.89,147,False
SKU009,2025-06-15,86,200972.53999999998,2,0,2336.89,24,6,2025,Summer,Lighting,Organizer,2022-08-10,3121.06,2336.89,148,False
SKU009,2025-06-22,81,189288.09,2,0,2336.89,25,6,2025,Summer,Lighting,Organizer,2022-08-10,3121.06,2336.89,149,False
SKU009,2025-06-29,92,214993.88,2,0,2336.89,26,6,2025,Summer,Lighting,Organizer,2022-08-10,3121.06,2336.89,150,False
SKU009,2025-07-06,83,193961.87,0,0,2336.89,27,7,2025,Monsoon,Lighting,Organizer,2022-08-10,3121.06,2336.89,151,False
SKU009,2025-07-13,69,161245.41,0,0,2336.89,28,7,2025,Monsoon,Lighting,Organizer,2022-08-10,3121.06,2336.89,152,False
SKU009,2025-07-20,73,170592.97,0,0,2336.89,29,7,2025,Monsoon,Lighting,Organizer,2022-08-10,3121.06,2336.89,153,False
SKU009,2025-07-27,67,156571.63,0,0,2336.89,30,7,2025,Monsoon,Lighting,Organizer,2022-08-10,3121.06,2336.89,154,False
SKU009,2025-08-03,69,161245.40999999997,0,0,2336.89,31,8,2025,Monsoon,Lighting,Organizer,2022-08-10,3121.06,2336.89,155,False
SKU009,2025-08-10,66,154234.74,0,0,2336.89,32,8,2025,Monsoon,Lighting,Organizer,2022-08-10,3121.06,2336.89,156,False
SKU009,2025-08-17,61,142550.29,0,1,2336.89,33,8,2025,Monsoon,Lighting,Organizer,2022-08-10,3121.06,2336.89,157,False
SKU009,2025-08-24,69,161245.41,0,0,2336.89,34,8,2025,Monsoon,Lighting,Organizer,2022-08-10,3121.06,2336.89,158,False
SKU009,2025-08-31,62,144887.18,0,0,2336.89,35,8,2025,Monsoon,Lighting,Organizer,2022-08-10,3121.06,2336.89,159,False
SKU009,2025-09-07,71,165919.19,2,0,2336.89,36,9,2025,Monsoon,Lighting,Organizer,2022-08-10,3121.06,2336.89,160,False
SKU009,2025-09-14,87,203309.43,2,0,2336.89,37,9,2025,Monsoon,Lighting,Organizer,2022-08-10,3121.06,2336.89,161,False
SKU009,2025-09-21,70,163582.30000000002,2,0,2336.89,38,9,2025,Monsoon,Lighting,Organizer,2022-08-10,3121.06,2336.89,162,False
SKU009,2025-09-28,69,161245.41,2,0,2336.89,39,9,2025,Monsoon,Lighting,Organizer,2022-08-10,3121.06,2336.89,163,False
SKU009,2025-10-05,58,135539.62,0,0,2336.89,40,10,2025,Autumn,Lighting,Organizer,2022-08-10,3121.06,2336.89,164,False
SKU009,2025-10-12,51,119181.39,0,0,2336.89,41,10,2025,Autumn,Lighting,Organizer,2022-08-10,3121.06,2336.89,165,False
SKU009,2025-10-19,63,147224.07,0,0,2336.89,42,10,2025,Autumn,Lighting,Organizer,2022-08-10,3121.06,2336.89,166,False
SKU009,2025-10-26,52,121518.28,0,1,2336.89,43,10,2025,Autumn,Lighting,Organizer,2022-08-10,3121.06,2336.89,167,False
SKU009,2025-11-02,78,182277.41999999998,2,0,2336.89,44,11,2025,Autumn,Lighting,Organizer,2022-08-10,3121.06,2336.89,168,False
SKU009,2025-11-09,55,128528.95,2,0,2336.89,45,11,2025,Autumn,Lighting,Organizer,2022-08-10,3121.06,2336.89,169,False
SKU009,2025-11-16,62,144887.18,2,0,2336.89,46,11,2025,Autumn,Lighting,Organizer,2022-08-10,3121.06,2336.89,170,False
SKU009,2025-11-23,63,147224.07,2,0,2336.89,47,11,2025,Autumn,Lighting,Organizer,2022-08-10,3121.06,2336.89,171,False
SKU009,2025-11-30,66,154234.74,2,0,2336.89,48,11,2025,Autumn,Lighting,Organizer,2022-08-10,3121.06,2336.89,172,False
SKU009,2025-12-07,77,179940.53,0,0,2336.89,49,12,2025,Winter,Lighting,Organizer,2022-08-10,3121.06,2336.89,173,True
SKU009,2025-12-14,82,191624.97999999998,0,0,2336.89,50,12,2025,Winter,Lighting,Organizer,2022-08-10,3121.06,2336.89,174,True
SKU009,2025-12-21,69,161245.41,0,0,2336.89,51,12,2025,Winter,Lighting,Organizer,2022-08-10,3121.06,2336.89,175,True
SKU009,2025-12-28,77,179940.53,0,1,2336.89,52,12,2025,Winter,Lighting,Organizer,2022-08-10,3121.06,2336.89,176,True
SKU010,2024-01-07,111,73644.06,0,0,663.46,1,1,2024,Winter,Storage,Sofa,2022-04-14,3889.06,663.46,90,False
SKU010,2024-01-14,108,71653.68000000001,0,0,663.46,2,1,2024,Winter,Storage,Sofa,2022-04-14,3889.06,663.46,91,False
SKU010,2024-01-21,115,76297.9,0,0,663.46,3,1,2024,Winter,Storage,Sofa,2022-04-14,3889.06,663.46,92,False
SKU010,2024-01-28,115,76297.9,0,1,663.46,4,1,2024,Winter,Storage,Sofa,2022-04-14,3889.06,663.46,93,False
SKU010,2024-02-04,129,85586.34,0,0,663.46,5,2,2024,Winter,Storage,Sofa,2022-04-14,3889.06,663.46,94,False
SKU010,2024-02-11,136,90230.56,0,0,663.46,6,2,2024,Winter,Storage,Sofa,2022-04-14,3889.06,663.46,95,False
SKU010,2024-02-18,133,88240.18000000001,0,0,663.46,7,2,2024,Winter,Storage,Sofa,2022-04-14,3889.06,663.46,96,False
SKU010,2024-02-25,146,96865.16,0,0,663.46,8,2,2024,Winter,Storage,Sofa,2022-04-14,3889.06,663.46,97,False
SKU010,2024-03-03,145,96201.7,2,0,663.46,9,3,2024,Spring,Storage,Sofa,2022-04-14,3889.06,663.46,98,False
SKU010,2024-03-10,154,102172.84,2,0,663.46,10,3,2024,Spring,Storage,Sofa,2022-04-14,3889.06,663.46,99,False
SKU010,2024-03-17,138,91557.48000000001,2,0,663.46,11,3,2024,Spring,Storage,Sofa,2022-04-14,3889.06,663.46,100,False
SKU010,2024-03-24,141,93547.86,2,0,663.46,12,3,2024,Spring,Storage,Sofa,2022-04-14,3889.06,663.46,101,False
SKU010,2024-03-31,162,107480.52,2,0,663.46,13,3,2024,Spring,Storage,Sofa,2022-04-14,3889.06,663.46,102,False
SKU010,2024-04-07,124,82269.04000000001,0,0,663.46,14,4,2024,Spring,Storage,Sofa,2022-04-14,3889.06,663.46,103,False
SKU010,2024-04-14,141,93547.86,0,0,663.46,15,4,2024,Spring,Storage,Sofa,2022-04-14,3889.06,663.46,104,False
SKU010,2024-04-21,121,80278.66,0,0,663.46,16,4,2024,Spring,Storage,Sofa,2022-04-14,3889.06,663.46,105,False
SKU010,2024-04-28,121,80278.66,0,0,663.46,17,4,2024,Spring,Storage,Sofa,2022-04-14,3889.06,663.46,106,False
SKU010,2024-05-05,144,95538.24,0,0,663.46,18,5,2024,Summer,Storage,Sofa,2022-04-14,3889.06,663.46,107,False
SKU010,2024-05-12,117,77624.82,0,0,663.46,19,5,2024,Summer,Storage,Sofa,2022-04-14,3889.06,663.46,108,False
SKU010,2024-05-19,145,96201.7,0,0,663.46,20,5,2024,Summer,Storage,Sofa,2022-04-14,3889.06,663.46,109,False
SKU010,2024-05-26,141,93547.86,0,0,663.46,21,5,2024,Summer,Storage,Sofa,2022-04-14,3889.06,663.46,110,False
SKU010,2024-06-02,158,104826.68000000001,2,0,663.46,22,6,2024,Summer,Storage,Sofa,2022-04-14,3889.06,663.46,111,False
SKU010,2024-06-09,151,100182.45999999999,2,0,663.46,23,6,2024,Summer,Storage,Sofa,2022-04-14,3889.06,663.46,112,False
SKU010,2024-06-16,141,93547.86,2,0,663.46,24,6,2024,Summer,Storage,Sofa,2022-04-14,3889.06,663.46,113,False
SKU010,2024-06-23,153,101509.38,2,0,663.46,25,6,2024,Summer,Storage,Sofa,2022-04-14,3889.06,663.46,114,False
SKU010,2024-06-30,129,85586.34,2,0,663.46,26,6,2024,Summer,Storage,Sofa,2022-04-14,3889.06,663.46,115,False
SKU010,2024-07-07,103,68336.38,0,0,663.46,27,7,2024,Monsoon,Storage,Sofa,2022-04-14,3889.06,663.46,116,False
SKU010,2024-07-14,113,74970.98,0,0,663.46,28,7,2024,Monsoon,Storage,Sofa,2022-04-14,3889.06,663.46,117,False
SKU010,2024-07-21,111,73644.06,0,0,663.46,29,7,2024,Monsoon,Storage,Sofa,2022-04-14,3889.06,663.46,118,False
SKU010,2024-07-28,119,78951.74,0,0,663.46,30,7,2024,Monsoon,Storage,Sofa,2022-04-14,3889.06,663.46,119,False
SKU010,2024-08-04,110,72980.6,0,0,663.46,31,8,2024,Monsoon,Storage,Sofa,2022-04-14,3889.06,663.46,120,False
SKU010,2024-08-11,103,68336.38,0,0,663.46,32,8,2024,Monsoon,Storage,Sofa,2022-04-14,3889.06,663.46,121,False
SKU010,2024-08-18,103,68336.38,0,1,663.46,33,8,2024,Monsoon,Storage,Sofa,2022-04-14,3889.06,663.46,122,False
SKU010,2024-08-25,99,65682.54000000001,0,0,663.46,34,8,2024,Monsoon,Storage,Sofa,2022-04-14,3889.06,663.46,123,False
SKU010,2024-09-01,96,63692.16,1,0,663.46,35,9,2024,Monsoon,Storage,Sofa,2022-04-14,3889.06,663.46,124,False
SKU010,2024-09-08,92,61038.32,2,0,663.46,36,9,2024,Monsoon,Storage,Sofa,2022-04-14,3889.06,663.46,125,False
SKU010,2024-09-15,116,76961.36,2,0,663.46,37,9,2024,Monsoon,Storage,Sofa,2022-04-14,3889.06,663.46,126,False
SKU010,2024-09-22,115,76297.9,2,0,663.46,38,9,2024,Monsoon,Storage,Sofa,2022-04-14,3889.06,663.46,127,False
SKU010,2024-09-29,128,84922.88,2,0,663.46,39,9,2024,Monsoon,Storage,Sofa,2022-04-14,3889.06,663.46,128,False
SKU010,2024-10-06,122,80942.12000000001,0,0,663.46,40,10,2024,Autumn,Storage,Sofa,2022-04-14,3889.06,663.46,129,False
SKU010,2024-10-13,79,52413.340000000004,0,0,663.46,41,10,2024,Autumn,Storage,Sofa,2022-04-14,3889.06,663.46,130,False
SKU010,2024-10-20,74,49096.04,0,0,663.46,42,10,2024,Autumn,Storage,Sofa,2022-04-14,3889.06,663.46,131,False
SKU010,2024-10-27,92,61038.32,0,0,663.46,43,10,2024,Autumn,Storage,Sofa,2022-04-14,3889.06,663.46,132,False
SKU010,2024-11-03,109,72317.14,2,1,663.46,44,11,2024,Autumn,Storage,Sofa,2022-04-14,3889.06,663.46,133,False
SKU010,2024-11-10,100,66346.0,2,0,663.46,45,11,2024,Autumn,Storage,Sofa,2022-04-14,3889.06,663.46,134,False
SKU010,2024-11-17,113,74970.98,2,0,663.46,46,11,2024,Autumn,Storage,Sofa,2022-04-14,3889.06,663.46,135,False
SKU010,2024-11-24,121,80278.66,2,0,663.46,47,11,2024,Autumn,Storage,Sofa,2022-04-14,3889.06,663.46,136,False
SKU010,2024-12-01,93,61701.78,1,0,663.46,48,12,2024,Winter,Storage,Sofa,2022-04-14,3889.06,663.46,137,False
SKU010,2024-12-08,99,65682.54000000001,0,0,663.46,49,12,2024,Winter,Storage,Sofa,2022-04-14,3889.06,663.46,138,False
SKU010,2024-12-15,106,70326.76000000001,0,0,663.46,50,12,2024,Winter,Storage,Sofa,2022-04-14,3889.06,663.46,139,False
SKU010,2024-12-22,109,72317.14,0,0,663.46,51,12,2024,Winter,Storage,Sofa,2022-04-14,3889.06,663.46,140,False
SKU010,2024-12-29,109,72317.14,0,1,663.46,52,12,2024,Winter,Storage,Sofa,2022-04-14,3889.06,663.46,141,False
SKU010,2025-01-05,116,76961.36,0,0,663.46,1,1,2025,Winter,Storage,Sofa,2022-04-14,3889.06,663.46,142,False
SKU010,2025-01-12,118,78288.28,0,0,663.46,2,1,2025,Winter,Storage,Sofa,2022-04-14,3889.06,663.46,143,False
SKU010,2025-01-19,113,74970.98000000001,0,0,663.46,3,1,2025,Winter,Storage,Sofa,2022-04-14,3889.06,663.46,144,False
SKU010,2025-01-26,118,78288.28,0,1,663.46,4,1,2025,Winter,Storage,Sofa,2022-04-14,3889.06,663.46,145,False
SKU010,2025-02-02,97,64355.62,0,0,663.46,5,2,2025,Winter,Storage,Sofa,2022-04-14,3889.06,663.46,146,False
SKU010,2025-02-09,124,82269.04000000001,0,0,663.46,6,2,2025,Winter,Storage,Sofa,2022-04-14,3889.06,663.46,147,False
SKU010,2025-02-16,128,84922.88,0,0,663.46,7,2,2025,Winter,Storage,Sofa,2022-04-14,3889.06,663.46,148,False
SKU010,2025-02-23,128,84922.88,0,0,663.46,8,2,2025,Winter,Storage,Sofa,2022-04-14,3889.06,663.46,149,False
SKU010,2025-03-02,155,102836.3,2,0,663.46,9,3,2025,Spring,Storage,Sofa,2022-04-14,3889.06,663.46,150,False
SKU010,2025-03-09,160,106153.6,2,0,663.46,10,3,2025,Spring,Storage,Sofa,2022-04-14,3889.06,663.46,151,False
SKU010,2025-03-16,139,92220.94,2,0,663.46,11,3,2025,Spring,Storage,Sofa,2022-04-14,3889.06,663.46,152,False
SKU010,2025-03-23,139,92220.94,2,0,663.46,12,3,2025,Spring,Storage,Sofa,2022-04-14,3889.06,663.46,153,False
SKU010,2025-03-30,156,103499.76000000001,2,0,663.46,13,3,2025,Spring,Storage,Sofa,2022-04-14,3889.06,663.46,154,False
SKU010,2025-04-06,149,98855.54000000001,0,0,663.46,14,4,2025,Spring,Storage,Sofa,2022-04-14,3889.06,663.46,155,False
SKU010,2025-04-13,133,88240.18000000001,0,0,663.46,15,4,2025,Spring,Storage,Sofa,2022-04-14,3889.06,663.46,156,False
SKU010,2025-04-20,137,90894.02,0,0,663.46,16,4,2025,Spring,Storage,Sofa,2022-04-14,3889.06,663.46,157,False
SKU010,2025-04-27,144,95538.23999999999,0,0,663.46,17,4,2025,Spring,Storage,Sofa,2022-04-14,3889.06,663.46,158,False
SKU010,2025-05-04,134,88903.64,0,0,663.46,18,5,2025,Summer,Storage,Sofa,2022-04-14,3889.06,663.46,159,False
SKU010,2025-05-11,130,86249.8,0,0,663.46,19,5,2025,Summer,Storage,Sofa,2022-04-14,3889.06,663.46,160,False
SKU010,2025-05-18,131,86913.26000000001,0,0,663.46,20,5,2025,Summer,Storage,Sofa,2022-04-14,3889.06,663.46,161,False
SKU010,2025-05-25,141,93547.86,0,0,663.46,21,5,2025,Summer,Storage,Sofa,2022-04-14,3889.06,663.46,162,False
SKU010,2025-06-01,145,96201.7,1,0,663.46,22,6,2025,Summer,Storage,Sofa,2022-04-14,3889.06,663.46,163,False
SKU010,2025-06-08,136,90230.56,2,0,663.46,23,6,2025,Summer,Storage,Sofa,2022-04-14,3889.06,663.46,164,False
SKU010,2025-06-15,141,93547.86,2,0,663.46,24,6,2025,Summer,Storage,Sofa,2022-04-14,3889.06,663.46,165,False
SKU010,2025-06-22,139,92220.94,2,0,663.46,25,6,2025,Summer,Storage,Sofa,2022-04-14,3889.06,663.46,166,False
SKU010,2025-06-29,123,81605.58,2,0,663.46,26,6,2025,Summer,Storage,Sofa,2022-04-14,3889.06,663.46,167,False
SKU010,2025-07-06,111,73644.06,0,0,663.46,27,7,2025,Monsoon,Storage,Sofa,2022-04-14,3889.06,663.46,168,False
SKU010,2025-07-13,120,79615.20000000001,0,0,663.46,28,7,2025,Monsoon,Storage,Sofa,2022-04-14,3889.06,663.46,169,False
SKU010,2025-07-20,124,82269.04,0,0,663.46,29,7,2025,Monsoon,Storage,Sofa,2022-04-14,3889.06,663.46,170,False
SKU010,2025-07-27,105,69663.3,0,0,663.46,30,7,2025,Monsoon,Storage,Sofa,2022-04-14,3889.06,663.46,171,False
SKU010,2025-08-03,91,60374.86,0,0,663.46,31,8,2025,Monsoon,Storage,Sofa,2022-04-14,3889.06,663.46,172,False
SKU010,2025-08-10,95,63028.7,0,0,663.46,32,8,2025,Monsoon,Storage,Sofa,2022-04-14,3889.06,663.46,173,False
SKU010,2025-08-17,113,74970.98,0,1,663.46,33,8,2025,Monsoon,Storage,Sofa,2022-04-14,3889.06,663.46,174,False
SKU010,2025-08-24,100,66346.0,0,0,663.46,34,8,2025,Monsoon,Storage,Sofa,2022-04-14,3889.06,663.46,175,False
SKU010,2025-08-31,114,75634.44,0,0,663.46,35,8,2025,Monsoon,Storage,Sofa,2022-04-14,3889.06,663.46,176,False
SKU010,2025-09-07,104,68999.84,2,0,663.46,36,9,2025,Monsoon,Storage,Sofa,2022-04-14,3889.06,663.46,177,False
SKU010,2025-09-14,92,61038.32,2,0,663.46,37,9,2025,Monsoon,Storage,Sofa,2022-04-14,3889.06,663.46,178,False
SKU010,2025-09-21,114,75634.44,2,0,663.46,38,9,2025,Monsoon,Storage,Sofa,2022-04-14,3889.06,663.46,179,False
SKU010,2025-09-28,100,66346.0,2,0,663.46,39,9,2025,Monsoon,Storage,Sofa,2022-04-14,3889.06,663.46,180,False
SKU010,2025-10-05,79,52413.340000000004,0,0,663.46,40,10,2025,Autumn,Storage,Sofa,2022-04-14,3889.06,663.46,181,False
SKU010,2025-10-12,83,55067.18,0,0,663.46,41,10,2025,Autumn,Storage,Sofa,2022-04-14,3889.06,663.46,182,False
SKU010,2025-10-19,96,63692.16,0,0,663.46,42,10,2025,Autumn,Storage,Sofa,2022-04-14,3889.06,663.46,183,False
SKU010,2025-10-26,86,57057.56,0,1,663.46,43,10,2025,Autumn,Storage,Sofa,2022-04-14,3889.06,663.46,184,False
SKU010,2025-11-02,120,79615.2,2,0,663.46,44,11,2025,Autumn,Storage,Sofa,2022-04-14,3889.06,663.46,185,False
SKU010,2025-11-09,91,60374.86,2,0,663.46,45,11,2025,Autumn,Storage,Sofa,2022-04-14,3889.06,663.46,186,False
SKU010,2025-11-16,105,69663.3,2,0,663.46,46,11,2025,Autumn,Storage,Sofa,2022-04-14,3889.06,663.46,187,False
SKU010,2025-11-23,102,67672.92,2,0,663.46,47,11,2025,Autumn,Storage,Sofa,2022-04-14,3889.06,663.46,188,False
SKU010,2025-11-30,104,68999.84,2,0,663.46,48,11,2025,Autumn,Storage,Sofa,2022-04-14,3889.06,663.46,189,False
SKU010,2025-12-07,126,83595.96,0,0,663.46,49,12,2025,Winter,Storage,Sofa,2022-04-14,3889.06,663.46,190,True
SKU010,2025-12-14,108,71653.68000000001,0,0,663.46,50,12,2025,Winter,Storage,Sofa,2022-04-14,3889.06,663.46,191,True
SKU010,2025-12-21,102,67672.92,0,0,663.46,51,12,2025,Winter,Storage,Sofa,2022-04-14,3889.06,663.46,192,True
SKU010,2025-12-28,102,67672.92,0,1,663.46,52,12,2025,Winter,Storage,Sofa,2022-04-14,3889.06,663.46,193,True
SKU011,2024-01-07,14,20223.84,0,0,1444.56,1,1,2024,Winter,Furniture,Chair,2023-08-03,1718.4,1444.56,22,False
SKU011,2024-01-14,20,28891.2,0,0,1444.56,2,1,2024,Winter,Furniture,Chair,2023-08-03,1718.4,1444.56,23,False
SKU011,2024-01-21,14,20223.84,0,0,1444.56,3,1,2024,Winter,Furniture,Chair,2023-08-03,1718.4,1444.56,24,False
SKU011,2024-01-28,15,21668.4,0,1,1444.56,4,1,2024,Winter,Furniture,Chair,2023-08-03,1718.4,1444.56,25,False
SKU011,2024-02-04,21,30335.760000000002,0,0,1444.56,5,2,2024,Winter,Furniture,Chair,2023-08-03,1718.4,1444.56,26,False
SKU011,2024-02-11,14,20223.84,0,0,1444.56,6,2,2024,Winter,Furniture,Chair,2023-08-03,1718.4,1444.56,27,False
SKU011,2024-02-18,20,28891.199999999997,0,0,1444.56,7,2,2024,Winter,Furniture,Chair,2023-08-03,1718.4,1444.56,28,False
SKU011,2024-02-25,28,40447.68,0,0,1444.56,8,2,2024,Winter,Furniture,Chair,2023-08-03,1718.4,1444.56,29,False
SKU011,2024-03-03,23,33224.880000000005,2,0,1444.56,9,3,2024,Spring,Furniture,Chair,2023-08-03,1718.4,1444.56,30,False
SKU011,2024-03-10,21,30335.760000000002,2,0,1444.56,10,3,2024,Spring,Furniture,Chair,2023-08-03,1718.4,1444.56,31,False
SKU011,2024-03-17,24,34669.44,2,0,1444.56,11,3,2024,Spring,Furniture,Chair,2023-08-03,1718.4,1444.56,32,False
SKU011,2024-03-24,25,36114.0,2,0,1444.56,12,3,2024,Spring,Furniture,Chair,2023-08-03,1718.4,1444.56,33,False
SKU011,2024-03-31,16,23112.96,2,0,1444.56,13,3,2024,Spring,Furniture,Chair,2023-08-03,1718.4,1444.56,34,False
SKU011,2024-04-07,20,28891.2,0,0,1444.56,14,4,2024,Spring,Furniture,Chair,2023-08-03,1718.4,1444.56,35,False
SKU011,2024-04-14,22,31780.32,0,0,1444.56,15,4,2024,Spring,Furniture,Chair,2023-08-03,1718.4,1444.56,36,False
SKU011,2024-04-21,19,27446.64,0,0,1444.56,16,4,2024,Spring,Furniture,Chair,2023-08-03,1718.4,1444.56,37,False
SKU011,2024-04-28,31,44781.36,0,0,1444.56,17,4,2024,Spring,Furniture,Chair,2023-08-03,1718.4,1444.56,38,False
SKU011,2024-05-05,20,28891.2,0,0,1444.56,18,5,2024,Summer,Furniture,Chair,2023-08-03,1718.4,1444.56,39,False
SKU011,2024-05-12,30,43336.8,0,0,1444.56,19,5,2024,Summer,Furniture,Chair,2023-08-03,1718.4,1444.56,40,False
SKU011,2024-05-19,28,40447.68,0,0,1444.56,20,5,2024,Summer,Furniture,Chair,2023-08-03,1718.4,1444.56,41,False
SKU011,2024-05-26,17,24557.52,0,0,1444.56,21,5,2024,Summer,Furniture,Chair,2023-08-03,1718.4,1444.56,42,False
SKU011,2024-06-02,26,37558.560000000005,2,0,1444.56,22,6,2024,Summer,Furniture,Chair,2023-08-03,1718.4,1444.56,43,False
SKU011,2024-06-09,24,34669.44,2,0,1444.56,23,6,2024,Summer,Furniture,Chair,2023-08-03,1718.4,1444.56,44,False
SKU011,2024-06-16,19,27446.64,2,0,1444.56,24,6,2024,Summer,Furniture,Chair,2023-08-03,1718.4,1444.56,45,False
SKU011,2024-06-23,16,23112.96,2,0,1444.56,25,6,2024,Summer,Furniture,Chair,2023-08-03,1718.4,1444.56,46,False
SKU011,2024-06-30,19,27446.64,2,0,1444.56,26,6,2024,Summer,Furniture,Chair,2023-08-03,1718.4,1444.56,47,False
SKU011,2024-07-07,19,27446.64,0,0,1444.56,27,7,2024,Monsoon,Furniture,Chair,2023-08-03,1718.4,1444.56,48,False
SKU011,2024-07-14,27,39003.12,0,0,1444.56,28,7,2024,Monsoon,Furniture,Chair,2023-08-03,1718.4,1444.56,49,False
SKU011,2024-07-21,12,17334.72,0,0,1444.56,29,7,2024,Monsoon,Furniture,Chair,2023-08-03,1718.4,1444.56,50,False
SKU011,2024-07-28,14,20223.84,0,0,1444.56,30,7,2024,Monsoon,Furniture,Chair,2023-08-03,1718.4,1444.56,51,False
SKU011,2024-08-04,12,17334.72,0,0,1444.56,31,8,2024,Monsoon,Furniture,Chair,2023-08-03,1718.4,1444.56,52,False
SKU011,2024-08-11,16,23112.96,0,0,1444.56,32,8,2024,Monsoon,Furniture,Chair,2023-08-03,1718.4,1444.56,53,False
SKU011,2024-08-18,17,24557.52,0,1,1444.56,33,8,2024,Monsoon,Furniture,Chair,2023-08-03,1718.4,1444.56,54,False
SKU011,2024-08-25,9,13001.039999999999,0,0,1444.56,34,8,2024,Monsoon,Furniture,Chair,2023-08-03,1718.4,1444.56,55,False
SKU011,2024-09-01,17,24557.52,1,0,1444.56,35,9,2024,Monsoon,Furniture,Chair,2023-08-03,1718.4,1444.56,56,False
SKU011,2024-09-08,18,26002.08,2,0,1444.56,36,9,2024,Monsoon,Furniture,Chair,2023-08-03,1718.4,1444.56,57,False
SKU011,2024-09-15,22,31780.32,2,0,1444.56,37,9,2024,Monsoon,Furniture,Chair,2023-08-03,1718.4,1444.56,58,False
SKU011,2024-09-22,15,21668.4,2,0,1444.56,38,9,2024,Monsoon,Furniture,Chair,2023-08-03,1718.4,1444.56,59,False
SKU011,2024-09-29,18,26002.08,2,0,1444.56,39,9,2024,Monsoon,Furniture,Chair,2023-08-03,1718.4,1444.56,60,False
SKU011,2024-10-06,11,15890.16,0,0,1444.56,40,10,2024,Autumn,Furniture,Chair,2023-08-03,1718.4,1444.56,61,False
SKU011,2024-10-13,16,23112.96,0,0,1444.56,41,10,2024,Autumn,Furniture,Chair,2023-08-03,1718.4,1444.56,62,False
SKU011,2024-10-20,13,18779.28,0,0,1444.56,42,10,2024,Autumn,Furniture,Chair,2023-08-03,1718.4,1444.56,63,False
SKU011,2024-10-27,9,13001.04,0,0,1444.56,43,10,2024,Autumn,Furniture,Chair,2023-08-03,1718.4,1444.56,64,False
SKU011,2024-11-03,15,21668.4,2,1,1444.56,44,11,2024,Autumn,Furniture,Chair,2023-08-03,1718.4,1444.56,65,False
SKU011,2024-11-10,11,15890.16,2,0,1444.56,45,11,2024,Autumn,Furniture,Chair,2023-08-03,1718.4,1444.56,66,False
SKU011,2024-11-17,16,23112.96,2,0,1444.56,46,11,2024,Autumn,Furniture,Chair,2023-08-03,1718.4,1444.56,67,False
SKU011,2024-11-24,25,36114.0,2,0,1444.56,47,11,2024,Autumn,Furniture,Chair,2023-08-03,1718.4,1444.56,68,False
SKU011,2024-12-01,22,31780.32,1,0,1444.56,48,12,2024,Winter,Furniture,Chair,2023-08-03,1718.4,1444.56,69,False
SKU011,2024-12-08,25,36114.0,0,0,1444.56,49,12,2024,Winter,Furniture,Chair,2023-08-03,1718.4,1444.56,70,False
SKU011,2024-12-15,15,21668.4,0,0,1444.56,50,12,2024,Winter,Furniture,Chair,2023-08-03,1718.4,1444.56,71,False
SKU011,2024-12-22,20,28891.199999999997,0,0,1444.56,51,12,2024,Winter,Furniture,Chair,2023-08-03,1718.4,1444.56,72,False
SKU011,2024-12-29,17,24557.52,0,1,1444.56,52,12,2024,Winter,Furniture,Chair,2023-08-03,1718.4,1444.56,73,False
SKU011,2025-01-05,17,24557.52,0,0,1444.56,1,1,2025,Winter,Furniture,Chair,2023-08-03,1718.4,1444.56,74,False
SKU011,2025-01-12,21,30335.760000000002,0,0,1444.56,2,1,2025,Winter,Furniture,Chair,2023-08-03,1718.4,1444.56,75,False
SKU011,2025-01-19,19,27446.64,0,0,1444.56,3,1,2025,Winter,Furniture,Chair,2023-08-03,1718.4,1444.56,76,False
SKU011,2025-01-26,24,34669.44,0,1,1444.56,4,1,2025,Winter,Furniture,Chair,2023-08-03,1718.4,1444.56,77,False
SKU011,2025-02-02,13,18779.28,0,0,1444.56,5,2,2025,Winter,Furniture,Chair,2023-08-03,1718.4,1444.56,78,False
SKU011,2025-02-09,16,23112.96,0,0,1444.56,6,2,2025,Winter,Furniture,Chair,2023-08-03,1718.4,1444.56,79,False
SKU011,2025-02-16,16,23112.96,0,0,1444.56,7,2,2025,Winter,Furniture,Chair,2023-08-03,1718.4,1444.56,80,False
SKU011,2025-02-23,23,33224.88,0,0,1444.56,8,2,2025,Winter,Furniture,Chair,2023-08-03,1718.4,1444.56,81,False
SKU011,2025-03-02,18,26002.079999999998,2,0,1444.56,9,3,2025,Spring,Furniture,Chair,2023-08-03,1718.4,1444.56,82,False
SKU011,2025-03-09,15,21668.4,2,0,1444.56,10,3,2025,Spring,Furniture,Chair,2023-08-03,1718.4,1444.56,83,False
SKU011,2025-03-16,22,31780.32,2,0,1444.56,11,3,2025,Spring,Furniture,Chair,2023-08-03,1718.4,1444.56,84,False
SKU011,2025-03-23,19,27446.64,2,0,1444.56,12,3,2025,Spring,Furniture,Chair,2023-08-03,1718.4,1444.56,85,False
SKU011,2025-03-30,18,26002.079999999998,2,0,1444.56,13,3,2025,Spring,Furniture,Chair,2023-08-03,1718.4,1444.56,86,False
SKU011,2025-04-06,20,28891.2,0,0,1444.56,14,4,2025,Spring,Furniture,Chair,2023-08-03,1718.4,1444.56,87,False
SKU011,2025-04-13,26,37558.56,0,0,1444.56,15,4,2025,Spring,Furniture,Chair,2023-08-03,1718.4,1444.56,88,False
SKU011,2025-04-20,22,31780.32,0,0,1444.56,16,4,2025,Spring,Furniture,Chair,2023-08-03,1718.4,1444.56,89,False
SKU011,2025-04-27,24,34669.44,0,0,1444.56,17,4,2025,Spring,Furniture,Chair,2023-08-03,1718.4,1444.56,90,False
SKU011,2025-05-04,17,24557.52,0,0,1444.56,18,5,2025,Summer,Furniture,Chair,2023-08-03,1718.4,1444.56,91,False
SKU011,2025-05-11,17,24557.52,0,0,1444.56,19,5,2025,Summer,Furniture,Chair,2023-08-03,1718.4,1444.56,92,False
SKU011,2025-05-18,14,20223.84,0,0,1444.56,20,5,2025,Summer,Furniture,Chair,2023-08-03,1718.4,1444.56,93,False
SKU011,2025-05-25,16,23112.96,0,0,1444.56,21,5,2025,Summer,Furniture,Chair,2023-08-03,1718.4,1444.56,94,False
SKU011,2025-06-01,29,41892.240000000005,1,0,1444.56,22,6,2025,Summer,Furniture,Chair,2023-08-03,1718.4,1444.56,95,False
SKU011,2025-06-08,20,28891.2,2,0,1444.56,23,6,2025,Summer,Furniture,Chair,2023-08-03,1718.4,1444.56,96,False
SKU011,2025-06-15,26,37558.56,2,0,1444.56,24,6,2025,Summer,Furniture,Chair,2023-08-03,1718.4,1444.56,97,False
SKU011,2025-06-22,18,26002.079999999998,2,0,1444.56,25,6,2025,Summer,Furniture,Chair,2023-08-03,1718.4,1444.56,98,False
SKU011,2025-06-29,22,31780.32,2,0,1444.56,26,6,2025,Summer,Furniture,Chair,2023-08-03,1718.4,1444.56,99,False
SKU011,2025-07-06,25,36114.0,0,0,1444.56,27,7,2025,Monsoon,Furniture,Chair,2023-08-03,1718.4,1444.56,100,False
SKU011,2025-07-13,14,20223.84,0,0,1444.56,28,7,2025,Monsoon,Furniture,Chair,2023-08-03,1718.4,1444.56,101,False
SKU011,2025-07-20,21,30335.76,0,0,1444.56,29,7,2025,Monsoon,Furniture,Chair,2023-08-03,1718.4,1444.56,102,False
SKU011,2025-07-27,11,15890.16,0,0,1444.56,30,7,2025,Monsoon,Furniture,Chair,2023-08-03,1718.4,1444.56,103,False
SKU011,2025-08-03,18,26002.08,0,0,1444.56,31,8,2025,Monsoon,Furniture,Chair,2023-08-03,1718.4,1444.56,104,False
SKU011,2025-08-10,22,31780.32,0,0,1444.56,32,8,2025,Monsoon,Furniture,Chair,2023-08-03,1718.4,1444.56,105,False
SKU011,2025-08-17,14,20223.84,0,1,1444.56,33,8,2025,Monsoon,Furniture,Chair,2023-08-03,1718.4,1444.56,106,False
SKU011,2025-08-24,24,34669.44,0,0,1444.56,34,8,2025,Monsoon,Furniture,Chair,2023-08-03,1718.4,1444.56,107,False
SKU011,2025-08-31,11,15890.16,0,0,1444.56,35,8,2025,Monsoon,Furniture,Chair,2023-08-03,1718.4,1444.56,108,False
SKU011,2025-09-07,16,23112.96,2,0,1444.56,36,9,2025,Monsoon,Furniture,Chair,2023-08-03,1718.4,1444.56,109,False
SKU011,2025-09-14,16,23112.96,2,0,1444.56,37,9,2025,Monsoon,Furniture,Chair,2023-08-03,1718.4,1444.56,110,False
SKU011,2025-09-21,16,23112.96,2,0,1444.56,38,9,2025,Monsoon,Furniture,Chair,2023-08-03,1718.4,1444.56,111,False
SKU011,2025-09-28,11,15890.16,2,0,1444.56,39,9,2025,Monsoon,Furniture,Chair,2023-08-03,1718.4,1444.56,112,False
SKU011,2025-10-05,28,40447.68,0,0,1444.56,40,10,2025,Autumn,Furniture,Chair,2023-08-03,1718.4,1444.56,113,False
SKU011,2025-10-12,16,23112.96,0,0,1444.56,41,10,2025,Autumn,Furniture,Chair,2023-08-03,1718.4,1444.56,114,False
SKU011,2025-10-19,11,15890.16,0,0,1444.56,42,10,2025,Autumn,Furniture,Chair,2023-08-03,1718.4,1444.56,115,False
SKU011,2025-10-26,18,26002.08,0,1,1444.56,43,10,2025,Autumn,Furniture,Chair,2023-08-03,1718.4,1444.56,116,False
SKU011,2025-11-02,19,27446.64,2,0,1444.56,44,11,2025,Autumn,Furniture,Chair,2023-08-03,1718.4,1444.56,117,False
SKU011,2025-11-09,19,27446.64,2,0,1444.56,45,11,2025,Autumn,Furniture,Chair,2023-08-03,1718.4,1444.56,118,False
SKU011,2025-11-16,25,36114.0,2,0,1444.56,46,11,2025,Autumn,Furniture,Chair,2023-08-03,1718.4,1444.56,119,False
SKU011,2025-11-23,9,13001.039999999999,2,0,1444.56,47,11,2025,Autumn,Furniture,Chair,2023-08-03,1718.4,1444.56,120,False
SKU011,2025-11-30,15,21668.4,2,0,1444.56,48,11,2025,Autumn,Furniture,Chair,2023-08-03,1718.4,1444.56,121,False
SKU011,2025-12-07,17,24557.52,0,0,1444.56,49,12,2025,Winter,Furniture,Chair,2023-08-03,1718.4,1444.56,122,True
SKU011,2025-12-14,23,33224.880000000005,0,0,1444.56,50,12,2025,Winter,Furniture,Chair,2023-08-03,1718.4,1444.56,123,True
SKU011,2025-12-21,18,26002.08,0,0,1444.56,51,12,2025,Winter,Furniture,Chair,2023-08-03,1718.4,1444.56,124,True
SKU011,2025-12-28,22,31780.32,0,1,1444.56,52,12,2025,Winter,Furniture,Chair,2023-08-03,1718.4,1444.56,125,True
SKU012,2024-01-07,181,1589065.97,0,0,8779.37,1,1,2024,Winter,Home Decor,Table,2024-01-01,1256.89,8779.37,0,False
SKU012,2024-01-14,176,1545169.12,0,0,8779.37,2,1,2024,Winter,Home Decor,Table,2024-01-01,1256.89,8779.37,1,False
SKU012,2024-01-21,178,1562727.8599999999,0,0,8779.37,3,1,2024,Winter,Home Decor,Table,2024-01-01,1256.89,8779.37,2,False
SKU012,2024-01-28,185,1624183.45,0,1,8779.37,4,1,2024,Winter,Home Decor,Table,2024-01-01,1256.89,8779.37,3,False
SKU012,2024-02-04,186,1632962.82,0,0,8779.37,5,2,2024,Winter,Home Decor,Table,2024-01-01,1256.89,8779.37,4,False
SKU012,2024-02-11,206,1808550.22,0,0,8779.37,6,2,2024,Winter,Home Decor,Table,2024-01-01,1256.89,8779.37,5,False
SKU012,2024-02-18,192,1685639.04,0,0,8779.37,7,2,2024,Winter,Home Decor,Table,2024-01-01,1256.89,8779.37,6,False
SKU012,2024-02-25,190,1668080.3,0,0,8779.37,8,2,2024,Winter,Home Decor,Table,2024-01-01,1256.89,8779.37,7,False
SKU012,2024-03-03,229,2010475.73,2,0,8779.37,9,3,2024,Spring,Home Decor,Table,2024-01-01,1256.89,8779.37,8,False
SKU012,2024-03-10,205,1799770.85,2,0,8779.37,10,3,2024,Spring,Home Decor,Table,2024-01-01,1256.89,8779.37,9,False
SKU012,2024-03-17,206,1808550.22,2,0,8779.37,11,3,2024,Spring,Home Decor,Table,2024-01-01,1256.89,8779.37,10,False
SKU012,2024-03-24,210,1843667.7,2,0,8779.37,12,3,2024,Spring,Home Decor,Table,2024-01-01,1256.89,8779.37,11,False
SKU012,2024-03-31,231,2028034.47,2,0,8779.37,13,3,2024,Spring,Home Decor,Table,2024-01-01,1256.89,8779.37,12,False
SKU012,2024-04-07,223,1957799.51,0,0,8779.37,14,4,2024,Spring,Home Decor,Table,2024-01-01,1256.89,8779.37,13,False
SKU012,2024-04-14,211,1852447.0699999998,0,0,8779.37,15,4,2024,Spring,Home Decor,Table,2024-01-01,1256.89,8779.37,14,False
SKU012,2024-04-21,216,1896343.92,0,0,8779.37,16,4,2024,Spring,Home Decor,Table,2024-01-01,1256.89,8779.37,15,False
SKU012,2024-04-28,217,1905123.29,0,0,8779.37,17,4,2024,Spring,Home Decor,Table,2024-01-01,1256.89,8779.37,16,False
SKU012,2024-05-05,209,1834888.3299999998,0,0,8779.37,18,5,2024,Summer,Home Decor,Table,2024-01-01,1256.89,8779.37,17,False
SKU012,2024-05-12,210,1843667.7,0,0,8779.37,19,5,2024,Summer,Home Decor,Table,2024-01-01,1256.89,8779.37,18,False
SKU012,2024-05-19,188,1650521.56,0,0,8779.37,20,5,2024,Summer,Home Decor,Table,2024-01-01,1256.89,8779.37,19,False
SKU012,2024-05-26,183,1606624.71,0,0,8779.37,21,5,2024,Summer,Home Decor,Table,2024-01-01,1256.89,8779.37,20,False
SKU012,2024-06-02,204,1790991.48,2,0,8779.37,22,6,2024,Summer,Home Decor,Table,2024-01-01,1256.89,8779.37,21,False
SKU012,2024-06-09,205,1799770.85,2,0,8779.37,23,6,2024,Summer,Home Decor,Table,2024-01-01,1256.89,8779.37,22,False
SKU012,2024-06-16,230,2019255.1,2,0,8779.37,24,6,2024,Summer,Home Decor,Table,2024-01-01,1256.89,8779.37,23,False
SKU012,2024-06-23,213,1870005.81,2,0,8779.37,25,6,2024,Summer,Home Decor,Table,2024-01-01,1256.89,8779.37,24,False
SKU012,2024-06-30,202,1773432.74,2,0,8779.37,26,6,2024,Summer,Home Decor,Table,2024-01-01,1256.89,8779.37,25,False
SKU012,2024-07-07,173,1518831.01,0,0,8779.37,27,7,2024,Monsoon,Home Decor,Table,2024-01-01,1256.89,8779.37,26,False
SKU012,2024-07-14,174,1527610.38,0,0,8779.37,28,7,2024,Monsoon,Home Decor,Table,2024-01-01,1256.89,8779.37,27,False
SKU012,2024-07-21,190,1668080.3,0,0,8779.37,29,7,2024,Monsoon,Home Decor,Table,2024-01-01,1256.89,8779.37,28,False
SKU012,2024-07-28,198,1738315.26,0,0,8779.37,30,7,2024,Monsoon,Home Decor,Table,2024-01-01,1256.89,8779.37,29,False
SKU012,2024-08-04,163,1431037.31,0,0,8779.37,31,8,2024,Monsoon,Home Decor,Table,2024-01-01,1256.89,8779.37,30,False
SKU012,2024-08-11,163,1431037.31,0,0,8779.37,32,8,2024,Monsoon,Home Decor,Table,2024-01-01,1256.89,8779.37,31,False
SKU012,2024-08-18,154,1352022.98,0,1,8779.37,33,8,2024,Monsoon,Home Decor,Table,2024-01-01,1256.89,8779.37,32,False
SKU012,2024-08-25,169,1483713.53,0,0,8779.37,34,8,2024,Monsoon,Home Decor,Table,2024-01-01,1256.89,8779.37,33,False
SKU012,2024-09-01,176,1545169.12,1,0,8779.37,35,9,2024,Monsoon,Home Decor,Table,2024-01-01,1256.89,8779.37,34,False
SKU012,2024-09-08,151,1325684.87,2,0,8779.37,36,9,2024,Monsoon,Home Decor,Table,2024-01-01,1256.89,8779.37,35,False
SKU012,2024-09-15,167,1466154.79,2,0,8779.37,37,9,2024,Monsoon,Home Decor,Table,2024-01-01,1256.89,8779.37,36,False
SKU012,2024-09-22,163,1431037.31,2,0,8779.37,38,9,2024,Monsoon,Home Decor,Table,2024-01-01,1256.89,8779.37,37,False
SKU012,2024-09-29,174,1527610.38,2,0,8779.37,39,9,2024,Monsoon,Home Decor,Table,2024-01-01,1256.89,8779.37,38,False
SKU012,2024-10-06,144,1264229.28,0,0,8779.37,40,10,2024,Autumn,Home Decor,Table,2024-01-01,1256.89,8779.37,39,False
SKU012,2024-10-13,144,1264229.28,0,0,8779.37,41,10,2024,Autumn,Home Decor,Table,2024-01-01,1256.89,8779.37,40,False
SKU012,2024-10-20,144,1264229.28,0,0,8779.37,42,10,2024,Autumn,Home Decor,Table,2024-01-01,1256.89,8779.37,41,False
SKU012,2024-10-27,140,1229111.8,0,0,8779.37,43,10,2024,Autumn,Home Decor,Table,2024-01-01,1256.89,8779.37,42,False
SKU012,2024-11-03,183,1606624.71,2,1,8779.37,44,11,2024,Autumn,Home Decor,Table,2024-01-01,1256.89,8779.37,43,False
SKU012,2024-11-10,156,1369581.72,2,0,8779.37,45,11,2024,Autumn,Home Decor,Table,2024-01-01,1256.89,8779.37,44,False
SKU012,2024-11-17,179,1571507.23,2,0,8779.37,46,11,2024,Autumn,Home Decor,Table,2024-01-01,1256.89,8779.37,45,False
SKU012,2024-11-24,177,1553948.49,2,0,8779.37,47,11,2024,Autumn,Home Decor,Table,2024-01-01,1256.89,8779.37,46,False
SKU012,2024-12-01,170,1492492.9,1,0,8779.37,48,12,2024,Winter,Home Decor,Table,2024-01-01,1256.89,8779.37,47,False
SKU012,2024-12-08,147,1290567.39,0,0,8779.37,49,12,2024,Winter,Home Decor,Table,2024-01-01,1256.89,8779.37,48,False
SKU012,2024-12-15,184,1615404.08,0,0,8779.37,50,12,2024,Winter,Home Decor,Table,2024-01-01,1256.89,8779.37,49,False
SKU012,2024-12-22,161,1413478.57,0,0,8779.37,51,12,2024,Winter,Home Decor,Table,2024-01-01,1256.89,8779.37,50,False
SKU012,2024-12-29,161,1413478.57,0,1,8779.37,52,12,2024,Winter,Home Decor,Table,2024-01-01,1256.89,8779.37,51,False
SKU012,2025-01-05,161,1413478.57,0,0,8779.37,1,1,2025,Winter,Home Decor,Table,2024-01-01,1256.89,8779.37,52,False
SKU012,2025-01-12,180,1580286.5999999999,0,0,8779.37,2,1,2025,Winter,Home Decor,Table,2024-01-01,1256.89,8779.37,53,False
SKU012,2025-01-19,194,1703197.78,0,0,8779.37,3,1,2025,Winter,Home Decor,Table,2024-01-01,1256.89,8779.37,54,False
SKU012,2025-01-26,191,1676859.67,0,1,8779.37,4,1,2025,Winter,Home Decor,Table,2024-01-01,1256.89,8779.37,55,False
SKU012,2025-02-02,172,1510051.6400000001,0,0,8779.37,5,2,2025,Winter,Home Decor,Table,2024-01-01,1256.89,8779.37,56,False
SKU012,2025-02-09,195,1711977.15,0,0,8779.37,6,2,2025,Winter,Home Decor,Table,2024-01-01,1256.89,8779.37,57,False
SKU012,2025-02-16,203,1782212.1099999999,0,0,8779.37,7,2,2025,Winter,Home Decor,Table,2024-01-01,1256.89,8779.37,58,False
SKU012,2025-02-23,214,1878785.18,0,0,8779.37,8,2,2025,Winter,Home Decor,Table,2024-01-01,1256.89,8779.37,59,False
SKU012,2025-03-02,208,1826108.96,2,0,8779.37,9,3,2025,Spring,Home Decor,Table,2024-01-01,1256.89,8779.37,60,False
SKU012,2025-03-09,224,1966578.88,2,0,8779.37,10,3,2025,Spring,Home Decor,Table,2024-01-01,1256.89,8779.37,61,False
SKU012,2025-03-16,217,1905123.29,2,0,8779.37,11,3,2025,Spring,Home Decor,Table,2024-01-01,1256.89,8779.37,62,False
SKU012,2025-03-23,217,1905123.29,2,0,8779.37,12,3,2025,Spring,Home Decor,Table,2024-01-01,1256.89,8779.37,63,False
SKU012,2025-03-30,253,2221180.61,2,0,8779.37,13,3,2025,Spring,Home Decor,Table,2024-01-01,1256.89,8779.37,64,False
SKU012,2025-04-06,218,1913902.66,0,0,8779.37,14,4,2025,Spring,Home Decor,Table,2024-01-01,1256.89,8779.37,65,False
SKU012,2025-04-13,195,1711977.15,0,0,8779.37,15,4,2025,Spring,Home Decor,Table,2024-01-01,1256.89,8779.37,66,False
SKU012,2025-04-20,198,1738315.26,0,0,8779.37,16,4,2025,Spring,Home Decor,Table,2024-01-01,1256.89,8779.37,67,False
SKU012,2025-04-27,210,1843667.7,0,0,8779.37,17,4,2025,Spring,Home Decor,Table,2024-01-01,1256.89,8779.37,68,False
SKU012,2025-05-04,202,1773432.74,0,0,8779.37,18,5,2025,Summer,Home Decor,Table,2024-01-01,1256.89,8779.37,69,False
SKU012,2025-05-11,196,1720756.52,0,0,8779.37,19,5,2025,Summer,Home Decor,Table,2024-01-01,1256.89,8779.37,70,False
SKU012,2025-05-18,206,1808550.22,0,0,8779.37,20,5,2025,Summer,Home Decor,Table,2024-01-01,1256.89,8779.37,71,False
SKU012,2025-05-25,202,1773432.74,0,0,8779.37,21,5,2025,Summer,Home Decor,Table,2024-01-01,1256.89,8779.37,72,False
SKU012,2025-06-01,200,1755874.0,1,0,8779.37,22,6,2025,Summer,Home Decor,Table,2024-01-01,1256.89,8779.37,73,False
SKU012,2025-06-08,205,1799770.8499999999,2,0,8779.37,23,6,2025,Summer,Home Decor,Table,2024-01-01,1256.89,8779.37,74,False
SKU012,2025-06-15,204,1790991.48,2,0,8779.37,24,6,2025,Summer,Home Decor,Table,2024-01-01,1256.89,8779.37,75,False
SKU012,2025-06-22,190,1668080.3,2,0,8779.37,25,6,2025,Summer,Home Decor,Table,2024-01-01,1256.89,8779.37,76,False
SKU012,2025-06-29,173,1518831.01,2,0,8779.37,26,6,2025,Summer,Home Decor,Table,2024-01-01,1256.89,8779.37,77,False
SKU012,2025-07-06,171,1501272.27,0,0,8779.37,27,7,2025,Monsoon,Home Decor,Table,2024-01-01,1256.89,8779.37,78,False
SKU012,2025-07-13,189,1659300.93,0,0,8779.37,28,7,2025,Monsoon,Home Decor,Table,2024-01-01,1256.89,8779.37,79,False
SKU012,2025-07-20,179,1571507.23,0,0,8779.37,29,7,2025,Monsoon,Home Decor,Table,2024-01-01,1256.89,8779.37,80,False
SKU012,2025-07-27,155,1360802.35,0,0,8779.37,30,7,2025,Monsoon,Home Decor,Table,2024-01-01,1256.89,8779.37,81,False
SKU012,2025-08-03,160,1404699.2,0,0,8779.37,31,8,2025,Monsoon,Home Decor,Table,2024-01-01,1256.89,8779.37,82,False
SKU012,2025-08-10,163,1431037.31,0,0,8779.37,32,8,2025,Monsoon,Home Decor,Table,2024-01-01,1256.89,8779.37,83,False
SKU012,2025-08-17,177,1553948.49,0,1,8779.37,33,8,2025,Monsoon,Home Decor,Table,2024-01-01,1256.89,8779.37,84,False
SKU012,2025-08-24,178,1562727.8599999999,0,0,8779.37,34,8,2025,Monsoon,Home Decor,Table,2024-01-01,1256.89,8779.37,85,False
SKU012,2025-08-31,171,1501272.27,0,0,8779.37,35,8,2025,Monsoon,Home Decor,Table,2024-01-01,1256.89,8779.37,86,False
SKU012,2025-09-07,180,1580286.6,2,0,8779.37,36,9,2025,Monsoon,Home Decor,Table,2024-01-01,1256.89,8779.37,87,False
SKU012,2025-09-14,160,1404699.2000000002,2,0,8779.37,37,9,2025,Monsoon,Home Decor,Table,2024-01-01,1256.89,8779.37,88,False
SKU012,2025-09-21,171,1501272.27,2,0,8779.37,38,9,2025,Monsoon,Home Decor,Table,2024-01-01,1256.89,8779.37,89,False
SKU012,2025-09-28,150,1316905.5,2,0,8779.37,39,9,2025,Monsoon,Home Decor,Table,2024-01-01,1256.89,8779.37,90,False
SKU012,2025-10-05,136,1193994.32,0,0,8779.37,40,10,2025,Autumn,Home Decor,Table,2024-01-01,1256.89,8779.37,91,False
SKU012,2025-10-12,140,1229111.8,0,0,8779.37,41,10,2025,Autumn,Home Decor,Table,2024-01-01,1256.89,8779.37,92,False
SKU012,2025-10-19,128,1123759.36,0,0,8779.37,42,10,2025,Autumn,Home Decor,Table,2024-01-01,1256.89,8779.37,93,False
SKU012,2025-10-26,141,1237891.17,0,1,8779.37,43,10,2025,Autumn,Home Decor,Table,2024-01-01,1256.89,8779.37,94,False
SKU012,2025-11-02,151,1325684.87,2,0,8779.37,44,11,2025,Autumn,Home Decor,Table,2024-01-01,1256.89,8779.37,95,False
SKU012,2025-11-09,155,1360802.35,2,0,8779.37,45,11,2025,Autumn,Home Decor,Table,2024-01-01,1256.89,8779.37,96,False
SKU012,2025-11-16,163,1431037.31,2,0,8779.37,46,11,2025,Autumn,Home Decor,Table,2024-01-01,1256.89,8779.37,97,False
SKU012,2025-11-23,155,1360802.35,2,0,8779.37,47,11,2025,Autumn,Home Decor,Table,2024-01-01,1256.89,8779.37,98,False
SKU012,2025-11-30,161,1413478.5699999998,2,0,8779.37,48,11,2025,Autumn,Home Decor,Table,2024-01-01,1256.89,8779.37,99,False
SKU012,2025-12-07,167,1466154.79,0,0,8779.37,49,12,2025,Winter,Home Decor,Table,2024-01-01,1256.89,8779.37,100,True
SKU012,2025-12-14,155,1360802.35,0,0,8779.37,50,12,2025,Winter,Home Decor,Table,2024-01-01,1256.89,8779.37,101,True
SKU012,2025-12-21,171,1501272.27,0,0,8779.37,51,12,2025,Winter,Home Decor,Table,2024-01-01,1256.89,8779.37,102,True
SKU012,2025-12-28,150,1316905.5,0,1,8779.37,52,12,2025,Winter,Home Decor,Table,2024-01-01,1256.89,8779.37,103,True
SKU013,2024-01-07,101,581535.78,0,0,5757.78,1,1,2024,Winter,Kitchen,Cushion,2024-01-01,3936.71,5757.78,0,False
SKU013,2024-01-14,99,570020.22,0,0,5757.78,2,1,2024,Winter,Kitchen,Cushion,2024-01-01,3936.71,5757.78,1,False
SKU013,2024-01-21,105,604566.9,0,0,5757.78,3,1,2024,Winter,Kitchen,Cushion,2024-01-01,3936.71,5757.78,2,False
SKU013,2024-01-28,97,558504.66,0,1,5757.78,4,1,2024,Winter,Kitchen,Cushion,2024-01-01,3936.71,5757.78,3,False
SKU013,2024-02-04,98,564262.44,0,0,5757.78,5,2,2024,Winter,Kitchen,Cushion,2024-01-01,3936.71,5757.78,4,False
SKU013,2024-02-11,117,673660.26,0,0,5757.78,6,2,2024,Winter,Kitchen,Cushion,2024-01-01,3936.71,5757.78,5,False
SKU013,2024-02-18,111,639113.58,0,0,5757.78,7,2,2024,Winter,Kitchen,Cushion,2024-01-01,3936.71,5757.78,6,False
SKU013,2024-02-25,94,541231.32,0,0,5757.78,8,2,2024,Winter,Kitchen,Cushion,2024-01-01,3936.71,5757.78,7,False
SKU013,2024-03-03,130,748511.4,2,0,5757.78,9,3,2024,Spring,Kitchen,Cushion,2024-01-01,3936.71,5757.78,8,False
SKU013,2024-03-10,120,690933.6,2,0,5757.78,10,3,2024,Spring,Kitchen,Cushion,2024-01-01,3936.71,5757.78,9,False
SKU013,2024-03-17,137,788815.86,2,0,5757.78,11,3,2024,Spring,Kitchen,Cushion,2024-01-01,3936.71,5757.78,10,False
SKU013,2024-03-24,138,794573.64,2,0,5757.78,12,3,2024,Spring,Kitchen,Cushion,2024-01-01,3936.71,5757.78,11,False
SKU013,2024-03-31,108,621840.24,2,0,5757.78,13,3,2024,Spring,Kitchen,Cushion,2024-01-01,3936.71,5757.78,12,False
SKU013,2024-04-07,114,656386.92,0,0,5757.78,14,4,2024,Spring,Kitchen,Cushion,2024-01-01,3936.71,5757.78,13,False
SKU013,2024-04-14,110,633355.8,0,0,5757.78,15,4,2024,Spring,Kitchen,Cushion,2024-01-01,3936.71,5757.78,14,False
SKU013,2024-04-21,128,736995.84,0,0,5757.78,16,4,2024,Spring,Kitchen,Cushion,2024-01-01,3936.71,5757.78,15,False
SKU013,2024-04-28,102,587293.56,0,0,5757.78,17,4,2024,Spring,Kitchen,Cushion,2024-01-01,3936.71,5757.78,16,False
SKU013,2024-05-05,108,621840.24,0,0,5757.78,18,5,2024,Summer,Kitchen,Cushion,2024-01-01,3936.71,5757.78,17,False
SKU013,2024-05-12,120,690933.6,0,0,5757.78,19,5,2024,Summer,Kitchen,Cushion,2024-01-01,3936.71,5757.78,18,False
SKU013,2024-05-19,103,593051.3400000001,0,0,5757.78,20,5,2024,Summer,Kitchen,Cushion,2024-01-01,3936.71,5757.78,19,False
SKU013,2024-05-26,113,650629.14,0,0,5757.78,21,5,2024,Summer,Kitchen,Cushion,2024-01-01,3936.71,5757.78,20,False
SKU013,2024-06-02,134,771542.52,2,0,5757.78,22,6,2024,Summer,Kitchen,Cushion,2024-01-01,3936.71,5757.78,21,False
SKU013,2024-06-09,112,644871.36,2,0,5757.78,23,6,2024,Summer,Kitchen,Cushion,2024-01-01,3936.71,5757.78,22,False
SKU013,2024-06-16,92,529715.76,2,0,5757.78,24,6,2024,Summer,Kitchen,Cushion,2024-01-01,3936.71,5757.78,23,False
SKU013,2024-06-23,107,616082.46,2,0,5757.78,25,6,2024,Summer,Kitchen,Cushion,2024-01-01,3936.71,5757.78,24,False
SKU013,2024-06-30,107,616082.46,2,0,5757.78,26,6,2024,Summer,Kitchen,Cushion,2024-01-01,3936.71,5757.78,25,False
SKU013,2024-07-07,94,541231.32,0,0,5757.78,27,7,2024,Monsoon,Kitchen,Cushion,2024-01-01,3936.71,5757.78,26,False
SKU013,2024-07-14,95,546989.1,0,0,5757.78,28,7,2024,Monsoon,Kitchen,Cushion,2024-01-01,3936.71,5757.78,27,False
SKU013,2024-07-21,86,495169.07999999996,0,0,5757.78,29,7,2024,Monsoon,Kitchen,Cushion,2024-01-01,3936.71,5757.78,28,False
SKU013,2024-07-28,107,616082.46,0,0,5757.78,30,7,2024,Monsoon,Kitchen,Cushion,2024-01-01,3936.71,5757.78,29,False
SKU013,2024-08-04,104,598809.12,0,0,5757.78,31,8,2024,Monsoon,Kitchen,Cushion,2024-01-01,3936.71,5757.78,30,False
SKU013,2024-08-11,85,489411.3,0,0,5757.78,32,8,2024,Monsoon,Kitchen,Cushion,2024-01-01,3936.71,5757.78,31,False
SKU013,2024-08-18,71,408802.38,0,1,5757.78,33,8,2024,Monsoon,Kitchen,Cushion,2024-01-01,3936.71,5757.78,32,False
SKU013,2024-08-25,91,523957.98,0,0,5757.78,34,8,2024,Monsoon,Kitchen,Cushion,2024-01-01,3936.71,5757.78,33,False
SKU013,2024-09-01,86,495169.07999999996,1,0,5757.78,35,9,2024,Monsoon,Kitchen,Cushion,2024-01-01,3936.71,5757.78,34,False
SKU013,2024-09-08,98,564262.44,2,0,5757.78,36,9,2024,Monsoon,Kitchen,Cushion,2024-01-01,3936.71,5757.78,35,False
SKU013,2024-09-15,101,581535.78,2,0,5757.78,37,9,2024,Monsoon,Kitchen,Cushion,2024-01-01,3936.71,5757.78,36,False
SKU013,2024-09-22,84,483653.52,2,0,5757.78,38,9,2024,Monsoon,Kitchen,Cushion,2024-01-01,3936.71,5757.78,37,False
SKU013,2024-09-29,99,570020.22,2,0,5757.78,39,9,2024,Monsoon,Kitchen,Cushion,2024-01-01,3936.71,5757.78,38,False
SKU013,2024-10-06,68,391529.04,0,0,5757.78,40,10,2024,Autumn,Kitchen,Cushion,2024-01-01,3936.71,5757.78,39,False
SKU013,2024-10-13,75,431833.5,0,0,5757.78,41,10,2024,Autumn,Kitchen,Cushion,2024-01-01,3936.71,5757.78,40,False
SKU013,2024-10-20,80,460622.4,0,0,5757.78,42,10,2024,Autumn,Kitchen,Cushion,2024-01-01,3936.71,5757.78,41,False
SKU013,2024-10-27,64,368497.92,0,0,5757.78,43,10,2024,Autumn,Kitchen,Cushion,2024-01-01,3936.71,5757.78,42,False
SKU013,2024-11-03,93,535473.54,2,1,5757.78,44,11,2024,Autumn,Kitchen,Cushion,2024-01-01,3936.71,5757.78,43,False
SKU013,2024-11-10,72,414560.16000000003,2,0,5757.78,45,11,2024,Autumn,Kitchen,Cushion,2024-01-01,3936.71,5757.78,44,False
SKU013,2024-11-17,96,552746.88,2,0,5757.78,46,11,2024,Autumn,Kitchen,Cushion,2024-01-01,3936.71,5757.78,45,False
SKU013,2024-11-24,101,581535.78,2,0,5757.78,47,11,2024,Autumn,Kitchen,Cushion,2024-01-01,3936.71,5757.78,46,False
SKU013,2024-12-01,81,466380.18,1,0,5757.78,48,12,2024,Winter,Kitchen,Cushion,2024-01-01,3936.71,5757.78,47,False
SKU013,2024-12-08,95,546989.1,0,0,5757.78,49,12,2024,Winter,Kitchen,Cushion,2024-01-01,3936.71,5757.78,48,False
SKU013,2024-12-15,94,541231.32,0,0,5757.78,50,12,2024,Winter,Kitchen,Cushion,2024-01-01,3936.71,5757.78,49,False
SKU013,2024-12-22,84,483653.52,0,0,5757.78,51,12,2024,Winter,Kitchen,Cushion,2024-01-01,3936.71,5757.78,50,False
SKU013,2024-12-29,83,477895.74,0,1,5757.78,52,12,2024,Winter,Kitchen,Cushion,2024-01-01,3936.71,5757.78,51,False
SKU013,2025-01-05,82,472137.96,0,0,5757.78,1,1,2025,Winter,Kitchen,Cushion,2024-01-01,3936.71,5757.78,52,False
SKU013,2025-01-12,93,535473.54,0,0,5757.78,2,1,2025,Winter,Kitchen,Cushion,2024-01-01,3936.71,5757.78,53,False
SKU013,2025-01-19,98,564262.44,0,0,5757.78,3,1,2025,Winter,Kitchen,Cushion,2024-01-01,3936.71,5757.78,54,False
SKU013,2025-01-26,87,500926.86,0,1,5757.78,4,1,2025,Winter,Kitchen,Cushion,2024-01-01,3936.71,5757.78,55,False
SKU013,2025-02-02,91,523957.98,0,0,5757.78,5,2,2025,Winter,Kitchen,Cushion,2024-01-01,3936.71,5757.78,56,False
SKU013,2025-02-09,97,558504.66,0,0,5757.78,6,2,2025,Winter,Kitchen,Cushion,2024-01-01,3936.71,5757.78,57,False
SKU013,2025-02-16,97,558504.66,0,0,5757.78,7,2,2025,Winter,Kitchen,Cushion,2024-01-01,3936.71,5757.78,58,False
SKU013,2025-02-23,100,575778.0,0,0,5757.78,8,2,2025,Winter,Kitchen,Cushion,2024-01-01,3936.71,5757.78,59,False
SKU013,2025-03-02,105,604566.9,2,0,5757.78,9,3,2025,Spring,Kitchen,Cushion,2024-01-01,3936.71,5757.78,60,False
SKU013,2025-03-09,110,633355.8,2,0,5757.78,10,3,2025,Spring,Kitchen,Cushion,2024-01-01,3936.71,5757.78,61,False
SKU013,2025-03-16,110,633355.8,2,0,5757.78,11,3,2025,Spring,Kitchen,Cushion,2024-01-01,3936.71,5757.78,62,False
SKU013,2025-03-23,115,662144.7,2,0,5757.78,12,3,2025,Spring,Kitchen,Cushion,2024-01-01,3936.71,5757.78,63,False
SKU013,2025-03-30,127,731238.06,2,0,5757.78,13,3,2025,Spring,Kitchen,Cushion,2024-01-01,3936.71,5757.78,64,False
SKU013,2025-04-06,111,639113.58,0,0,5757.78,14,4,2025,Spring,Kitchen,Cushion,2024-01-01,3936.71,5757.78,65,False
SKU013,2025-04-13,105,604566.9,0,0,5757.78,15,4,2025,Spring,Kitchen,Cushion,2024-01-01,3936.71,5757.78,66,False
SKU013,2025-04-20,114,656386.9199999999,0,0,5757.78,16,4,2025,Spring,Kitchen,Cushion,2024-01-01,3936.71,5757.78,67,False
SKU013,2025-04-27,110,633355.8,0,0,5757.78,17,4,2025,Spring,Kitchen,Cushion,2024-01-01,3936.71,5757.78,68,False
SKU013,2025-05-04,109,627598.02,0,0,5757.78,18,5,2025,Summer,Kitchen,Cushion,2024-01-01,3936.71,5757.78,69,False
SKU013,2025-05-11,139,800331.42,0,0,5757.78,19,5,2025,Summer,Kitchen,Cushion,2024-01-01,3936.71,5757.78,70,False
SKU013,2025-05-18,106,610324.68,0,0,5757.78,20,5,2025,Summer,Kitchen,Cushion,2024-01-01,3936.71,5757.78,71,False
SKU013,2025-05-25,90,518200.2,0,0,5757.78,21,5,2025,Summer,Kitchen,Cushion,2024-01-01,3936.71,5757.78,72,False
SKU013,2025-06-01,117,673660.26,1,0,5757.78,22,6,2025,Summer,Kitchen,Cushion,2024-01-01,3936.71,5757.78,73,False
SKU013,2025-06-08,99,570020.22,2,0,5757.78,23,6,2025,Summer,Kitchen,Cushion,2024-01-01,3936.71,5757.78,74,False
SKU013,2025-06-15,115,662144.7,2,0,5757.78,24,6,2025,Summer,Kitchen,Cushion,2024-01-01,3936.71,5757.78,75,False
SKU013,2025-06-22,118,679418.04,2,0,5757.78,25,6,2025,Summer,Kitchen,Cushion,2024-01-01,3936.71,5757.78,76,False
SKU013,2025-06-29,128,736995.84,2,0,5757.78,26,6,2025,Summer,Kitchen,Cushion,2024-01-01,3936.71,5757.78,77,False
SKU013,2025-07-06,101,581535.78,0,0,5757.78,27,7,2025,Monsoon,Kitchen,Cushion,2024-01-01,3936.71,5757.78,78,False
SKU013,2025-07-13,109,627598.02,0,0,5757.78,28,7,2025,Monsoon,Kitchen,Cushion,2024-01-01,3936.71,5757.78,79,False
SKU013,2025-07-20,87,500926.86,0,0,5757.78,29,7,2025,Monsoon,Kitchen,Cushion,2024-01-01,3936.71,5757.78,80,False
SKU013,2025-07-27,87,500926.86,0,0,5757.78,30,7,2025,Monsoon,Kitchen,Cushion,2024-01-01,3936.71,5757.78,81,False
SKU013,2025-08-03,85,489411.3,0,0,5757.78,31,8,2025,Monsoon,Kitchen,Cushion,2024-01-01,3936.71,5757.78,82,False
SKU013,2025-08-10,82,472137.95999999996,0,0,5757.78,32,8,2025,Monsoon,Kitchen,Cushion,2024-01-01,3936.71,5757.78,83,False
SKU013,2025-08-17,106,610324.6799999999,0,1,5757.78,33,8,2025,Monsoon,Kitchen,Cushion,2024-01-01,3936.71,5757.78,84,False
SKU013,2025-08-24,96,552746.88,0,0,5757.78,34,8,2025,Monsoon,Kitchen,Cushion,2024-01-01,3936.71,5757.78,85,False
SKU013,2025-08-31,84,483653.52,0,0,5757.78,35,8,2025,Monsoon,Kitchen,Cushion,2024-01-01,3936.71,5757.78,86,False
SKU013,2025-09-07,99,570020.22,2,0,5757.78,36,9,2025,Monsoon,Kitchen,Cushion,2024-01-01,3936.71,5757.78,87,False
SKU013,2025-09-14,105,604566.9,2,0,5757.78,37,9,2025,Monsoon,Kitchen,Cushion,2024-01-01,3936.71,5757.78,88,False
SKU013,2025-09-21,82,472137.96,2,0,5757.78,38,9,2025,Monsoon,Kitchen,Cushion,2024-01-01,3936.71,5757.78,89,False
SKU013,2025-09-28,82,472137.95999999996,2,0,5757.78,39,9,2025,Monsoon,Kitchen,Cushion,2024-01-01,3936.71,5757.78,90,False
SKU013,2025-10-05,96,552746.88,0,0,5757.78,40,10,2025,Autumn,Kitchen,Cushion,2024-01-01,3936.71,5757.78,91,False
SKU013,2025-10-12,87,500926.86,0,0,5757.78,41,10,2025,Autumn,Kitchen,Cushion,2024-01-01,3936.71,5757.78,92,False
SKU013,2025-10-19,61,351224.57999999996,0,0,5757.78,42,10,2025,Autumn,Kitchen,Cushion,2024-01-01,3936.71,5757.78,93,False
SKU013,2025-10-26,69,397286.82,0,1,5757.78,43,10,2025,Autumn,Kitchen,Cushion,2024-01-01,3936.71,5757.78,94,False
SKU013,2025-11-02,79,454864.62,2,0,5757.78,44,11,2025,Autumn,Kitchen,Cushion,2024-01-01,3936.71,5757.78,95,False
SKU013,2025-11-09,84,483653.52,2,0,5757.78,45,11,2025,Autumn,Kitchen,Cushion,2024-01-01,3936.71,5757.78,96,False
SKU013,2025-11-16,89,512442.42,2,0,5757.78,46,11,2025,Autumn,Kitchen,Cushion,2024-01-01,3936.71,5757.78,97,False
SKU013,2025-11-23,80,460622.4,2,0,5757.78,47,11,2025,Autumn,Kitchen,Cushion,2024-01-01,3936.71,5757.78,98,False
SKU013,2025-11-30,95,546989.1,2,0,5757.78,48,11,2025,Autumn,Kitchen,Cushion,2024-01-01,3936.71,5757.78,99,False
SKU013,2025-12-07,78,449106.83999999997,0,0,5757.78,49,12,2025,Winter,Kitchen,Cushion,2024-01-01,3936.71,5757.78,100,True
SKU013,2025-12-14,107,616082.46,0,0,5757.78,50,12,2025,Winter,Kitchen,Cushion,2024-01-01,3936.71,5757.78,101,True
SKU013,2025-12-21,96,552746.88,0,0,5757.78,51,12,2025,Winter,Kitchen,Cushion,2024-01-01,3936.71,5757.78,102,True
SKU013,2025-12-28,71,408802.38,0,1,5757.78,52,12,2025,Winter,Kitchen,Cushion,2024-01-01,3936.71,5757.78,103,True
SKU014,2024-01-07,155,351966.25,0,0,2270.75,1,1,2024,Winter,Lighting,Cookware,2024-01-01,2008.55,2270.75,0,False
SKU014,2024-01-14,152,345154.0,0,0,2270.75,2,1,2024,Winter,Lighting,Cookware,2024-01-01,2008.55,2270.75,1,False
SKU014,2024-01-21,145,329258.75,0,0,2270.75,3,1,2024,Winter,Lighting,Cookware,2024-01-01,2008.55,2270.75,2,False
SKU014,2024-01-28,132,299739.0,0,1,2270.75,4,1,2024,Winter,Lighting,Cookware,2024-01-01,2008.55,2270.75,3,False
SKU014,2024-02-04,138,313363.5,0,0,2270.75,5,2,2024,Winter,Lighting,Cookware,2024-01-01,2008.55,2270.75,4,False
SKU014,2024-02-11,165,374673.75,0,0,2270.75,6,2,2024,Winter,Lighting,Cookware,2024-01-01,2008.55,2270.75,5,False
SKU014,2024-02-18,169,383756.75,0,0,2270.75,7,2,2024,Winter,Lighting,Cookware,2024-01-01,2008.55,2270.75,6,False
SKU014,2024-02-25,147,333800.25,0,0,2270.75,8,2,2024,Winter,Lighting,Cookware,2024-01-01,2008.55,2270.75,7,False
SKU014,2024-03-03,188,426901.0,2,0,2270.75,9,3,2024,Spring,Lighting,Cookware,2024-01-01,2008.55,2270.75,8,False
SKU014,2024-03-10,185,420088.75,2,0,2270.75,10,3,2024,Spring,Lighting,Cookware,2024-01-01,2008.55,2270.75,9,False
SKU014,2024-03-17,194,440525.5,2,0,2270.75,11,3,2024,Spring,Lighting,Cookware,2024-01-01,2008.55,2270.75,10,False
SKU014,2024-03-24,193,438254.75,2,0,2270.75,12,3,2024,Spring,Lighting,Cookware,2024-01-01,2008.55,2270.75,11,False
SKU014,2024-03-31,193,438254.75,2,0,2270.75,13,3,2024,Spring,Lighting,Cookware,2024-01-01,2008.55,2270.75,12,False
SKU014,2024-04-07,174,395110.5,0,0,2270.75,14,4,2024,Spring,Lighting,Cookware,2024-01-01,2008.55,2270.75,13,False
SKU014,2024-04-14,186,422359.5,0,0,2270.75,15,4,2024,Spring,Lighting,Cookware,2024-01-01,2008.55,2270.75,14,False
SKU014,2024-04-21,198,449608.5,0,0,2270.75,16,4,2024,Spring,Lighting,Cookware,2024-01-01,2008.55,2270.75,15,False
SKU014,2024-04-28,151,342883.25,0,0,2270.75,17,4,2024,Spring,Lighting,Cookware,2024-01-01,2008.55,2270.75,16,False
SKU014,2024-05-05,170,386027.5,0,0,2270.75,18,5,2024,Summer,Lighting,Cookware,2024-01-01,2008.55,2270.75,17,False
SKU014,2024-05-12,163,370132.25,0,0,2270.75,19,5,2024,Summer,Lighting,Cookware,2024-01-01,2008.55,2270.75,18,False
SKU014,2024-05-19,146,331529.5,0,0,2270.75,20,5,2024,Summer,Lighting,Cookware,2024-01-01,2008.55,2270.75,19,False
SKU014,2024-05-26,168,381486.0,0,0,2270.75,21,5,2024,Summer,Lighting,Cookware,2024-01-01,2008.55,2270.75,20,False
SKU014,2024-06-02,199,451879.25,2,0,2270.75,22,6,2024,Summer,Lighting,Cookware,2024-01-01,2008.55,2270.75,21,False
SKU014,2024-06-09,174,395110.5,2,0,2270.75,23,6,2024,Summer,Lighting,Cookware,2024-01-01,2008.55,2270.75,22,False
SKU014,2024-06-16,175,397381.25,2,0,2270.75,24,6,2024,Summer,Lighting,Cookware,2024-01-01,2008.55,2270.75,23,False
SKU014,2024-06-23,176,399652.0,2,0,2270.75,25,6,2024,Summer,Lighting,Cookware,2024-01-01,2008.55,2270.75,24,False
SKU014,2024-06-30,184,417818.0,2,0,2270.75,26,6,2024,Summer,Lighting,Cookware,2024-01-01,2008.55,2270.75,25,False
SKU014,2024-07-07,137,311092.75,0,0,2270.75,27,7,2024,Monsoon,Lighting,Cookware,2024-01-01,2008.55,2270.75,26,False
SKU014,2024-07-14,158,358778.5,0,0,2270.75,28,7,2024,Monsoon,Lighting,Cookware,2024-01-01,2008.55,2270.75,27,False
SKU014,2024-07-21,151,342883.25,0,0,2270.75,29,7,2024,Monsoon,Lighting,Cookware,2024-01-01,2008.55,2270.75,28,False
SKU014,2024-07-28,154,349695.5,0,0,2270.75,30,7,2024,Monsoon,Lighting,Cookware,2024-01-01,2008.55,2270.75,29,False
SKU014,2024-08-04,132,299739.0,0,0,2270.75,31,8,2024,Monsoon,Lighting,Cookware,2024-01-01,2008.55,2270.75,30,False
SKU014,2024-08-11,144,326988.0,0,0,2270.75,32,8,2024,Monsoon,Lighting,Cookware,2024-01-01,2008.55,2270.75,31,False
SKU014,2024-08-18,123,279302.25,0,1,2270.75,33,8,2024,Monsoon,Lighting,Cookware,2024-01-01,2008.55,2270.75,32,False
SKU014,2024-08-25,129,292926.75,0,0,2270.75,34,8,2024,Monsoon,Lighting,Cookware,2024-01-01,2008.55,2270.75,33,False
SKU014,2024-09-01,135,306551.25,1,0,2270.75,35,9,2024,Monsoon,Lighting,Cookware,2024-01-01,2008.55,2270.75,34,False
SKU014,2024-09-08,146,331529.5,2,0,2270.75,36,9,2024,Monsoon,Lighting,Cookware,2024-01-01,2008.55,2270.75,35,False
SKU014,2024-09-15,145,329258.75,2,0,2270.75,37,9,2024,Monsoon,Lighting,Cookware,2024-01-01,2008.55,2270.75,36,False
SKU014,2024-09-22,137,311092.75,2,0,2270.75,38,9,2024,Monsoon,Lighting,Cookware,2024-01-01,2008.55,2270.75,37,False
SKU014,2024-09-29,151,342883.25,2,0,2270.75,39,9,2024,Monsoon,Lighting,Cookware,2024-01-01,2008.55,2270.75,38,False
SKU014,2024-10-06,97,220262.75,0,0,2270.75,40,10,2024,Autumn,Lighting,Cookware,2024-01-01,2008.55,2270.75,39,False
SKU014,2024-10-13,126,286114.5,0,0,2270.75,41,10,2024,Autumn,Lighting,Cookware,2024-01-01,2008.55,2270.75,40,False
SKU014,2024-10-20,123,279302.25,0,0,2270.75,42,10,2024,Autumn,Lighting,Cookware,2024-01-01,2008.55,2270.75,41,False
SKU014,2024-10-27,128,290656.0,0,0,2270.75,43,10,2024,Autumn,Lighting,Cookware,2024-01-01,2008.55,2270.75,42,False
SKU014,2024-11-03,132,299739.0,2,1,2270.75,44,11,2024,Autumn,Lighting,Cookware,2024-01-01,2008.55,2270.75,43,False
SKU014,2024-11-10,130,295197.5,2,0,2270.75,45,11,2024,Autumn,Lighting,Cookware,2024-01-01,2008.55,2270.75,44,False
SKU014,2024-11-17,124,281573.0,2,0,2270.75,46,11,2024,Autumn,Lighting,Cookware,2024-01-01,2008.55,2270.75,45,False
SKU014,2024-11-24,152,345154.0,2,0,2270.75,47,11,2024,Autumn,Lighting,Cookware,2024-01-01,2008.55,2270.75,46,False
SKU014,2024-12-01,142,322446.5,1,0,2270.75,48,12,2024,Winter,Lighting,Cookware,2024-01-01,2008.55,2270.75,47,False
SKU014,2024-12-08,128,290656.0,0,0,2270.75,49,12,2024,Winter,Lighting,Cookware,2024-01-01,2008.55,2270.75,48,False
SKU014,2024-12-15,135,306551.25,0,0,2270.75,50,12,2024,Winter,Lighting,Cookware,2024-01-01,2008.55,2270.75,49,False
SKU014,2024-12-22,141,320175.75,0,0,2270.75,51,12,2024,Winter,Lighting,Cookware,2024-01-01,2008.55,2270.75,50,False
SKU014,2024-12-29,135,306551.25,0,1,2270.75,52,12,2024,Winter,Lighting,Cookware,2024-01-01,2008.55,2270.75,51,False
SKU014,2025-01-05,131,297468.25,0,0,2270.75,1,1,2025,Winter,Lighting,Cookware,2024-01-01,2008.55,2270.75,52,False
SKU014,2025-01-12,131,297468.25,0,0,2270.75,2,1,2025,Winter,Lighting,Cookware,2024-01-01,2008.55,2270.75,53,False
SKU014,2025-01-19,144,326988.0,0,0,2270.75,3,1,2025,Winter,Lighting,Cookware,2024-01-01,2008.55,2270.75,54,False
SKU014,2025-01-26,181,411005.75,0,1,2270.75,4,1,2025,Winter,Lighting,Cookware,2024-01-01,2008.55,2270.75,55,False
SKU014,2025-02-02,126,286114.5,0,0,2270.75,5,2,2025,Winter,Lighting,Cookware,2024-01-01,2008.55,2270.75,56,False
SKU014,2025-02-09,167,379215.25,0,0,2270.75,6,2,2025,Winter,Lighting,Cookware,2024-01-01,2008.55,2270.75,57,False
SKU014,2025-02-16,188,426901.0,0,0,2270.75,7,2,2025,Winter,Lighting,Cookware,2024-01-01,2008.55,2270.75,58,False
SKU014,2025-02-23,155,351966.25,0,0,2270.75,8,2,2025,Winter,Lighting,Cookware,2024-01-01,2008.55,2270.75,59,False
SKU014,2025-03-02,180,408735.0,2,0,2270.75,9,3,2025,Spring,Lighting,Cookware,2024-01-01,2008.55,2270.75,60,False
SKU014,2025-03-09,182,413276.5,2,0,2270.75,10,3,2025,Spring,Lighting,Cookware,2024-01-01,2008.55,2270.75,61,False
SKU014,2025-03-16,207,470045.25,2,0,2270.75,11,3,2025,Spring,Lighting,Cookware,2024-01-01,2008.55,2270.75,62,False
SKU014,2025-03-23,187,424630.25,2,0,2270.75,12,3,2025,Spring,Lighting,Cookware,2024-01-01,2008.55,2270.75,63,False
SKU014,2025-03-30,173,392839.75,2,0,2270.75,13,3,2025,Spring,Lighting,Cookware,2024-01-01,2008.55,2270.75,64,False
SKU014,2025-04-06,163,370132.25,0,0,2270.75,14,4,2025,Spring,Lighting,Cookware,2024-01-01,2008.55,2270.75,65,False
SKU014,2025-04-13,182,413276.5,0,0,2270.75,15,4,2025,Spring,Lighting,Cookware,2024-01-01,2008.55,2270.75,66,False
SKU014,2025-04-20,176,399652.0,0,0,2270.75,16,4,2025,Spring,Lighting,Cookware,2024-01-01,2008.55,2270.75,67,False
SKU014,2025-04-27,177,401922.75,0,0,2270.75,17,4,2025,Spring,Lighting,Cookware,2024-01-01,2008.55,2270.75,68,False
SKU014,2025-05-04,156,354237.0,0,0,2270.75,18,5,2025,Summer,Lighting,Cookware,2024-01-01,2008.55,2270.75,69,False
SKU014,2025-05-11,156,354237.0,0,0,2270.75,19,5,2025,Summer,Lighting,Cookware,2024-01-01,2008.55,2270.75,70,False
SKU014,2025-05-18,151,342883.25,0,0,2270.75,20,5,2025,Summer,Lighting,Cookware,2024-01-01,2008.55,2270.75,71,False
SKU014,2025-05-25,164,372403.0,0,0,2270.75,21,5,2025,Summer,Lighting,Cookware,2024-01-01,2008.55,2270.75,72,False
SKU014,2025-06-01,164,372403.0,1,0,2270.75,22,6,2025,Summer,Lighting,Cookware,2024-01-01,2008.55,2270.75,73,False
SKU014,2025-06-08,202,458691.5,2,0,2270.75,23,6,2025,Summer,Lighting,Cookware,2024-01-01,2008.55,2270.75,74,False
SKU014,2025-06-15,163,370132.25,2,0,2270.75,24,6,2025,Summer,Lighting,Cookware,2024-01-01,2008.55,2270.75,75,False
SKU014,2025-06-22,159,361049.25,2,0,2270.75,25,6,2025,Summer,Lighting,Cookware,2024-01-01,2008.55,2270.75,76,False
SKU014,2025-06-29,191,433713.25,2,0,2270.75,26,6,2025,Summer,Lighting,Cookware,2024-01-01,2008.55,2270.75,77,False
SKU014,2025-07-06,134,304280.5,0,0,2270.75,27,7,2025,Monsoon,Lighting,Cookware,2024-01-01,2008.55,2270.75,78,False
SKU014,2025-07-13,126,286114.5,0,0,2270.75,28,7,2025,Monsoon,Lighting,Cookware,2024-01-01,2008.55,2270.75,79,False
SKU014,2025-07-20,139,315634.25,0,0,2270.75,29,7,2025,Monsoon,Lighting,Cookware,2024-01-01,2008.55,2270.75,80,False
SKU014,2025-07-27,148,336071.0,0,0,2270.75,30,7,2025,Monsoon,Lighting,Cookware,2024-01-01,2008.55,2270.75,81,False
SKU014,2025-08-03,141,320175.75,0,0,2270.75,31,8,2025,Monsoon,Lighting,Cookware,2024-01-01,2008.55,2270.75,82,False
SKU014,2025-08-10,121,274760.75,0,0,2270.75,32,8,2025,Monsoon,Lighting,Cookware,2024-01-01,2008.55,2270.75,83,False
SKU014,2025-08-17,123,279302.25,0,1,2270.75,33,8,2025,Monsoon,Lighting,Cookware,2024-01-01,2008.55,2270.75,84,False
SKU014,2025-08-24,131,297468.25,0,0,2270.75,34,8,2025,Monsoon,Lighting,Cookware,2024-01-01,2008.55,2270.75,85,False
SKU014,2025-08-31,157,356507.75,0,0,2270.75,35,8,2025,Monsoon,Lighting,Cookware,2024-01-01,2008.55,2270.75,86,False
SKU014,2025-09-07,127,288385.25,2,0,2270.75,36,9,2025,Monsoon,Lighting,Cookware,2024-01-01,2008.55,2270.75,87,False
SKU014,2025-09-14,151,342883.25,2,0,2270.75,37,9,2025,Monsoon,Lighting,Cookware,2024-01-01,2008.55,2270.75,88,False
SKU014,2025-09-21,140,317905.0,2,0,2270.75,38,9,2025,Monsoon,Lighting,Cookware,2024-01-01,2008.55,2270.75,89,False
SKU014,2025-09-28,132,299739.0,2,0,2270.75,39,9,2025,Monsoon,Lighting,Cookware,2024-01-01,2008.55,2270.75,90,False
SKU014,2025-10-05,123,279302.25,0,0,2270.75,40,10,2025,Autumn,Lighting,Cookware,2024-01-01,2008.55,2270.75,91,False
SKU014,2025-10-12,122,277031.5,0,0,2270.75,41,10,2025,Autumn,Lighting,Cookware,2024-01-01,2008.55,2270.75,92,False
SKU014,2025-10-19,120,272490.0,0,0,2270.75,42,10,2025,Autumn,Lighting,Cookware,2024-01-01,2008.55,2270.75,93,False
SKU014,2025-10-26,133,302009.75,0,1,2270.75,43,10,2025,Autumn,Lighting,Cookware,2024-01-01,2008.55,2270.75,94,False
SKU014,2025-11-02,127,288385.25,2,0,2270.75,44,11,2025,Autumn,Lighting,Cookware,2024-01-01,2008.55,2270.75,95,False
SKU014,2025-11-09,117,265677.75,2,0,2270.75,45,11,2025,Autumn,Lighting,Cookware,2024-01-01,2008.55,2270.75,96,False
SKU014,2025-11-16,130,295197.5,2,0,2270.75,46,11,2025,Autumn,Lighting,Cookware,2024-01-01,2008.55,2270.75,97,False
SKU014,2025-11-23,130,295197.5,2,0,2270.75,47,11,2025,Autumn,Lighting,Cookware,2024-01-01,2008.55,2270.75,98,False
SKU014,2025-11-30,151,342883.25,2,0,2270.75,48,11,2025,Autumn,Lighting,Cookware,2024-01-01,2008.55,2270.75,99,False
SKU014,2025-12-07,124,281573.0,0,0,2270.75,49,12,2025,Winter,Lighting,Cookware,2024-01-01,2008.55,2270.75,100,True
SKU014,2025-12-14,137,311092.75,0,0,2270.75,50,12,2025,Winter,Lighting,Cookware,2024-01-01,2008.55,2270.75,101,True
SKU014,2025-12-21,116,263407.0,0,0,2270.75,51,12,2025,Winter,Lighting,Cookware,2024-01-01,2008.55,2270.75,102,True
SKU014,2025-12-28,122,277031.5,0,1,2270.75,52,12,2025,Winter,Lighting,Cookware,2024-01-01,2008.55,2270.75,103,True
SKU015,2024-01-07,35,217424.2,0,0,6212.12,1,1,2024,Winter,Storage,Lamp,2024-01-01,5441.06,6212.12,0,False
SKU015,2024-01-14,27,167727.24,0,0,6212.12,2,1,2024,Winter,Storage,Lamp,2024-01-01,5441.06,6212.12,1,False
SKU015,2024-01-21,30,186363.6,0,0,6212.12,3,1,2024,Winter,Storage,Lamp,2024-01-01,5441.06,6212.12,2,False
SKU015,2024-01-28,27,167727.24,0,1,6212.12,4,1,2024,Winter,Storage,Lamp,2024-01-01,5441.06,6212.12,3,False
SKU015,2024-02-04,35,217424.2,0,0,6212.12,5,2,2024,Winter,Storage,Lamp,2024-01-01,5441.06,6212.12,4,False
SKU015,2024-02-11,46,285757.52,0,0,6212.12,6,2,2024,Winter,Storage,Lamp,2024-01-01,5441.06,6212.12,5,False
SKU015,2024-02-18,29,180151.48,0,0,6212.12,7,2,2024,Winter,Storage,Lamp,2024-01-01,5441.06,6212.12,6,False
SKU015,2024-02-25,35,217424.2,0,0,6212.12,8,2,2024,Winter,Storage,Lamp,2024-01-01,5441.06,6212.12,7,False
SKU015,2024-03-03,26,161515.12,2,0,6212.12,9,3,2024,Spring,Storage,Lamp,2024-01-01,5441.06,6212.12,8,False
SKU015,2024-03-10,43,267121.16000000003,2,0,6212.12,10,3,2024,Spring,Storage,Lamp,2024-01-01,5441.06,6212.12,9,False
SKU015,2024-03-17,42,260909.04,2,0,6212.12,11,3,2024,Spring,Storage,Lamp,2024-01-01,5441.06,6212.12,10,False
SKU015,2024-03-24,41,254696.91999999998,2,0,6212.12,12,3,2024,Spring,Storage,Lamp,2024-01-01,5441.06,6212.12,11,False
SKU015,2024-03-31,34,211212.08000000002,2,0,6212.12,13,3,2024,Spring,Storage,Lamp,2024-01-01,5441.06,6212.12,12,False
SKU015,2024-04-07,29,180151.48,0,0,6212.12,14,4,2024,Spring,Storage,Lamp,2024-01-01,5441.06,6212.12,13,False
SKU015,2024-04-14,37,229848.44,0,0,6212.12,15,4,2024,Spring,Storage,Lamp,2024-01-01,5441.06,6212.12,14,False
SKU015,2024-04-21,26,161515.12,0,0,6212.12,16,4,2024,Spring,Storage,Lamp,2024-01-01,5441.06,6212.12,15,False
SKU015,2024-04-28,35,217424.2,0,0,6212.12,17,4,2024,Spring,Storage,Lamp,2024-01-01,5441.06,6212.12,16,False
SKU015,2024-05-05,30,186363.6,0,0,6212.12,18,5,2024,Summer,Storage,Lamp,2024-01-01,5441.06,6212.12,17,False
SKU015,2024-05-12,26,161515.12,0,0,6212.12,19,5,2024,Summer,Storage,Lamp,2024-01-01,5441.06,6212.12,18,False
SKU015,2024-05-19,31,192575.72,0,0,6212.12,20,5,2024,Summer,Storage,Lamp,2024-01-01,5441.06,6212.12,19,False
SKU015,2024-05-26,36,223636.32,0,0,6212.12,21,5,2024,Summer,Storage,Lamp,2024-01-01,5441.06,6212.12,20,False
SKU015,2024-06-02,32,198787.84,2,0,6212.12,22,6,2024,Summer,Storage,Lamp,2024-01-01,5441.06,6212.12,21,False
SKU015,2024-06-09,41,254696.91999999998,2,0,6212.12,23,6,2024,Summer,Storage,Lamp,2024-01-01,5441.06,6212.12,22,False
SKU015,2024-06-16,36,223636.32,2,0,6212.12,24,6,2024,Summer,Storage,Lamp,2024-01-01,5441.06,6212.12,23,False
SKU015,2024-06-23,29,180151.48,2,0,6212.12,25,6,2024,Summer,Storage,Lamp,2024-01-01,5441.06,6212.12,24,False
SKU015,2024-06-30,29,180151.47999999998,2,0,6212.12,26,6,2024,Summer,Storage,Lamp,2024-01-01,5441.06,6212.12,25,False
SKU015,2024-07-07,27,167727.24,0,0,6212.12,27,7,2024,Monsoon,Storage,Lamp,2024-01-01,5441.06,6212.12,26,False
SKU015,2024-07-14,30,186363.59999999998,0,0,6212.12,28,7,2024,Monsoon,Storage,Lamp,2024-01-01,5441.06,6212.12,27,False
SKU015,2024-07-21,31,192575.72,0,0,6212.12,29,7,2024,Monsoon,Storage,Lamp,2024-01-01,5441.06,6212.12,28,False
SKU015,2024-07-28,26,161515.12,0,0,6212.12,30,7,2024,Monsoon,Storage,Lamp,2024-01-01,5441.06,6212.12,29,False
SKU015,2024-08-04,24,149090.88,0,0,6212.12,31,8,2024,Monsoon,Storage,Lamp,2024-01-01,5441.06,6212.12,30,False
SKU015,2024-08-11,22,136666.64,0,0,6212.12,32,8,2024,Monsoon,Storage,Lamp,2024-01-01,5441.06,6212.12,31,False
SKU015,2024-08-18,24,149090.88,0,1,6212.12,33,8,2024,Monsoon,Storage,Lamp,2024-01-01,5441.06,6212.12,32,False
SKU015,2024-08-25,25,155303.0,0,0,6212.12,34,8,2024,Monsoon,Storage,Lamp,2024-01-01,5441.06,6212.12,33,False
SKU015,2024-09-01,28,173939.36,1,0,6212.12,35,9,2024,Monsoon,Storage,Lamp,2024-01-01,5441.06,6212.12,34,False
SKU015,2024-09-08,25,155303.0,2,0,6212.12,36,9,2024,Monsoon,Storage,Lamp,2024-01-01,5441.06,6212.12,35,False
SKU015,2024-09-15,26,161515.12,2,0,6212.12,37,9,2024,Monsoon,Storage,Lamp,2024-01-01,5441.06,6212.12,36,False
SKU015,2024-09-22,21,130454.51999999999,2,0,6212.12,38,9,2024,Monsoon,Storage,Lamp,2024-01-01,5441.06,6212.12,37,False
SKU015,2024-09-29,20,124242.4,2,0,6212.12,39,9,2024,Monsoon,Storage,Lamp,2024-01-01,5441.06,6212.12,38,False
SKU015,2024-10-06,34,211212.08,0,0,6212.12,40,10,2024,Autumn,Storage,Lamp,2024-01-01,5441.06,6212.12,39,False
SKU015,2024-10-13,29,180151.48,0,0,6212.12,41,10,2024,Autumn,Storage,Lamp,2024-01-01,5441.06,6212.12,40,False
SKU015,2024-10-20,22,136666.64,0,0,6212.12,42,10,2024,Autumn,Storage,Lamp,2024-01-01,5441.06,6212.12,41,False
SKU015,2024-10-27,24,149090.88,0,0,6212.12,43,10,2024,Autumn,Storage,Lamp,2024-01-01,5441.06,6212.12,42,False
SKU015,2024-11-03,25,155303.0,2,1,6212.12,44,11,2024,Autumn,Storage,Lamp,2024-01-01,5441.06,6212.12,43,False
SKU015,2024-11-10,25,155303.0,2,0,6212.12,45,11,2024,Autumn,Storage,Lamp,2024-01-01,5441.06,6212.12,44,False
SKU015,2024-11-17,19,118030.28,2,0,6212.12,46,11,2024,Autumn,Storage,Lamp,2024-01-01,5441.06,6212.12,45,False
SKU015,2024-11-24,34,211212.08000000002,2,0,6212.12,47,11,2024,Autumn,Storage,Lamp,2024-01-01,5441.06,6212.12,46,False
SKU015,2024-12-01,22,136666.64,1,0,6212.12,48,12,2024,Winter,Storage,Lamp,2024-01-01,5441.06,6212.12,47,False
SKU015,2024-12-08,29,180151.47999999998,0,0,6212.12,49,12,2024,Winter,Storage,Lamp,2024-01-01,5441.06,6212.12,48,False
SKU015,2024-12-15,21,130454.52,0,0,6212.12,50,12,2024,Winter,Storage,Lamp,2024-01-01,5441.06,6212.12,49,False
SKU015,2024-12-22,26,161515.12,0,0,6212.12,51,12,2024,Winter,Storage,Lamp,2024-01-01,5441.06,6212.12,50,False
SKU015,2024-12-29,32,198787.84,0,1,6212.12,52,12,2024,Winter,Storage,Lamp,2024-01-01,5441.06,6212.12,51,False
SKU015,2025-01-05,31,192575.72,0,0,6212.12,1,1,2025,Winter,Storage,Lamp,2024-01-01,5441.06,6212.12,52,False
SKU015,2025-01-12,25,155303.0,0,0,6212.12,2,1,2025,Winter,Storage,Lamp,2024-01-01,5441.06,6212.12,53,False
SKU015,2025-01-19,27,167727.24,0,0,6212.12,3,1,2025,Winter,Storage,Lamp,2024-01-01,5441.06,6212.12,54,False
SKU015,2025-01-26,32,198787.84,0,1,6212.12,4,1,2025,Winter,Storage,Lamp,2024-01-01,5441.06,6212.12,55,False
SKU015,2025-02-02,29,180151.47999999998,0,0,6212.12,5,2,2025,Winter,Storage,Lamp,2024-01-01,5441.06,6212.12,56,False
SKU015,2025-02-09,31,192575.72,0,0,6212.12,6,2,2025,Winter,Storage,Lamp,2024-01-01,5441.06,6212.12,57,False
SKU015,2025-02-16,37,229848.44,0,0,6212.12,7,2,2025,Winter,Storage,Lamp,2024-01-01,5441.06,6212.12,58,False
SKU015,2025-02-23,30,186363.6,0,0,6212.12,8,2,2025,Winter,Storage,Lamp,2024-01-01,5441.06,6212.12,59,False
SKU015,2025-03-02,36,223636.32,2,0,6212.12,9,3,2025,Spring,Storage,Lamp,2024-01-01,5441.06,6212.12,60,False
SKU015,2025-03-09,37,229848.44,2,0,6212.12,10,3,2025,Spring,Storage,Lamp,2024-01-01,5441.06,6212.12,61,False
SKU015,2025-03-16,38,236060.56,2,0,6212.12,11,3,2025,Spring,Storage,Lamp,2024-01-01,5441.06,6212.12,62,False
SKU015,2025-03-23,22,136666.63999999998,2,0,6212.12,12,3,2025,Spring,Storage,Lamp,2024-01-01,5441.06,6212.12,63,False
SKU015,2025-03-30,30,186363.6,2,0,6212.12,13,3,2025,Spring,Storage,Lamp,2024-01-01,5441.06,6212.12,64,False
SKU015,2025-04-06,40,248484.8,0,0,6212.12,14,4,2025,Spring,Storage,Lamp,2024-01-01,5441.06,6212.12,65,False
SKU015,2025-04-13,38,236060.56,0,0,6212.12,15,4,2025,Spring,Storage,Lamp,2024-01-01,5441.06,6212.12,66,False
SKU015,2025-04-20,36,223636.32,0,0,6212.12,16,4,2025,Spring,Storage,Lamp,2024-01-01,5441.06,6212.12,67,False
SKU015,2025-04-27,33,204999.96,0,0,6212.12,17,4,2025,Spring,Storage,Lamp,2024-01-01,5441.06,6212.12,68,False
SKU015,2025-05-04,31,192575.72,0,0,6212.12,18,5,2025,Summer,Storage,Lamp,2024-01-01,5441.06,6212.12,69,False
SKU015,2025-05-11,40,248484.8,0,0,6212.12,19,5,2025,Summer,Storage,Lamp,2024-01-01,5441.06,6212.12,70,False
SKU015,2025-05-18,33,204999.96,0,0,6212.12,20,5,2025,Summer,Storage,Lamp,2024-01-01,5441.06,6212.12,71,False
SKU015,2025-05-25,27,167727.24,0,0,6212.12,21,5,2025,Summer,Storage,Lamp,2024-01-01,5441.06,6212.12,72,False
SKU015,2025-06-01,36,223636.31999999998,1,0,6212.12,22,6,2025,Summer,Storage,Lamp,2024-01-01,5441.06,6212.12,73,False
SKU015,2025-06-08,30,186363.6,2,0,6212.12,23,6,2025,Summer,Storage,Lamp,2024-01-01,5441.06,6212.12,74,False
SKU015,2025-06-15,23,142878.76,2,0,6212.12,24,6,2025,Summer,Storage,Lamp,2024-01-01,5441.06,6212.12,75,False
SKU015,2025-06-22,32,198787.84,2,0,6212.12,25,6,2025,Summer,Storage,Lamp,2024-01-01,5441.06,6212.12,76,False
SKU015,2025-06-29,25,155303.0,2,0,6212.12,26,6,2025,Summer,Storage,Lamp,2024-01-01,5441.06,6212.12,77,False
SKU015,2025-07-06,22,136666.63999999998,0,0,6212.12,27,7,2025,Monsoon,Storage,Lamp,2024-01-01,5441.06,6212.12,78,False
SKU015,2025-07-13,23,142878.76,0,0,6212.12,28,7,2025,Monsoon,Storage,Lamp,2024-01-01,5441.06,6212.12,79,False
SKU015,2025-07-20,29,180151.48,0,0,6212.12,29,7,2025,Monsoon,Storage,Lamp,2024-01-01,5441.06,6212.12,80,False
SKU015,2025-07-27,27,167727.24,0,0,6212.12,30,7,2025,Monsoon,Storage,Lamp,2024-01-01,5441.06,6212.12,81,False
SKU015,2025-08-03,25,155303.0,0,0,6212.12,31,8,2025,Monsoon,Storage,Lamp,2024-01-01,5441.06,6212.12,82,False
SKU015,2025-08-10,23,142878.76,0,0,6212.12,32,8,2025,Monsoon,Storage,Lamp,2024-01-01,5441.06,6212.12,83,False
SKU015,2025-08-17,27,167727.24,0,1,6212.12,33,8,2025,Monsoon,Storage,Lamp,2024-01-01,5441.06,6212.12,84,False
SKU015,2025-08-24,26,161515.12,0,0,6212.12,34,8,2025,Monsoon,Storage,Lamp,2024-01-01,5441.06,6212.12,85,False
SKU015,2025-08-31,28,173939.36000000002,0,0,6212.12,35,8,2025,Monsoon,Storage,Lamp,2024-01-01,5441.06,6212.12,86,False
SKU015,2025-09-07,28,173939.36000000002,2,0,6212.12,36,9,2025,Monsoon,Storage,Lamp,2024-01-01,5441.06,6212.12,87,False
SKU015,2025-09-14,24,149090.88,2,0,6212.12,37,9,2025,Monsoon,Storage,Lamp,2024-01-01,5441.06,6212.12,88,False
SKU015,2025-09-21,23,142878.76,2,0,6212.12,38,9,2025,Monsoon,Storage,Lamp,2024-01-01,5441.06,6212.12,89,False
SKU015,2025-09-28,28,173939.36,2,0,6212.12,39,9,2025,Monsoon,Storage,Lamp,2024-01-01,5441.06,6212.12,90,False
SKU015,2025-10-05,19,118030.28,0,0,6212.12,40,10,2025,Autumn,Storage,Lamp,2024-01-01,5441.06,6212.12,91,False
SKU015,2025-10-12,16,99393.92,0,0,6212.12,41,10,2025,Autumn,Storage,Lamp,2024-01-01,5441.06,6212.12,92,False
SKU015,2025-10-19,21,130454.51999999999,0,0,6212.12,42,10,2025,Autumn,Storage,Lamp,2024-01-01,5441.06,6212.12,93,False
SKU015,2025-10-26,21,130454.52,0,1,6212.12,43,10,2025,Autumn,Storage,Lamp,2024-01-01,5441.06,6212.12,94,False
SKU015,2025-11-02,17,105606.04,2,0,6212.12,44,11,2025,Autumn,Storage,Lamp,2024-01-01,5441.06,6212.12,95,False
SKU015,2025-11-09,13,80757.56,2,0,6212.12,45,11,2025,Autumn,Storage,Lamp,2024-01-01,5441.06,6212.12,96,False
SKU015,2025-11-16,24,149090.88,2,0,6212.12,46,11,2025,Autumn,Storage,Lamp,2024-01-01,5441.06,6212.12,97,False
SKU015,2025-11-23,24,149090.88,2,0,6212.12,47,11,2025,Autumn,Storage,Lamp,2024-01-01,5441.06,6212.12,98,False
SKU015,2025-11-30,31,192575.72,2,0,6212.12,48,11,2025,Autumn,Storage,Lamp,2024-01-01,5441.06,6212.12,99,False
SKU015,2025-12-07,22,136666.64,0,0,6212.12,49,12,2025,Winter,Storage,Lamp,2024-01-01,5441.06,6212.12,100,True
SKU015,2025-12-14,31,192575.71999999997,0,0,6212.12,50,12,2025,Winter,Storage,Lamp,2024-01-01,5441.06,6212.12,101,True
SKU015,2025-12-21,21,130454.51999999999,0,0,6212.12,51,12,2025,Winter,Storage,Lamp,2024-01-01,5441.06,6212.12,102,True
SKU015,2025-12-28,27,167727.24,0,1,6212.12,52,12,2025,Winter,Storage,Lamp,2024-01-01,5441.06,6212.12,103,True
SKU016,2024-01-07,81,175512.42,0,0,2166.82,1,1,2024,Winter,Furniture,Shelf,2024-01-01,3637.93,2166.82,0,False
SKU016,2024-01-14,104,225349.28,0,0,2166.82,2,1,2024,Winter,Furniture,Shelf,2024-01-01,3637.93,2166.82,1,False
SKU016,2024-01-21,88,190680.16,0,0,2166.82,3,1,2024,Winter,Furniture,Shelf,2024-01-01,3637.93,2166.82,2,False
SKU016,2024-01-28,103,223182.46,0,1,2166.82,4,1,2024,Winter,Furniture,Shelf,2024-01-01,3637.93,2166.82,3,False
SKU016,2024-02-04,96,208014.72,0,0,2166.82,5,2,2024,Winter,Furniture,Shelf,2024-01-01,3637.93,2166.82,4,False
SKU016,2024-02-11,96,208014.72,0,0,2166.82,6,2,2024,Winter,Furniture,Shelf,2024-01-01,3637.93,2166.82,5,False
SKU016,2024-02-18,101,218848.82,0,0,2166.82,7,2,2024,Winter,Furniture,Shelf,2024-01-01,3637.93,2166.82,6,False
SKU016,2024-02-25,97,210181.54,0,0,2166.82,8,2,2024,Winter,Furniture,Shelf,2024-01-01,3637.93,2166.82,7,False
SKU016,2024-03-03,115,249184.30000000002,2,0,2166.82,9,3,2024,Spring,Furniture,Shelf,2024-01-01,3637.93,2166.82,8,False
SKU016,2024-03-10,110,238350.2,2,0,2166.82,10,3,2024,Spring,Furniture,Shelf,2024-01-01,3637.93,2166.82,9,False
SKU016,2024-03-17,133,288187.06,2,0,2166.82,11,3,2024,Spring,Furniture,Shelf,2024-01-01,3637.93,2166.82,10,False
SKU016,2024-03-24,122,264352.04000000004,2,0,2166.82,12,3,2024,Spring,Furniture,Shelf,2024-01-01,3637.93,2166.82,11,False
SKU016,2024-03-31,98,212348.36,2,0,2166.82,13,3,2024,Spring,Furniture,Shelf,2024-01-01,3637.93,2166.82,12,False
SKU016,2024-04-07,109,236183.38,0,0,2166.82,14,4,2024,Spring,Furniture,Shelf,2024-01-01,3637.93,2166.82,13,False
SKU016,2024-04-14,98,212348.36,0,0,2166.82,15,4,2024,Spring,Furniture,Shelf,2024-01-01,3637.93,2166.82,14,False
SKU016,2024-04-21,125,270852.5,0,0,2166.82,16,4,2024,Spring,Furniture,Shelf,2024-01-01,3637.93,2166.82,15,False
SKU016,2024-04-28,116,251351.12,0,0,2166.82,17,4,2024,Spring,Furniture,Shelf,2024-01-01,3637.93,2166.82,16,False
SKU016,2024-05-05,93,201514.26,0,0,2166.82,18,5,2024,Summer,Furniture,Shelf,2024-01-01,3637.93,2166.82,17,False
SKU016,2024-05-12,95,205847.90000000002,0,0,2166.82,19,5,2024,Summer,Furniture,Shelf,2024-01-01,3637.93,2166.82,18,False
SKU016,2024-05-19,129,279519.78,0,0,2166.82,20,5,2024,Summer,Furniture,Shelf,2024-01-01,3637.93,2166.82,19,False
SKU016,2024-05-26,122,264352.04,0,0,2166.82,21,5,2024,Summer,Furniture,Shelf,2024-01-01,3637.93,2166.82,20,False
SKU016,2024-06-02,108,234016.56,2,0,2166.82,22,6,2024,Summer,Furniture,Shelf,2024-01-01,3637.93,2166.82,21,False
SKU016,2024-06-09,110,238350.2,2,0,2166.82,23,6,2024,Summer,Furniture,Shelf,2024-01-01,3637.93,2166.82,22,False
SKU016,2024-06-16,107,231849.74000000002,2,0,2166.82,24,6,2024,Summer,Furniture,Shelf,2024-01-01,3637.93,2166.82,23,False
SKU016,2024-06-23,106,229682.92,2,0,2166.82,25,6,2024,Summer,Furniture,Shelf,2024-01-01,3637.93,2166.82,24,False
SKU016,2024-06-30,108,234016.56,2,0,2166.82,26,6,2024,Summer,Furniture,Shelf,2024-01-01,3637.93,2166.82,25,False
SKU016,2024-07-07,93,201514.26,0,0,2166.82,27,7,2024,Monsoon,Furniture,Shelf,2024-01-01,3637.93,2166.82,26,False
SKU016,2024-07-14,99,214515.18,0,0,2166.82,28,7,2024,Monsoon,Furniture,Shelf,2024-01-01,3637.93,2166.82,27,False
SKU016,2024-07-21,78,169011.96,0,0,2166.82,29,7,2024,Monsoon,Furniture,Shelf,2024-01-01,3637.93,2166.82,28,False
SKU016,2024-07-28,92,199347.44,0,0,2166.82,30,7,2024,Monsoon,Furniture,Shelf,2024-01-01,3637.93,2166.82,29,False
SKU016,2024-08-04,90,195013.8,0,0,2166.82,31,8,2024,Monsoon,Furniture,Shelf,2024-01-01,3637.93,2166.82,30,False
SKU016,2024-08-11,82,177679.24,0,0,2166.82,32,8,2024,Monsoon,Furniture,Shelf,2024-01-01,3637.93,2166.82,31,False
SKU016,2024-08-18,96,208014.72,0,1,2166.82,33,8,2024,Monsoon,Furniture,Shelf,2024-01-01,3637.93,2166.82,32,False
SKU016,2024-08-25,78,169011.96000000002,0,0,2166.82,34,8,2024,Monsoon,Furniture,Shelf,2024-01-01,3637.93,2166.82,33,False
SKU016,2024-09-01,98,212348.36,1,0,2166.82,35,9,2024,Monsoon,Furniture,Shelf,2024-01-01,3637.93,2166.82,34,False
SKU016,2024-09-08,94,203681.08000000002,2,0,2166.82,36,9,2024,Monsoon,Furniture,Shelf,2024-01-01,3637.93,2166.82,35,False
SKU016,2024-09-15,77,166845.14,2,0,2166.82,37,9,2024,Monsoon,Furniture,Shelf,2024-01-01,3637.93,2166.82,36,False
SKU016,2024-09-22,90,195013.8,2,0,2166.82,38,9,2024,Monsoon,Furniture,Shelf,2024-01-01,3637.93,2166.82,37,False
SKU016,2024-09-29,89,192846.98,2,0,2166.82,39,9,2024,Monsoon,Furniture,Shelf,2024-01-01,3637.93,2166.82,38,False
SKU016,2024-10-06,71,153844.22,0,0,2166.82,40,10,2024,Autumn,Furniture,Shelf,2024-01-01,3637.93,2166.82,39,False
SKU016,2024-10-13,85,184179.7,0,0,2166.82,41,10,2024,Autumn,Furniture,Shelf,2024-01-01,3637.93,2166.82,40,False
SKU016,2024-10-20,84,182012.88,0,0,2166.82,42,10,2024,Autumn,Furniture,Shelf,2024-01-01,3637.93,2166.82,41,False
SKU016,2024-10-27,82,177679.24,0,0,2166.82,43,10,2024,Autumn,Furniture,Shelf,2024-01-01,3637.93,2166.82,42,False
SKU016,2024-11-03,98,212348.36000000002,2,1,2166.82,44,11,2024,Autumn,Furniture,Shelf,2024-01-01,3637.93,2166.82,43,False
SKU016,2024-11-10,84,182012.88,2,0,2166.82,45,11,2024,Autumn,Furniture,Shelf,2024-01-01,3637.93,2166.82,44,False
SKU016,2024-11-17,104,225349.28000000003,2,0,2166.82,46,11,2024,Autumn,Furniture,Shelf,2024-01-01,3637.93,2166.82,45,False
SKU016,2024-11-24,94,203681.08000000002,2,0,2166.82,47,11,2024,Autumn,Furniture,Shelf,2024-01-01,3637.93,2166.82,46,False
SKU016,2024-12-01,97,210181.54,1,0,2166.82,48,12,2024,Winter,Furniture,Shelf,2024-01-01,3637.93,2166.82,47,False
SKU016,2024-12-08,83,179846.06,0,0,2166.82,49,12,2024,Winter,Furniture,Shelf,2024-01-01,3637.93,2166.82,48,False
SKU016,2024-12-15,71,153844.22,0,0,2166.82,50,12,2024,Winter,Furniture,Shelf,2024-01-01,3637.93,2166.82,49,False
SKU016,2024-12-22,82,177679.24,0,0,2166.82,51,12,2024,Winter,Furniture,Shelf,2024-01-01,3637.93,2166.82,50,False
SKU016,2024-12-29,75,162511.5,0,1,2166.82,52,12,2024,Winter,Furniture,Shelf,2024-01-01,3637.93,2166.82,51,False
SKU016,2025-01-05,92,199347.44,0,0,2166.82,1,1,2025,Winter,Furniture,Shelf,2024-01-01,3637.93,2166.82,52,False
SKU016,2025-01-12,97,210181.54,0,0,2166.82,2,1,2025,Winter,Furniture,Shelf,2024-01-01,3637.93,2166.82,53,False
SKU016,2025-01-19,76,164678.32,0,0,2166.82,3,1,2025,Winter,Furniture,Shelf,2024-01-01,3637.93,2166.82,54,False
SKU016,2025-01-26,100,216682.0,0,1,2166.82,4,1,2025,Winter,Furniture,Shelf,2024-01-01,3637.93,2166.82,55,False
SKU016,2025-02-02,95,205847.9,0,0,2166.82,5,2,2025,Winter,Furniture,Shelf,2024-01-01,3637.93,2166.82,56,False
SKU016,2025-02-09,112,242683.84,0,0,2166.82,6,2,2025,Winter,Furniture,Shelf,2024-01-01,3637.93,2166.82,57,False
SKU016,2025-02-16,93,201514.26,0,0,2166.82,7,2,2025,Winter,Furniture,Shelf,2024-01-01,3637.93,2166.82,58,False
SKU016,2025-02-23,97,210181.54,0,0,2166.82,8,2,2025,Winter,Furniture,Shelf,2024-01-01,3637.93,2166.82,59,False
SKU016,2025-03-02,135,292520.7,2,0,2166.82,9,3,2025,Spring,Furniture,Shelf,2024-01-01,3637.93,2166.82,60,False
SKU016,2025-03-09,103,223182.46000000002,2,0,2166.82,10,3,2025,Spring,Furniture,Shelf,2024-01-01,3637.93,2166.82,61,False
SKU016,2025-03-16,115,249184.30000000002,2,0,2166.82,11,3,2025,Spring,Furniture,Shelf,2024-01-01,3637.93,2166.82,62,False
SKU016,2025-03-23,113,244850.66,2,0,2166.82,12,3,2025,Spring,Furniture,Shelf,2024-01-01,3637.93,2166.82,63,False
SKU016,2025-03-30,146,316355.72000000003,2,0,2166.82,13,3,2025,Spring,Furniture,Shelf,2024-01-01,3637.93,2166.82,64,False
SKU016,2025-04-06,116,251351.12,0,0,2166.82,14,4,2025,Spring,Furniture,Shelf,2024-01-01,3637.93,2166.82,65,False
SKU016,2025-04-13,124,268685.68,0,0,2166.82,15,4,2025,Spring,Furniture,Shelf,2024-01-01,3637.93,2166.82,66,False
SKU016,2025-04-20,98,212348.36,0,0,2166.82,16,4,2025,Spring,Furniture,Shelf,2024-01-01,3637.93,2166.82,67,False
SKU016,2025-04-27,102,221015.64,0,0,2166.82,17,4,2025,Spring,Furniture,Shelf,2024-01-01,3637.93,2166.82,68,False
SKU016,2025-05-04,111,240517.02000000002,0,0,2166.82,18,5,2025,Summer,Furniture,Shelf,2024-01-01,3637.93,2166.82,69,False
SKU016,2025-05-11,114,247017.48,0,0,2166.82,19,5,2025,Summer,Furniture,Shelf,2024-01-01,3637.93,2166.82,70,False
SKU016,2025-05-18,126,273019.32,0,0,2166.82,20,5,2025,Summer,Furniture,Shelf,2024-01-01,3637.93,2166.82,71,False
SKU016,2025-05-25,107,231849.74,0,0,2166.82,21,5,2025,Summer,Furniture,Shelf,2024-01-01,3637.93,2166.82,72,False
SKU016,2025-06-01,116,251351.12,1,0,2166.82,22,6,2025,Summer,Furniture,Shelf,2024-01-01,3637.93,2166.82,73,False
SKU016,2025-06-08,111,240517.02000000002,2,0,2166.82,23,6,2025,Summer,Furniture,Shelf,2024-01-01,3637.93,2166.82,74,False
SKU016,2025-06-15,112,242683.84,2,0,2166.82,24,6,2025,Summer,Furniture,Shelf,2024-01-01,3637.93,2166.82,75,False
SKU016,2025-06-22,112,242683.84000000003,2,0,2166.82,25,6,2025,Summer,Furniture,Shelf,2024-01-01,3637.93,2166.82,76,False
SKU016,2025-06-29,116,251351.12,2,0,2166.82,26,6,2025,Summer,Furniture,Shelf,2024-01-01,3637.93,2166.82,77,False
SKU016,2025-07-06,101,218848.82,0,0,2166.82,27,7,2025,Monsoon,Furniture,Shelf,2024-01-01,3637.93,2166.82,78,False
SKU016,2025-07-13,103,223182.46000000002,0,0,2166.82,28,7,2025,Monsoon,Furniture,Shelf,2024-01-01,3637.93,2166.82,79,False
SKU016,2025-07-20,104,225349.28,0,0,2166.82,29,7,2025,Monsoon,Furniture,Shelf,2024-01-01,3637.93,2166.82,80,False
SKU016,2025-07-27,97,210181.54,0,0,2166.82,30,7,2025,Monsoon,Furniture,Shelf,2024-01-01,3637.93,2166.82,81,False
SKU016,2025-08-03,85,184179.7,0,0,2166.82,31,8,2025,Monsoon,Furniture,Shelf,2024-01-01,3637.93,2166.82,82,False
SKU016,2025-08-10,93,201514.26,0,0,2166.82,32,8,2025,Monsoon,Furniture,Shelf,2024-01-01,3637.93,2166.82,83,False
SKU016,2025-08-17,85,184179.7,0,1,2166.82,33,8,2025,Monsoon,Furniture,Shelf,2024-01-01,3637.93,2166.82,84,False
SKU016,2025-08-24,90,195013.8,0,0,2166.82,34,8,2025,Monsoon,Furniture,Shelf,2024-01-01,3637.93,2166.82,85,False
SKU016,2025-08-31,85,184179.7,0,0,2166.82,35,8,2025,Monsoon,Furniture,Shelf,2024-01-01,3637.93,2166.82,86,False
SKU016,2025-09-07,66,143010.12,2,0,2166.82,36,9,2025,Monsoon,Furniture,Shelf,2024-01-01,3637.93,2166.82,87,False
SKU016,2025-09-14,78,169011.96,2,0,2166.82,37,9,2025,Monsoon,Furniture,Shelf,2024-01-01,3637.93,2166.82,88,False
SKU016,2025-09-21,76,164678.32,2,0,2166.82,38,9,2025,Monsoon,Furniture,Shelf,2024-01-01,3637.93,2166.82,89,False
SKU016,2025-09-28,78,169011.96000000002,2,0,2166.82,39,9,2025,Monsoon,Furniture,Shelf,2024-01-01,3637.93,2166.82,90,False
SKU016,2025-10-05,72,156011.04,0,0,2166.82,40,10,2025,Autumn,Furniture,Shelf,2024-01-01,3637.93,2166.82,91,False
SKU016,2025-10-12,84,182012.88,0,0,2166.82,41,10,2025,Autumn,Furniture,Shelf,2024-01-01,3637.93,2166.82,92,False
SKU016,2025-10-19,86,186346.52000000002,0,0,2166.82,42,10,2025,Autumn,Furniture,Shelf,2024-01-01,3637.93,2166.82,93,False
SKU016,2025-10-26,73,158177.86000000002,0,1,2166.82,43,10,2025,Autumn,Furniture,Shelf,2024-01-01,3637.93,2166.82,94,False
SKU016,2025-11-02,109,236183.38,2,0,2166.82,44,11,2025,Autumn,Furniture,Shelf,2024-01-01,3637.93,2166.82,95,False
SKU016,2025-11-09,92,199347.44,2,0,2166.82,45,11,2025,Autumn,Furniture,Shelf,2024-01-01,3637.93,2166.82,96,False
SKU016,2025-11-16,95,205847.9,2,0,2166.82,46,11,2025,Autumn,Furniture,Shelf,2024-01-01,3637.93,2166.82,97,False
SKU016,2025-11-23,75,162511.5,2,0,2166.82,47,11,2025,Autumn,Furniture,Shelf,2024-01-01,3637.93,2166.82,98,False
SKU016,2025-11-30,71,153844.22,2,0,2166.82,48,11,2025,Autumn,Furniture,Shelf,2024-01-01,3637.93,2166.82,99,False
SKU016,2025-12-07,77,166845.14,0,0,2166.82,49,12,2025,Winter,Furniture,Shelf,2024-01-01,3637.93,2166.82,100,True
SKU016,2025-12-14,78,169011.96,0,0,2166.82,50,12,2025,Winter,Furniture,Shelf,2024-01-01,3637.93,2166.82,101,True
SKU016,2025-12-21,74,160344.68,0,0,2166.82,51,12,2025,Winter,Furniture,Shelf,2024-01-01,3637.93,2166.82,102,True
SKU016,2025-12-28,104,225349.28,0,1,2166.82,52,12,2025,Winter,Furniture,Shelf,2024-01-01,3637.93,2166.82,103,True
SKU017,2024-01-07,84,712094.88,0,0,8477.32,1,1,2024,Winter,Home Decor,Cabinet,2023-07-19,6703.26,8477.32,24,False
SKU017,2024-01-14,84,712094.88,0,0,8477.32,2,1,2024,Winter,Home Decor,Cabinet,2023-07-19,6703.26,8477.32,25,False
SKU017,2024-01-21,88,746004.16,0,0,8477.32,3,1,2024,Winter,Home Decor,Cabinet,2023-07-19,6703.26,8477.32,26,False
SKU017,2024-01-28,94,796868.0800000001,0,1,8477.32,4,1,2024,Winter,Home Decor,Cabinet,2023-07-19,6703.26,8477.32,27,False
SKU017,2024-02-04,89,754481.48,0,0,8477.32,5,2,2024,Winter,Home Decor,Cabinet,2023-07-19,6703.26,8477.32,28,False
SKU017,2024-02-11,96,813822.72,0,0,8477.32,6,2,2024,Winter,Home Decor,Cabinet,2023-07-19,6703.26,8477.32,29,False
SKU017,2024-02-18,99,839254.6799999999,0,0,8477.32,7,2,2024,Winter,Home Decor,Cabinet,2023-07-19,6703.26,8477.32,30,False
SKU017,2024-02-25,80,678185.6,0,0,8477.32,8,2,2024,Winter,Home Decor,Cabinet,2023-07-19,6703.26,8477.32,31,False
SKU017,2024-03-03,121,1025755.72,2,0,8477.32,9,3,2024,Spring,Home Decor,Cabinet,2023-07-19,6703.26,8477.32,32,False
SKU017,2024-03-10,130,1102051.6,2,0,8477.32,10,3,2024,Spring,Home Decor,Cabinet,2023-07-19,6703.26,8477.32,33,False
SKU017,2024-03-17,115,974891.8,2,0,8477.32,11,3,2024,Spring,Home Decor,Cabinet,2023-07-19,6703.26,8477.32,34,False
SKU017,2024-03-24,109,924027.88,2,0,8477.32,12,3,2024,Spring,Home Decor,Cabinet,2023-07-19,6703.26,8477.32,35,False
SKU017,2024-03-31,114,966414.48,2,0,8477.32,13,3,2024,Spring,Home Decor,Cabinet,2023-07-19,6703.26,8477.32,36,False
SKU017,2024-04-07,125,1059665.0,0,0,8477.32,14,4,2024,Spring,Home Decor,Cabinet,2023-07-19,6703.26,8477.32,37,False
SKU017,2024-04-14,130,1102051.6,0,0,8477.32,15,4,2024,Spring,Home Decor,Cabinet,2023-07-19,6703.26,8477.32,38,False
SKU017,2024-04-21,108,915550.5599999999,0,0,8477.32,16,4,2024,Spring,Home Decor,Cabinet,2023-07-19,6703.26,8477.32,39,False
SKU017,2024-04-28,126,1068142.32,0,0,8477.32,17,4,2024,Spring,Home Decor,Cabinet,2023-07-19,6703.26,8477.32,40,False
SKU017,2024-05-05,129,1093574.28,0,0,8477.32,18,5,2024,Summer,Home Decor,Cabinet,2023-07-19,6703.26,8477.32,41,False
SKU017,2024-05-12,109,924027.88,0,0,8477.32,19,5,2024,Summer,Home Decor,Cabinet,2023-07-19,6703.26,8477.32,42,False
SKU017,2024-05-19,109,924027.88,0,0,8477.32,20,5,2024,Summer,Home Decor,Cabinet,2023-07-19,6703.26,8477.32,43,False
SKU017,2024-05-26,122,1034233.04,0,0,8477.32,21,5,2024,Summer,Home Decor,Cabinet,2023-07-19,6703.26,8477.32,44,False
SKU017,2024-06-02,118,1000323.76,2,0,8477.32,22,6,2024,Summer,Home Decor,Cabinet,2023-07-19,6703.26,8477.32,45,False
SKU017,2024-06-09,121,1025755.72,2,0,8477.32,23,6,2024,Summer,Home Decor,Cabinet,2023-07-19,6703.26,8477.32,46,False
SKU017,2024-06-16,110,932505.2,2,0,8477.32,24,6,2024,Summer,Home Decor,Cabinet,2023-07-19,6703.26,8477.32,47,False
SKU017,2024-06-23,102,864686.64,2,0,8477.32,25,6,2024,Summer,Home Decor,Cabinet,2023-07-19,6703.26,8477.32,48,False
SKU017,2024-06-30,125,1059665.0,2,0,8477.32,26,6,2024,Summer,Home Decor,Cabinet,2023-07-19,6703.26,8477.32,49,False
SKU017,2024-07-07,112,949459.84,0,0,8477.32,27,7,2024,Monsoon,Home Decor,Cabinet,2023-07-19,6703.26,8477.32,50,False
SKU017,2024-07-14,109,924027.88,0,0,8477.32,28,7,2024,Monsoon,Home Decor,Cabinet,2023-07-19,6703.26,8477.32,51,False
SKU017,2024-07-21,106,898595.9199999999,0,0,8477.32,29,7,2024,Monsoon,Home Decor,Cabinet,2023-07-19,6703.26,8477.32,52,False
SKU017,2024-07-28,104,881641.28,0,0,8477.32,30,7,2024,Monsoon,Home Decor,Cabinet,2023-07-19,6703.26,8477.32,53,False
SKU017,2024-08-04,98,830777.36,0,0,8477.32,31,8,2024,Monsoon,Home Decor,Cabinet,2023-07-19,6703.26,8477.32,54,False
SKU017,2024-08-11,100,847732.0,0,0,8477.32,32,8,2024,Monsoon,Home Decor,Cabinet,2023-07-19,6703.26,8477.32,55,False
SKU017,2024-08-18,94,796868.0800000001,0,1,8477.32,33,8,2024,Monsoon,Home Decor,Cabinet,2023-07-19,6703.26,8477.32,56,False
SKU017,2024-08-25,95,805345.4,0,0,8477.32,34,8,2024,Monsoon,Home Decor,Cabinet,2023-07-19,6703.26,8477.32,57,False
SKU017,2024-09-01,85,720572.2,1,0,8477.32,35,9,2024,Monsoon,Home Decor,Cabinet,2023-07-19,6703.26,8477.32,58,False
SKU017,2024-09-08,98,830777.36,2,0,8477.32,36,9,2024,Monsoon,Home Decor,Cabinet,2023-07-19,6703.26,8477.32,59,False
SKU017,2024-09-15,88,746004.16,2,0,8477.32,37,9,2024,Monsoon,Home Decor,Cabinet,2023-07-19,6703.26,8477.32,60,False
SKU017,2024-09-22,88,746004.1599999999,2,0,8477.32,38,9,2024,Monsoon,Home Decor,Cabinet,2023-07-19,6703.26,8477.32,61,False
SKU017,2024-09-29,101,856209.3200000001,2,0,8477.32,39,9,2024,Monsoon,Home Decor,Cabinet,2023-07-19,6703.26,8477.32,62,False
SKU017,2024-10-06,60,508639.2,0,0,8477.32,40,10,2024,Autumn,Home Decor,Cabinet,2023-07-19,6703.26,8477.32,63,False
SKU017,2024-10-13,67,567980.44,0,0,8477.32,41,10,2024,Autumn,Home Decor,Cabinet,2023-07-19,6703.26,8477.32,64,False
SKU017,2024-10-20,100,847732.0,0,0,8477.32,42,10,2024,Autumn,Home Decor,Cabinet,2023-07-19,6703.26,8477.32,65,False
SKU017,2024-10-27,82,695140.24,0,0,8477.32,43,10,2024,Autumn,Home Decor,Cabinet,2023-07-19,6703.26,8477.32,66,False
SKU017,2024-11-03,90,762958.7999999999,2,1,8477.32,44,11,2024,Autumn,Home Decor,Cabinet,2023-07-19,6703.26,8477.32,67,False
SKU017,2024-11-10,95,805345.4,2,0,8477.32,45,11,2024,Autumn,Home Decor,Cabinet,2023-07-19,6703.26,8477.32,68,False
SKU017,2024-11-17,86,729049.52,2,0,8477.32,46,11,2024,Autumn,Home Decor,Cabinet,2023-07-19,6703.26,8477.32,69,False
SKU017,2024-11-24,97,822300.04,2,0,8477.32,47,11,2024,Autumn,Home Decor,Cabinet,2023-07-19,6703.26,8477.32,70,False
SKU017,2024-12-01,82,695140.24,1,0,8477.32,48,12,2024,Winter,Home Decor,Cabinet,2023-07-19,6703.26,8477.32,71,False
SKU017,2024-12-08,81,686662.9199999999,0,0,8477.32,49,12,2024,Winter,Home Decor,Cabinet,2023-07-19,6703.26,8477.32,72,False
SKU017,2024-12-15,88,746004.1599999999,0,0,8477.32,50,12,2024,Winter,Home Decor,Cabinet,2023-07-19,6703.26,8477.32,73,False
SKU017,2024-12-22,80,678185.6,0,0,8477.32,51,12,2024,Winter,Home Decor,Cabinet,2023-07-19,6703.26,8477.32,74,False
SKU017,2024-12-29,94,796868.0800000001,0,1,8477.32,52,12,2024,Winter,Home Decor,Cabinet,2023-07-19,6703.26,8477.32,75,False
SKU017,2025-01-05,85,720572.2,0,0,8477.32,1,1,2025,Winter,Home Decor,Cabinet,2023-07-19,6703.26,8477.32,76,False
SKU017,2025-01-12,97,822300.04,0,0,8477.32,2,1,2025,Winter,Home Decor,Cabinet,2023-07-19,6703.26,8477.32,77,False
SKU017,2025-01-19,106,898595.9199999999,0,0,8477.32,3,1,2025,Winter,Home Decor,Cabinet,2023-07-19,6703.26,8477.32,78,False
SKU017,2025-01-26,89,754481.48,0,1,8477.32,4,1,2025,Winter,Home Decor,Cabinet,2023-07-19,6703.26,8477.32,79,False
SKU017,2025-02-02,89,754481.48,0,0,8477.32,5,2,2025,Winter,Home Decor,Cabinet,2023-07-19,6703.26,8477.32,80,False
SKU017,2025-02-09,112,949459.84,0,0,8477.32,6,2,2025,Winter,Home Decor,Cabinet,2023-07-19,6703.26,8477.32,81,False
SKU017,2025-02-16,97,822300.04,0,0,8477.32,7,2,2025,Winter,Home Decor,Cabinet,2023-07-19,6703.26,8477.32,82,False
SKU017,2025-02-23,107,907073.24,0,0,8477.32,8,2,2025,Winter,Home Decor,Cabinet,2023-07-19,6703.26,8477.32,83,False
SKU017,2025-03-02,127,1076619.6400000001,2,0,8477.32,9,3,2025,Spring,Home Decor,Cabinet,2023-07-19,6703.26,8477.32,84,False
SKU017,2025-03-09,104,881641.28,2,0,8477.32,10,3,2025,Spring,Home Decor,Cabinet,2023-07-19,6703.26,8477.32,85,False
SKU017,2025-03-16,129,1093574.28,2,0,8477.32,11,3,2025,Spring,Home Decor,Cabinet,2023-07-19,6703.26,8477.32,86,False
SKU017,2025-03-23,124,1051187.68,2,0,8477.32,12,3,2025,Spring,Home Decor,Cabinet,2023-07-19,6703.26,8477.32,87,False
SKU017,2025-03-30,135,1144438.2,2,0,8477.32,13,3,2025,Spring,Home Decor,Cabinet,2023-07-19,6703.26,8477.32,88,False
SKU017,2025-04-06,114,966414.48,0,0,8477.32,14,4,2025,Spring,Home Decor,Cabinet,2023-07-19,6703.26,8477.32,89,False
SKU017,2025-04-13,115,974891.8,0,0,8477.32,15,4,2025,Spring,Home Decor,Cabinet,2023-07-19,6703.26,8477.32,90,False
SKU017,2025-04-20,115,974891.8,0,0,8477.32,16,4,2025,Spring,Home Decor,Cabinet,2023-07-19,6703.26,8477.32,91,False
SKU017,2025-04-27,138,1169870.16,0,0,8477.32,17,4,2025,Spring,Home Decor,Cabinet,2023-07-19,6703.26,8477.32,92,False
SKU017,2025-05-04,95,805345.4,0,0,8477.32,18,5,2025,Summer,Home Decor,Cabinet,2023-07-19,6703.26,8477.32,93,False
SKU017,2025-05-11,102,864686.64,0,0,8477.32,19,5,2025,Summer,Home Decor,Cabinet,2023-07-19,6703.26,8477.32,94,False
SKU017,2025-05-18,109,924027.88,0,0,8477.32,20,5,2025,Summer,Home Decor,Cabinet,2023-07-19,6703.26,8477.32,95,False
SKU017,2025-05-25,114,966414.48,0,0,8477.32,21,5,2025,Summer,Home Decor,Cabinet,2023-07-19,6703.26,8477.32,96,False
SKU017,2025-06-01,109,924027.88,1,0,8477.32,22,6,2025,Summer,Home Decor,Cabinet,2023-07-19,6703.26,8477.32,97,False
SKU017,2025-06-08,111,940982.52,2,0,8477.32,23,6,2025,Summer,Home Decor,Cabinet,2023-07-19,6703.26,8477.32,98,False
SKU017,2025-06-15,113,957937.16,2,0,8477.32,24,6,2025,Summer,Home Decor,Cabinet,2023-07-19,6703.26,8477.32,99,False
SKU017,2025-06-22,114,966414.48,2,0,8477.32,25,6,2025,Summer,Home Decor,Cabinet,2023-07-19,6703.26,8477.32,100,False
SKU017,2025-06-29,133,1127483.56,2,0,8477.32,26,6,2025,Summer,Home Decor,Cabinet,2023-07-19,6703.26,8477.32,101,False
SKU017,2025-07-06,105,890118.6000000001,0,0,8477.32,27,7,2025,Monsoon,Home Decor,Cabinet,2023-07-19,6703.26,8477.32,102,False
SKU017,2025-07-13,97,822300.04,0,0,8477.32,28,7,2025,Monsoon,Home Decor,Cabinet,2023-07-19,6703.26,8477.32,103,False
SKU017,2025-07-20,98,830777.36,0,0,8477.32,29,7,2025,Monsoon,Home Decor,Cabinet,2023-07-19,6703.26,8477.32,104,False
SKU017,2025-07-27,83,703617.5599999999,0,0,8477.32,30,7,2025,Monsoon,Home Decor,Cabinet,2023-07-19,6703.26,8477.32,105,False
SKU017,2025-08-03,82,695140.24,0,0,8477.32,31,8,2025,Monsoon,Home Decor,Cabinet,2023-07-19,6703.26,8477.32,106,False
SKU017,2025-08-10,76,644276.32,0,0,8477.32,32,8,2025,Monsoon,Home Decor,Cabinet,2023-07-19,6703.26,8477.32,107,False
SKU017,2025-08-17,85,720572.2,0,1,8477.32,33,8,2025,Monsoon,Home Decor,Cabinet,2023-07-19,6703.26,8477.32,108,False
SKU017,2025-08-24,85,720572.2,0,0,8477.32,34,8,2025,Monsoon,Home Decor,Cabinet,2023-07-19,6703.26,8477.32,109,False
SKU017,2025-08-31,78,661230.96,0,0,8477.32,35,8,2025,Monsoon,Home Decor,Cabinet,2023-07-19,6703.26,8477.32,110,False
SKU017,2025-09-07,71,601889.72,2,0,8477.32,36,9,2025,Monsoon,Home Decor,Cabinet,2023-07-19,6703.26,8477.32,111,False
SKU017,2025-09-14,77,652753.64,2,0,8477.32,37,9,2025,Monsoon,Home Decor,Cabinet,2023-07-19,6703.26,8477.32,112,False
SKU017,2025-09-21,83,703617.56,2,0,8477.32,38,9,2025,Monsoon,Home Decor,Cabinet,2023-07-19,6703.26,8477.32,113,False
SKU017,2025-09-28,90,762958.8,2,0,8477.32,39,9,2025,Monsoon,Home Decor,Cabinet,2023-07-19,6703.26,8477.32,114,False
SKU017,2025-10-05,75,635799.0,0,0,8477.32,40,10,2025,Autumn,Home Decor,Cabinet,2023-07-19,6703.26,8477.32,115,False
SKU017,2025-10-12,76,644276.32,0,0,8477.32,41,10,2025,Autumn,Home Decor,Cabinet,2023-07-19,6703.26,8477.32,116,False
SKU017,2025-10-19,84,712094.88,0,0,8477.32,42,10,2025,Autumn,Home Decor,Cabinet,2023-07-19,6703.26,8477.32,117,False
SKU017,2025-10-26,61,517116.51999999996,0,1,8477.32,43,10,2025,Autumn,Home Decor,Cabinet,2023-07-19,6703.26,8477.32,118,False
SKU017,2025-11-02,83,703617.56,2,0,8477.32,44,11,2025,Autumn,Home Decor,Cabinet,2023-07-19,6703.26,8477.32,119,False
SKU017,2025-11-09,103,873163.96,2,0,8477.32,45,11,2025,Autumn,Home Decor,Cabinet,2023-07-19,6703.26,8477.32,120,False
SKU017,2025-11-16,88,746004.1599999999,2,0,8477.32,46,11,2025,Autumn,Home Decor,Cabinet,2023-07-19,6703.26,8477.32,121,False
SKU017,2025-11-23,87,737526.84,2,0,8477.32,47,11,2025,Autumn,Home Decor,Cabinet,2023-07-19,6703.26,8477.32,122,False
SKU017,2025-11-30,90,762958.8,2,0,8477.32,48,11,2025,Autumn,Home Decor,Cabinet,2023-07-19,6703.26,8477.32,123,False
SKU017,2025-12-07,105,890118.6,0,0,8477.32,49,12,2025,Winter,Home Decor,Cabinet,2023-07-19,6703.26,8477.32,124,True
SKU017,2025-12-14,96,813822.72,0,0,8477.32,50,12,2025,Winter,Home Decor,Cabinet,2023-07-19,6703.26,8477.32,125,True
SKU017,2025-12-21,81,686662.9199999999,0,0,8477.32,51,12,2025,Winter,Home Decor,Cabinet,2023-07-19,6703.26,8477.32,126,True
SKU017,2025-12-28,98,830777.36,0,1,8477.32,52,12,2025,Winter,Home Decor,Cabinet,2023-07-19,6703.26,8477.32,127,True
SKU018,2024-01-07,176,981272.16,0,0,5575.409999999999,1,1,2024,Winter,Kitchen,Rug,2022-05-21,5677.05,5575.41,85,False
SKU018,2024-01-14,175,975696.75,0,0,5575.409999999999,2,1,2024,Winter,Kitchen,Rug,2022-05-21,5677.05,5575.41,86,False
SKU018,2024-01-21,153,853037.73,0,0,5575.409999999999,3,1,2024,Winter,Kitchen,Rug,2022-05-21,5677.05,5575.41,87,False
SKU018,2024-01-28,188,1048177.0800000001,0,1,5575.409999999999,4,1,2024,Winter,Kitchen,Rug,2022-05-21,5677.05,5575.41,88,False
SKU018,2024-02-04,162,903216.42,0,0,5575.409999999999,5,2,2024,Winter,Kitchen,Rug,2022-05-21,5677.05,5575.41,89,False
SKU018,2024-02-11,171,953395.11,0,0,5575.409999999999,6,2,2024,Winter,Kitchen,Rug,2022-05-21,5677.05,5575.41,90,False
SKU018,2024-02-18,178,992422.98,0,0,5575.409999999999,7,2,2024,Winter,Kitchen,Rug,2022-05-21,5677.05,5575.41,91,False
SKU018,2024-02-25,205,1142959.05,0,0,5575.409999999999,8,2,2024,Winter,Kitchen,Rug,2022-05-21,5677.05,5575.41,92,False
SKU018,2024-03-03,195,1087204.95,2,0,5575.409999999999,9,3,2024,Spring,Kitchen,Rug,2022-05-21,5677.05,5575.41,93,False
SKU018,2024-03-10,206,1148534.46,2,0,5575.409999999999,10,3,2024,Spring,Kitchen,Rug,2022-05-21,5677.05,5575.41,94,False
SKU018,2024-03-17,223,1243316.43,2,0,5575.409999999999,11,3,2024,Spring,Kitchen,Rug,2022-05-21,5677.05,5575.41,95,False
SKU018,2024-03-24,227,1265618.07,2,0,5575.409999999999,12,3,2024,Spring,Kitchen,Rug,2022-05-21,5677.05,5575.41,96,False
SKU018,2024-03-31,221,1232165.61,2,0,5575.409999999999,13,3,2024,Spring,Kitchen,Rug,2022-05-21,5677.05,5575.41,97,False
SKU018,2024-04-07,197,1098355.77,0,0,5575.409999999999,14,4,2024,Spring,Kitchen,Rug,2022-05-21,5677.05,5575.41,98,False
SKU018,2024-04-14,190,1059327.9,0,0,5575.409999999999,15,4,2024,Spring,Kitchen,Rug,2022-05-21,5677.05,5575.41,99,False
SKU018,2024-04-21,209,1165260.69,0,0,5575.409999999999,16,4,2024,Spring,Kitchen,Rug,2022-05-21,5677.05,5575.41,100,False
SKU018,2024-04-28,209,1165260.69,0,0,5575.409999999999,17,4,2024,Spring,Kitchen,Rug,2022-05-21,5677.05,5575.41,101,False
SKU018,2024-05-05,204,1137383.6400000001,0,0,5575.409999999999,18,5,2024,Summer,Kitchen,Rug,2022-05-21,5677.05,5575.41,102,False
SKU018,2024-05-12,220,1226590.2,0,0,5575.409999999999,19,5,2024,Summer,Kitchen,Rug,2022-05-21,5677.05,5575.41,103,False
SKU018,2024-05-19,203,1131808.23,0,0,5575.409999999999,20,5,2024,Summer,Kitchen,Rug,2022-05-21,5677.05,5575.41,104,False
SKU018,2024-05-26,185,1031450.85,0,0,5575.409999999999,21,5,2024,Summer,Kitchen,Rug,2022-05-21,5677.05,5575.41,105,False
SKU018,2024-06-02,199,1109506.59,2,0,5575.409999999999,22,6,2024,Summer,Kitchen,Rug,2022-05-21,5677.05,5575.41,106,False
SKU018,2024-06-09,194,1081629.54,2,0,5575.409999999999,23,6,2024,Summer,Kitchen,Rug,2022-05-21,5677.05,5575.41,107,False
SKU018,2024-06-16,191,1064903.31,2,0,5575.409999999999,24,6,2024,Summer,Kitchen,Rug,2022-05-21,5677.05,5575.41,108,False
SKU018,2024-06-23,198,1103931.18,2,0,5575.409999999999,25,6,2024,Summer,Kitchen,Rug,2022-05-21,5677.05,5575.41,109,False
SKU018,2024-06-30,197,1098355.77,2,0,5575.409999999999,26,6,2024,Summer,Kitchen,Rug,2022-05-21,5677.05,5575.41,110,False
SKU018,2024-07-07,163,908791.83,0,0,5575.409999999999,27,7,2024,Monsoon,Kitchen,Rug,2022-05-21,5677.05,5575.41,111,False
SKU018,2024-07-14,181,1009149.21,0,0,5575.409999999999,28,7,2024,Monsoon,Kitchen,Rug,2022-05-21,5677.05,5575.41,112,False
SKU018,2024-07-21,169,942244.29,0,0,5575.409999999999,29,7,2024,Monsoon,Kitchen,Rug,2022-05-21,5677.05,5575.41,113,False
SKU018,2024-07-28,158,880914.78,0,0,5575.409999999999,30,7,2024,Monsoon,Kitchen,Rug,2022-05-21,5677.05,5575.41,114,False
SKU018,2024-08-04,172,958970.52,0,0,5575.409999999999,31,8,2024,Monsoon,Kitchen,Rug,2022-05-21,5677.05,5575.41,115,False
SKU018,2024-08-11,164,914367.24,0,0,5575.409999999999,32,8,2024,Monsoon,Kitchen,Rug,2022-05-21,5677.05,5575.41,116,False
SKU018,2024-08-18,167,931093.47,0,1,5575.409999999999,33,8,2024,Monsoon,Kitchen,Rug,2022-05-21,5677.05,5575.41,117,False
SKU018,2024-08-25,169,942244.29,0,0,5575.409999999999,34,8,2024,Monsoon,Kitchen,Rug,2022-05-21,5677.05,5575.41,118,False
SKU018,2024-09-01,171,953395.11,1,0,5575.409999999999,35,9,2024,Monsoon,Kitchen,Rug,2022-05-21,5677.05,5575.41,119,False
SKU018,2024-09-08,158,880914.78,2,0,5575.409999999999,36,9,2024,Monsoon,Kitchen,Rug,2022-05-21,5677.05,5575.41,120,False
SKU018,2024-09-15,158,880914.78,2,0,5575.409999999999,37,9,2024,Monsoon,Kitchen,Rug,2022-05-21,5677.05,5575.41,121,False
SKU018,2024-09-22,163,908791.8300000001,2,0,5575.409999999999,38,9,2024,Monsoon,Kitchen,Rug,2022-05-21,5677.05,5575.41,122,False
SKU018,2024-09-29,169,942244.29,2,0,5575.409999999999,39,9,2024,Monsoon,Kitchen,Rug,2022-05-21,5677.05,5575.41,123,False
SKU018,2024-10-06,134,747104.94,0,0,5575.409999999999,40,10,2024,Autumn,Kitchen,Rug,2022-05-21,5677.05,5575.41,124,False
SKU018,2024-10-13,153,853037.73,0,0,5575.409999999999,41,10,2024,Autumn,Kitchen,Rug,2022-05-21,5677.05,5575.41,125,False
SKU018,2024-10-20,140,780557.4,0,0,5575.409999999999,42,10,2024,Autumn,Kitchen,Rug,2022-05-21,5677.05,5575.41,126,False
SKU018,2024-10-27,159,886490.19,0,0,5575.409999999999,43,10,2024,Autumn,Kitchen,Rug,2022-05-21,5677.05,5575.41,127,False
SKU018,2024-11-03,170,947819.7,2,1,5575.409999999999,44,11,2024,Autumn,Kitchen,Rug,2022-05-21,5677.05,5575.41,128,False
SKU018,2024-11-10,162,903216.42,2,0,5575.409999999999,45,11,2024,Autumn,Kitchen,Rug,2022-05-21,5677.05,5575.41,129,False
SKU018,2024-11-17,150,836311.5,2,0,5575.409999999999,46,11,2024,Autumn,Kitchen,Rug,2022-05-21,5677.05,5575.41,130,False
SKU018,2024-11-24,153,853037.73,2,0,5575.409999999999,47,11,2024,Autumn,Kitchen,Rug,2022-05-21,5677.05,5575.41,131,False
SKU018,2024-12-01,143,797283.63,1,0,5575.409999999999,48,12,2024,Winter,Kitchen,Rug,2022-05-21,5677.05,5575.41,132,False
SKU018,2024-12-08,182,1014724.62,0,0,5575.409999999999,49,12,2024,Winter,Kitchen,Rug,2022-05-21,5677.05,5575.41,133,False
SKU018,2024-12-15,150,836311.5,0,0,5575.409999999999,50,12,2024,Winter,Kitchen,Rug,2022-05-21,5677.05,5575.41,134,False
SKU018,2024-12-22,172,958970.52,0,0,5575.409999999999,51,12,2024,Winter,Kitchen,Rug,2022-05-21,5677.05,5575.41,135,False
SKU018,2024-12-29,154,858613.14,0,1,5575.409999999999,52,12,2024,Winter,Kitchen,Rug,2022-05-21,5677.05,5575.41,136,False
SKU018,2025-01-05,181,1009149.21,0,0,5575.409999999999,1,1,2025,Winter,Kitchen,Rug,2022-05-21,5677.05,5575.41,137,False
SKU018,2025-01-12,172,958970.52,0,0,5575.409999999999,2,1,2025,Winter,Kitchen,Rug,2022-05-21,5677.05,5575.41,138,False
SKU018,2025-01-19,164,914367.24,0,0,5575.409999999999,3,1,2025,Winter,Kitchen,Rug,2022-05-21,5677.05,5575.41,139,False
SKU018,2025-01-26,163,908791.83,0,1,5575.409999999999,4,1,2025,Winter,Kitchen,Rug,2022-05-21,5677.05,5575.41,140,False
SKU018,2025-02-02,178,992422.98,0,0,5575.409999999999,5,2,2025,Winter,Kitchen,Rug,2022-05-21,5677.05,5575.41,141,False
SKU018,2025-02-09,175,975696.75,0,0,5575.409999999999,6,2,2025,Winter,Kitchen,Rug,2022-05-21,5677.05,5575.41,142,False
SKU018,2025-02-16,186,1037026.26,0,0,5575.409999999999,7,2,2025,Winter,Kitchen,Rug,2022-05-21,5677.05,5575.41,143,False
SKU018,2025-02-23,194,1081629.54,0,0,5575.409999999999,8,2,2025,Winter,Kitchen,Rug,2022-05-21,5677.05,5575.41,144,False
SKU018,2025-03-02,211,1176411.51,2,0,5575.409999999999,9,3,2025,Spring,Kitchen,Rug,2022-05-21,5677.05,5575.41,145,False
SKU018,2025-03-09,206,1148534.46,2,0,5575.409999999999,10,3,2025,Spring,Kitchen,Rug,2022-05-21,5677.05,5575.41,146,False
SKU018,2025-03-16,214,1193137.74,2,0,5575.409999999999,11,3,2025,Spring,Kitchen,Rug,2022-05-21,5677.05,5575.41,147,False
SKU018,2025-03-23,219,1221014.79,2,0,5575.409999999999,12,3,2025,Spring,Kitchen,Rug,2022-05-21,5677.05,5575.41,148,False
SKU018,2025-03-30,196,1092780.36,2,0,5575.409999999999,13,3,2025,Spring,Kitchen,Rug,2022-05-21,5677.05,5575.41,149,False
SKU018,2025-04-06,207,1154109.87,0,0,5575.409999999999,14,4,2025,Spring,Kitchen,Rug,2022-05-21,5677.05,5575.41,150,False
SKU018,2025-04-13,197,1098355.77,0,0,5575.409999999999,15,4,2025,Spring,Kitchen,Rug,2022-05-21,5677.05,5575.41,151,False
SKU018,2025-04-20,212,1181986.92,0,0,5575.409999999999,16,4,2025,Spring,Kitchen,Rug,2022-05-21,5677.05,5575.41,152,False
SKU018,2025-04-27,210,1170836.1,0,0,5575.409999999999,17,4,2025,Spring,Kitchen,Rug,2022-05-21,5677.05,5575.41,153,False
SKU018,2025-05-04,220,1226590.2,0,0,5575.409999999999,18,5,2025,Summer,Kitchen,Rug,2022-05-21,5677.05,5575.41,154,False
SKU018,2025-05-11,220,1226590.2,0,0,5575.409999999999,19,5,2025,Summer,Kitchen,Rug,2022-05-21,5677.05,5575.41,155,False
SKU018,2025-05-18,207,1154109.87,0,0,5575.409999999999,20,5,2025,Summer,Kitchen,Rug,2022-05-21,5677.05,5575.41,156,False
SKU018,2025-05-25,201,1120657.41,0,0,5575.409999999999,21,5,2025,Summer,Kitchen,Rug,2022-05-21,5677.05,5575.41,157,False
SKU018,2025-06-01,192,1070478.72,1,0,5575.409999999999,22,6,2025,Summer,Kitchen,Rug,2022-05-21,5677.05,5575.41,158,False
SKU018,2025-06-08,203,1131808.23,2,0,5575.409999999999,23,6,2025,Summer,Kitchen,Rug,2022-05-21,5677.05,5575.41,159,False
SKU018,2025-06-15,201,1120657.41,2,0,5575.409999999999,24,6,2025,Summer,Kitchen,Rug,2022-05-21,5677.05,5575.41,160,False
SKU018,2025-06-22,212,1181986.92,2,0,5575.409999999999,25,6,2025,Summer,Kitchen,Rug,2022-05-21,5677.05,5575.41,161,False
SKU018,2025-06-29,194,1081629.54,2,0,5575.409999999999,26,6,2025,Summer,Kitchen,Rug,2022-05-21,5677.05,5575.41,162,False
SKU018,2025-07-06,164,914367.24,0,0,5575.409999999999,27,7,2025,Monsoon,Kitchen,Rug,2022-05-21,5677.05,5575.41,163,False
SKU018,2025-07-13,156,869763.9600000001,0,0,5575.409999999999,28,7,2025,Monsoon,Kitchen,Rug,2022-05-21,5677.05,5575.41,164,False
SKU018,2025-07-20,167,931093.47,0,0,5575.409999999999,29,7,2025,Monsoon,Kitchen,Rug,2022-05-21,5677.05,5575.41,165,False
SKU018,2025-07-27,159,886490.1900000001,0,0,5575.409999999999,30,7,2025,Monsoon,Kitchen,Rug,2022-05-21,5677.05,5575.41,166,False
SKU018,2025-08-03,179,997998.39,0,0,5575.409999999999,31,8,2025,Monsoon,Kitchen,Rug,2022-05-21,5677.05,5575.41,167,False
SKU018,2025-08-10,139,774981.99,0,0,5575.409999999999,32,8,2025,Monsoon,Kitchen,Rug,2022-05-21,5677.05,5575.41,168,False
SKU018,2025-08-17,146,814009.86,0,1,5575.409999999999,33,8,2025,Monsoon,Kitchen,Rug,2022-05-21,5677.05,5575.41,169,False
SKU018,2025-08-24,151,841886.91,0,0,5575.409999999999,34,8,2025,Monsoon,Kitchen,Rug,2022-05-21,5677.05,5575.41,170,False
SKU018,2025-08-31,161,897641.01,0,0,5575.409999999999,35,8,2025,Monsoon,Kitchen,Rug,2022-05-21,5677.05,5575.41,171,False
SKU018,2025-09-07,150,836311.5,2,0,5575.409999999999,36,9,2025,Monsoon,Kitchen,Rug,2022-05-21,5677.05,5575.41,172,False
SKU018,2025-09-14,155,864188.5499999999,2,0,5575.409999999999,37,9,2025,Monsoon,Kitchen,Rug,2022-05-21,5677.05,5575.41,173,False
SKU018,2025-09-21,148,825160.68,2,0,5575.409999999999,38,9,2025,Monsoon,Kitchen,Rug,2022-05-21,5677.05,5575.41,174,False
SKU018,2025-09-28,146,814009.86,2,0,5575.409999999999,39,9,2025,Monsoon,Kitchen,Rug,2022-05-21,5677.05,5575.41,175,False
SKU018,2025-10-05,138,769406.58,0,0,5575.409999999999,40,10,2025,Autumn,Kitchen,Rug,2022-05-21,5677.05,5575.41,176,False
SKU018,2025-10-12,154,858613.14,0,0,5575.409999999999,41,10,2025,Autumn,Kitchen,Rug,2022-05-21,5677.05,5575.41,177,False
SKU018,2025-10-19,141,786132.8099999999,0,0,5575.409999999999,42,10,2025,Autumn,Kitchen,Rug,2022-05-21,5677.05,5575.41,178,False
SKU018,2025-10-26,135,752680.35,0,1,5575.409999999999,43,10,2025,Autumn,Kitchen,Rug,2022-05-21,5677.05,5575.41,179,False
SKU018,2025-11-02,166,925518.0599999999,2,0,5575.409999999999,44,11,2025,Autumn,Kitchen,Rug,2022-05-21,5677.05,5575.41,180,False
SKU018,2025-11-09,157,875339.37,2,0,5575.409999999999,45,11,2025,Autumn,Kitchen,Rug,2022-05-21,5677.05,5575.41,181,False
SKU018,2025-11-16,142,791708.22,2,0,5575.409999999999,46,11,2025,Autumn,Kitchen,Rug,2022-05-21,5677.05,5575.41,182,False
SKU018,2025-11-23,150,836311.5,2,0,5575.409999999999,47,11,2025,Autumn,Kitchen,Rug,2022-05-21,5677.05,5575.41,183,False
SKU018,2025-11-30,152,847462.3200000001,2,0,5575.409999999999,48,11,2025,Autumn,Kitchen,Rug,2022-05-21,5677.05,5575.41,184,False
SKU018,2025-12-07,158,880914.78,0,0,5575.409999999999,49,12,2025,Winter,Kitchen,Rug,2022-05-21,5677.05,5575.41,185,True
SKU018,2025-12-14,162,903216.42,0,0,5575.409999999999,50,12,2025,Winter,Kitchen,Rug,2022-05-21,5677.05,5575.41,186,True
SKU018,2025-12-21,160,892065.6,0,0,5575.409999999999,51,12,2025,Winter,Kitchen,Rug,2022-05-21,5677.05,5575.41,187,True
SKU018,2025-12-28,161,897641.01,0,1,5575.409999999999,52,12,2025,Winter,Kitchen,Rug,2022-05-21,5677.05,5575.41,188,True
SKU019,2024-01-07,101,486804.85,0,0,4819.85,1,1,2024,Winter,Lighting,Organizer,2024-01-01,2670.84,4819.85,0,False
SKU019,2024-01-14,115,554282.75,0,0,4819.85,2,1,2024,Winter,Lighting,Organizer,2024-01-01,2670.84,4819.85,1,False
SKU019,2024-01-21,103,496444.55000000005,0,0,4819.85,3,1,2024,Winter,Lighting,Organizer,2024-01-01,2670.84,4819.85,2,False
SKU019,2024-01-28,107,515723.94999999995,0,1,4819.85,4,1,2024,Winter,Lighting,Organizer,2024-01-01,2670.84,4819.85,3,False
SKU019,2024-02-04,136,655499.6,0,0,4819.85,5,2,2024,Winter,Lighting,Organizer,2024-01-01,2670.84,4819.85,4,False
SKU019,2024-02-11,119,573562.15,0,0,4819.85,6,2,2024,Winter,Lighting,Organizer,2024-01-01,2670.84,4819.85,5,False
SKU019,2024-02-18,117,563922.45,0,0,4819.85,7,2,2024,Winter,Lighting,Organizer,2024-01-01,2670.84,4819.85,6,False
SKU019,2024-02-25,117,563922.45,0,0,4819.85,8,2,2024,Winter,Lighting,Organizer,2024-01-01,2670.84,4819.85,7,False
SKU019,2024-03-03,132,636220.2,2,0,4819.85,9,3,2024,Spring,Lighting,Organizer,2024-01-01,2670.84,4819.85,8,False
SKU019,2024-03-10,132,636220.2,2,0,4819.85,10,3,2024,Spring,Lighting,Organizer,2024-01-01,2670.84,4819.85,9,False
SKU019,2024-03-17,137,660319.45,2,0,4819.85,11,3,2024,Spring,Lighting,Organizer,2024-01-01,2670.84,4819.85,10,False
SKU019,2024-03-24,136,655499.6,2,0,4819.85,12,3,2024,Spring,Lighting,Organizer,2024-01-01,2670.84,4819.85,11,False
SKU019,2024-03-31,135,650679.75,2,0,4819.85,13,3,2024,Spring,Lighting,Organizer,2024-01-01,2670.84,4819.85,12,False
SKU019,2024-04-07,151,727797.35,0,0,4819.85,14,4,2024,Spring,Lighting,Organizer,2024-01-01,2670.84,4819.85,13,False
SKU019,2024-04-14,135,650679.75,0,0,4819.85,15,4,2024,Spring,Lighting,Organizer,2024-01-01,2670.84,4819.85,14,False
SKU019,2024-04-21,132,636220.2,0,0,4819.85,16,4,2024,Spring,Lighting,Organizer,2024-01-01,2670.84,4819.85,15,False
SKU019,2024-04-28,139,669959.15,0,0,4819.85,17,4,2024,Spring,Lighting,Organizer,2024-01-01,2670.84,4819.85,16,False
SKU019,2024-05-05,134,645859.9,0,0,4819.85,18,5,2024,Summer,Lighting,Organizer,2024-01-01,2670.84,4819.85,17,False
SKU019,2024-05-12,141,679598.85,0,0,4819.85,19,5,2024,Summer,Lighting,Organizer,2024-01-01,2670.84,4819.85,18,False
SKU019,2024-05-19,151,727797.35,0,0,4819.85,20,5,2024,Summer,Lighting,Organizer,2024-01-01,2670.84,4819.85,19,False
SKU019,2024-05-26,131,631400.35,0,0,4819.85,21,5,2024,Summer,Lighting,Organizer,2024-01-01,2670.84,4819.85,20,False
SKU019,2024-06-02,147,708517.95,2,0,4819.85,22,6,2024,Summer,Lighting,Organizer,2024-01-01,2670.84,4819.85,21,False
SKU019,2024-06-09,122,588021.7,2,0,4819.85,23,6,2024,Summer,Lighting,Organizer,2024-01-01,2670.84,4819.85,22,False
SKU019,2024-06-16,137,660319.45,2,0,4819.85,24,6,2024,Summer,Lighting,Organizer,2024-01-01,2670.84,4819.85,23,False
SKU019,2024-06-23,110,530183.5,2,0,4819.85,25,6,2024,Summer,Lighting,Organizer,2024-01-01,2670.84,4819.85,24,False
SKU019,2024-06-30,117,563922.45,2,0,4819.85,26,6,2024,Summer,Lighting,Organizer,2024-01-01,2670.84,4819.85,25,False
SKU019,2024-07-07,113,544643.05,0,0,4819.85,27,7,2024,Monsoon,Lighting,Organizer,2024-01-01,2670.84,4819.85,26,False
SKU019,2024-07-14,115,554282.75,0,0,4819.85,28,7,2024,Monsoon,Lighting,Organizer,2024-01-01,2670.84,4819.85,27,False
SKU019,2024-07-21,101,486804.85,0,0,4819.85,29,7,2024,Monsoon,Lighting,Organizer,2024-01-01,2670.84,4819.85,28,False
SKU019,2024-07-28,108,520543.80000000005,0,0,4819.85,30,7,2024,Monsoon,Lighting,Organizer,2024-01-01,2670.84,4819.85,29,False
SKU019,2024-08-04,115,554282.75,0,0,4819.85,31,8,2024,Monsoon,Lighting,Organizer,2024-01-01,2670.84,4819.85,30,False
SKU019,2024-08-11,89,428966.65,0,0,4819.85,32,8,2024,Monsoon,Lighting,Organizer,2024-01-01,2670.84,4819.85,31,False
SKU019,2024-08-18,93,448246.05,0,1,4819.85,33,8,2024,Monsoon,Lighting,Organizer,2024-01-01,2670.84,4819.85,32,False
SKU019,2024-08-25,104,501264.4,0,0,4819.85,34,8,2024,Monsoon,Lighting,Organizer,2024-01-01,2670.84,4819.85,33,False
SKU019,2024-09-01,102,491624.7,1,0,4819.85,35,9,2024,Monsoon,Lighting,Organizer,2024-01-01,2670.84,4819.85,34,False
SKU019,2024-09-08,104,501264.4,2,0,4819.85,36,9,2024,Monsoon,Lighting,Organizer,2024-01-01,2670.84,4819.85,35,False
SKU019,2024-09-15,108,520543.8,2,0,4819.85,37,9,2024,Monsoon,Lighting,Organizer,2024-01-01,2670.84,4819.85,36,False
SKU019,2024-09-22,80,385588.0,2,0,4819.85,38,9,2024,Monsoon,Lighting,Organizer,2024-01-01,2670.84,4819.85,37,False
SKU019,2024-09-29,97,467525.45,2,0,4819.85,39,9,2024,Monsoon,Lighting,Organizer,2024-01-01,2670.84,4819.85,38,False
SKU019,2024-10-06,81,390407.85,0,0,4819.85,40,10,2024,Autumn,Lighting,Organizer,2024-01-01,2670.84,4819.85,39,False
SKU019,2024-10-13,93,448246.05000000005,0,0,4819.85,41,10,2024,Autumn,Lighting,Organizer,2024-01-01,2670.84,4819.85,40,False
SKU019,2024-10-20,85,409687.25,0,0,4819.85,42,10,2024,Autumn,Lighting,Organizer,2024-01-01,2670.84,4819.85,41,False
SKU019,2024-10-27,86,414507.1,0,0,4819.85,43,10,2024,Autumn,Lighting,Organizer,2024-01-01,2670.84,4819.85,42,False
SKU019,2024-11-03,98,472345.3,2,1,4819.85,44,11,2024,Autumn,Lighting,Organizer,2024-01-01,2670.84,4819.85,43,False
SKU019,2024-11-10,95,457885.75,2,0,4819.85,45,11,2024,Autumn,Lighting,Organizer,2024-01-01,2670.84,4819.85,44,False
SKU019,2024-11-17,112,539823.2,2,0,4819.85,46,11,2024,Autumn,Lighting,Organizer,2024-01-01,2670.84,4819.85,45,False
SKU019,2024-11-24,113,544643.0499999999,2,0,4819.85,47,11,2024,Autumn,Lighting,Organizer,2024-01-01,2670.84,4819.85,46,False
SKU019,2024-12-01,110,530183.5,1,0,4819.85,48,12,2024,Winter,Lighting,Organizer,2024-01-01,2670.84,4819.85,47,False
SKU019,2024-12-08,120,578382.0,0,0,4819.85,49,12,2024,Winter,Lighting,Organizer,2024-01-01,2670.84,4819.85,48,False
SKU019,2024-12-15,97,467525.45,0,0,4819.85,50,12,2024,Winter,Lighting,Organizer,2024-01-01,2670.84,4819.85,49,False
SKU019,2024-12-22,106,510904.1,0,0,4819.85,51,12,2024,Winter,Lighting,Organizer,2024-01-01,2670.84,4819.85,50,False
SKU019,2024-12-29,86,414507.10000000003,0,1,4819.85,52,12,2024,Winter,Lighting,Organizer,2024-01-01,2670.84,4819.85,51,False
SKU019,2025-01-05,100,481985.0,0,0,4819.85,1,1,2025,Winter,Lighting,Organizer,2024-01-01,2670.84,4819.85,52,False
SKU019,2025-01-12,114,549462.9,0,0,4819.85,2,1,2025,Winter,Lighting,Organizer,2024-01-01,2670.84,4819.85,53,False
SKU019,2025-01-19,113,544643.05,0,0,4819.85,3,1,2025,Winter,Lighting,Organizer,2024-01-01,2670.84,4819.85,54,False
SKU019,2025-01-26,115,554282.75,0,1,4819.85,4,1,2025,Winter,Lighting,Organizer,2024-01-01,2670.84,4819.85,55,False
SKU019,2025-02-02,109,525363.65,0,0,4819.85,5,2,2025,Winter,Lighting,Organizer,2024-01-01,2670.84,4819.85,56,False
SKU019,2025-02-09,95,457885.75,0,0,4819.85,6,2,2025,Winter,Lighting,Organizer,2024-01-01,2670.84,4819.85,57,False
SKU019,2025-02-16,111,535003.35,0,0,4819.85,7,2,2025,Winter,Lighting,Organizer,2024-01-01,2670.84,4819.85,58,False
SKU019,2025-02-23,132,636220.2,0,0,4819.85,8,2,2025,Winter,Lighting,Organizer,2024-01-01,2670.84,4819.85,59,False
SKU019,2025-03-02,140,674779.0,2,0,4819.85,9,3,2025,Spring,Lighting,Organizer,2024-01-01,2670.84,4819.85,60,False
SKU019,2025-03-09,143,689238.55,2,0,4819.85,10,3,2025,Spring,Lighting,Organizer,2024-01-01,2670.84,4819.85,61,False
SKU019,2025-03-16,135,650679.75,2,0,4819.85,11,3,2025,Spring,Lighting,Organizer,2024-01-01,2670.84,4819.85,62,False
SKU019,2025-03-23,127,612120.95,2,0,4819.85,12,3,2025,Spring,Lighting,Organizer,2024-01-01,2670.84,4819.85,63,False
SKU019,2025-03-30,130,626580.5,2,0,4819.85,13,3,2025,Spring,Lighting,Organizer,2024-01-01,2670.84,4819.85,64,False
SKU019,2025-04-06,132,636220.2,0,0,4819.85,14,4,2025,Spring,Lighting,Organizer,2024-01-01,2670.84,4819.85,65,False
SKU019,2025-04-13,144,694058.4,0,0,4819.85,15,4,2025,Spring,Lighting,Organizer,2024-01-01,2670.84,4819.85,66,False
SKU019,2025-04-20,135,650679.75,0,0,4819.85,16,4,2025,Spring,Lighting,Organizer,2024-01-01,2670.84,4819.85,67,False
SKU019,2025-04-27,117,563922.45,0,0,4819.85,17,4,2025,Spring,Lighting,Organizer,2024-01-01,2670.84,4819.85,68,False
SKU019,2025-05-04,127,612120.95,0,0,4819.85,18,5,2025,Summer,Lighting,Organizer,2024-01-01,2670.84,4819.85,69,False
SKU019,2025-05-11,122,588021.7,0,0,4819.85,19,5,2025,Summer,Lighting,Organizer,2024-01-01,2670.84,4819.85,70,False
SKU019,2025-05-18,112,539823.2,0,0,4819.85,20,5,2025,Summer,Lighting,Organizer,2024-01-01,2670.84,4819.85,71,False
SKU019,2025-05-25,131,631400.35,0,0,4819.85,21,5,2025,Summer,Lighting,Organizer,2024-01-01,2670.84,4819.85,72,False
SKU019,2025-06-01,130,626580.5,1,0,4819.85,22,6,2025,Summer,Lighting,Organizer,2024-01-01,2670.84,4819.85,73,False
SKU019,2025-06-08,148,713337.8,2,0,4819.85,23,6,2025,Summer,Lighting,Organizer,2024-01-01,2670.84,4819.85,74,False
SKU019,2025-06-15,115,554282.75,2,0,4819.85,24,6,2025,Summer,Lighting,Organizer,2024-01-01,2670.84,4819.85,75,False
SKU019,2025-06-22,136,655499.6000000001,2,0,4819.85,25,6,2025,Summer,Lighting,Organizer,2024-01-01,2670.84,4819.85,76,False
SKU019,2025-06-29,129,621760.65,2,0,4819.85,26,6,2025,Summer,Lighting,Organizer,2024-01-01,2670.84,4819.85,77,False
SKU019,2025-07-06,94,453065.9,0,0,4819.85,27,7,2025,Monsoon,Lighting,Organizer,2024-01-01,2670.84,4819.85,78,False
SKU019,2025-07-13,100,481985.0,0,0,4819.85,28,7,2025,Monsoon,Lighting,Organizer,2024-01-01,2670.84,4819.85,79,False
SKU019,2025-07-20,111,535003.35,0,0,4819.85,29,7,2025,Monsoon,Lighting,Organizer,2024-01-01,2670.84,4819.85,80,False
SKU019,2025-07-27,90,433786.5,0,0,4819.85,30,7,2025,Monsoon,Lighting,Organizer,2024-01-01,2670.84,4819.85,81,False
SKU019,2025-08-03,116,559102.6,0,0,4819.85,31,8,2025,Monsoon,Lighting,Organizer,2024-01-01,2670.84,4819.85,82,False
SKU019,2025-08-10,104,501264.4,0,0,4819.85,32,8,2025,Monsoon,Lighting,Organizer,2024-01-01,2670.84,4819.85,83,False
SKU019,2025-08-17,106,510904.1,0,1,4819.85,33,8,2025,Monsoon,Lighting,Organizer,2024-01-01,2670.84,4819.85,84,False
SKU019,2025-08-24,109,525363.65,0,0,4819.85,34,8,2025,Monsoon,Lighting,Organizer,2024-01-01,2670.84,4819.85,85,False
SKU019,2025-08-31,93,448246.05,0,0,4819.85,35,8,2025,Monsoon,Lighting,Organizer,2024-01-01,2670.84,4819.85,86,False
SKU019,2025-09-07,103,496444.55,2,0,4819.85,36,9,2025,Monsoon,Lighting,Organizer,2024-01-01,2670.84,4819.85,87,False
SKU019,2025-09-14,76,366308.6,2,0,4819.85,37,9,2025,Monsoon,Lighting,Organizer,2024-01-01,2670.84,4819.85,88,False
SKU019,2025-09-21,100,481985.0,2,0,4819.85,38,9,2025,Monsoon,Lighting,Organizer,2024-01-01,2670.84,4819.85,89,False
SKU019,2025-09-28,105,506084.25,2,0,4819.85,39,9,2025,Monsoon,Lighting,Organizer,2024-01-01,2670.84,4819.85,90,False
SKU019,2025-10-05,83,400047.55,0,0,4819.85,40,10,2025,Autumn,Lighting,Organizer,2024-01-01,2670.84,4819.85,91,False
SKU019,2025-10-12,92,443426.2,0,0,4819.85,41,10,2025,Autumn,Lighting,Organizer,2024-01-01,2670.84,4819.85,92,False
SKU019,2025-10-19,96,462705.6,0,0,4819.85,42,10,2025,Autumn,Lighting,Organizer,2024-01-01,2670.84,4819.85,93,False
SKU019,2025-10-26,84,404867.4,0,1,4819.85,43,10,2025,Autumn,Lighting,Organizer,2024-01-01,2670.84,4819.85,94,False
SKU019,2025-11-02,91,438606.35,2,0,4819.85,44,11,2025,Autumn,Lighting,Organizer,2024-01-01,2670.84,4819.85,95,False
SKU019,2025-11-09,103,496444.55,2,0,4819.85,45,11,2025,Autumn,Lighting,Organizer,2024-01-01,2670.84,4819.85,96,False
SKU019,2025-11-16,112,539823.2,2,0,4819.85,46,11,2025,Autumn,Lighting,Organizer,2024-01-01,2670.84,4819.85,97,False
SKU019,2025-11-23,110,530183.5,2,0,4819.85,47,11,2025,Autumn,Lighting,Organizer,2024-01-01,2670.84,4819.85,98,False
SKU019,2025-11-30,88,424146.80000000005,2,0,4819.85,48,11,2025,Autumn,Lighting,Organizer,2024-01-01,2670.84,4819.85,99,False
SKU019,2025-12-07,103,496444.55,0,0,4819.85,49,12,2025,Winter,Lighting,Organizer,2024-01-01,2670.84,4819.85,100,True
SKU019,2025-12-14,96,462705.6,0,0,4819.85,50,12,2025,Winter,Lighting,Organizer,2024-01-01,2670.84,4819.85,101,True
SKU019,2025-12-21,107,515723.95,0,0,4819.85,51,12,2025,Winter,Lighting,Organizer,2024-01-01,2670.84,4819.85,102,True
SKU019,2025-12-28,104,501264.4,0,1,4819.85,52,12,2025,Winter,Lighting,Organizer,2024-01-01,2670.84,4819.85,103,True
SKU020,2024-01-07,92,358573.68,0,0,3897.54,1,1,2024,Winter,Storage,Sofa,2023-05-11,6700.01,3897.54,34,False
SKU020,2024-01-14,102,397549.08,0,0,3897.54,2,1,2024,Winter,Storage,Sofa,2023-05-11,6700.01,3897.54,35,False
SKU020,2024-01-21,100,389754.0,0,0,3897.54,3,1,2024,Winter,Storage,Sofa,2023-05-11,6700.01,3897.54,36,False
SKU020,2024-01-28,92,358573.68,0,1,3897.54,4,1,2024,Winter,Storage,Sofa,2023-05-11,6700.01,3897.54,37,False
SKU020,2024-02-04,94,366368.76,0,0,3897.54,5,2,2024,Winter,Storage,Sofa,2023-05-11,6700.01,3897.54,38,False
SKU020,2024-02-11,118,459909.72,0,0,3897.54,6,2,2024,Winter,Storage,Sofa,2023-05-11,6700.01,3897.54,39,False
SKU020,2024-02-18,114,444319.56,0,0,3897.54,7,2,2024,Winter,Storage,Sofa,2023-05-11,6700.01,3897.54,40,False
SKU020,2024-02-25,108,420934.32,0,0,3897.54,8,2,2024,Winter,Storage,Sofa,2023-05-11,6700.01,3897.54,41,False
SKU020,2024-03-03,117,456012.18,2,0,3897.54,9,3,2024,Spring,Storage,Sofa,2023-05-11,6700.01,3897.54,42,False
SKU020,2024-03-10,120,467704.8,2,0,3897.54,10,3,2024,Spring,Storage,Sofa,2023-05-11,6700.01,3897.54,43,False
SKU020,2024-03-17,123,479397.42,2,0,3897.54,11,3,2024,Spring,Storage,Sofa,2023-05-11,6700.01,3897.54,44,False
SKU020,2024-03-24,119,463807.26,2,0,3897.54,12,3,2024,Spring,Storage,Sofa,2023-05-11,6700.01,3897.54,45,False
SKU020,2024-03-31,104,405344.16000000003,2,0,3897.54,13,3,2024,Spring,Storage,Sofa,2023-05-11,6700.01,3897.54,46,False
SKU020,2024-04-07,97,378061.38,0,0,3897.54,14,4,2024,Spring,Storage,Sofa,2023-05-11,6700.01,3897.54,47,False
SKU020,2024-04-14,105,409241.7,0,0,3897.54,15,4,2024,Spring,Storage,Sofa,2023-05-11,6700.01,3897.54,48,False
SKU020,2024-04-21,122,475499.88,0,0,3897.54,16,4,2024,Spring,Storage,Sofa,2023-05-11,6700.01,3897.54,49,False
SKU020,2024-04-28,97,378061.38,0,0,3897.54,17,4,2024,Spring,Storage,Sofa,2023-05-11,6700.01,3897.54,50,False
SKU020,2024-05-05,90,350778.6,0,0,3897.54,18,5,2024,Summer,Storage,Sofa,2023-05-11,6700.01,3897.54,51,False
SKU020,2024-05-12,100,389754.0,0,0,3897.54,19,5,2024,Summer,Storage,Sofa,2023-05-11,6700.01,3897.54,52,False
SKU020,2024-05-19,110,428729.4,0,0,3897.54,20,5,2024,Summer,Storage,Sofa,2023-05-11,6700.01,3897.54,53,False
SKU020,2024-05-26,120,467704.80000000005,0,0,3897.54,21,5,2024,Summer,Storage,Sofa,2023-05-11,6700.01,3897.54,54,False
SKU020,2024-06-02,117,456012.18,2,0,3897.54,22,6,2024,Summer,Storage,Sofa,2023-05-11,6700.01,3897.54,55,False
SKU020,2024-06-09,104,405344.16,2,0,3897.54,23,6,2024,Summer,Storage,Sofa,2023-05-11,6700.01,3897.54,56,False
SKU020,2024-06-16,127,494987.57999999996,2,0,3897.54,24,6,2024,Summer,Storage,Sofa,2023-05-11,6700.01,3897.54,57,False
SKU020,2024-06-23,122,475499.88,2,0,3897.54,25,6,2024,Summer,Storage,Sofa,2023-05-11,6700.01,3897.54,58,False
SKU020,2024-06-30,113,440422.02,2,0,3897.54,26,6,2024,Summer,Storage,Sofa,2023-05-11,6700.01,3897.54,59,False
SKU020,2024-07-07,94,366368.76,0,0,3897.54,27,7,2024,Monsoon,Storage,Sofa,2023-05-11,6700.01,3897.54,60,False
SKU020,2024-07-14,96,374163.83999999997,0,0,3897.54,28,7,2024,Monsoon,Storage,Sofa,2023-05-11,6700.01,3897.54,61,False
SKU020,2024-07-21,112,436524.48,0,0,3897.54,29,7,2024,Monsoon,Storage,Sofa,2023-05-11,6700.01,3897.54,62,False
SKU020,2024-07-28,97,378061.38,0,0,3897.54,30,7,2024,Monsoon,Storage,Sofa,2023-05-11,6700.01,3897.54,63,False
SKU020,2024-08-04,102,397549.08,0,0,3897.54,31,8,2024,Monsoon,Storage,Sofa,2023-05-11,6700.01,3897.54,64,False
SKU020,2024-08-11,88,342983.52,0,0,3897.54,32,8,2024,Monsoon,Storage,Sofa,2023-05-11,6700.01,3897.54,65,False
SKU020,2024-08-18,96,374163.83999999997,0,1,3897.54,33,8,2024,Monsoon,Storage,Sofa,2023-05-11,6700.01,3897.54,66,False
SKU020,2024-08-25,95,370266.3,0,0,3897.54,34,8,2024,Monsoon,Storage,Sofa,2023-05-11,6700.01,3897.54,67,False
SKU020,2024-09-01,102,397549.08,1,0,3897.54,35,9,2024,Monsoon,Storage,Sofa,2023-05-11,6700.01,3897.54,68,False
SKU020,2024-09-08,84,327393.36,2,0,3897.54,36,9,2024,Monsoon,Storage,Sofa,2023-05-11,6700.01,3897.54,69,False
SKU020,2024-09-15,69,268930.26,2,0,3897.54,37,9,2024,Monsoon,Storage,Sofa,2023-05-11,6700.01,3897.54,70,False
SKU020,2024-09-22,83,323495.82,2,0,3897.54,38,9,2024,Monsoon,Storage,Sofa,2023-05-11,6700.01,3897.54,71,False
SKU020,2024-09-29,80,311803.2,2,0,3897.54,39,9,2024,Monsoon,Storage,Sofa,2023-05-11,6700.01,3897.54,72,False
SKU020,2024-10-06,77,300110.58,0,0,3897.54,40,10,2024,Autumn,Storage,Sofa,2023-05-11,6700.01,3897.54,73,False
SKU020,2024-10-13,83,323495.82,0,0,3897.54,41,10,2024,Autumn,Storage,Sofa,2023-05-11,6700.01,3897.54,74,False
SKU020,2024-10-20,92,358573.68,0,0,3897.54,42,10,2024,Autumn,Storage,Sofa,2023-05-11,6700.01,3897.54,75,False
SKU020,2024-10-27,83,323495.82,0,0,3897.54,43,10,2024,Autumn,Storage,Sofa,2023-05-11,6700.01,3897.54,76,False
SKU020,2024-11-03,71,276725.34,2,1,3897.54,44,11,2024,Autumn,Storage,Sofa,2023-05-11,6700.01,3897.54,77,False
SKU020,2024-11-10,81,315700.74,2,0,3897.54,45,11,2024,Autumn,Storage,Sofa,2023-05-11,6700.01,3897.54,78,False
SKU020,2024-11-17,87,339085.98,2,0,3897.54,46,11,2024,Autumn,Storage,Sofa,2023-05-11,6700.01,3897.54,79,False
SKU020,2024-11-24,69,268930.26,2,0,3897.54,47,11,2024,Autumn,Storage,Sofa,2023-05-11,6700.01,3897.54,80,False
SKU020,2024-12-01,84,327393.36,1,0,3897.54,48,12,2024,Winter,Storage,Sofa,2023-05-11,6700.01,3897.54,81,False
SKU020,2024-12-08,88,342983.52,0,0,3897.54,49,12,2024,Winter,Storage,Sofa,2023-05-11,6700.01,3897.54,82,False
SKU020,2024-12-15,80,311803.2,0,0,3897.54,50,12,2024,Winter,Storage,Sofa,2023-05-11,6700.01,3897.54,83,False
SKU020,2024-12-22,81,315700.74,0,0,3897.54,51,12,2024,Winter,Storage,Sofa,2023-05-11,6700.01,3897.54,84,False
SKU020,2024-12-29,87,339085.98,0,1,3897.54,52,12,2024,Winter,Storage,Sofa,2023-05-11,6700.01,3897.54,85,False
SKU020,2025-01-05,93,362471.22,0,0,3897.54,1,1,2025,Winter,Storage,Sofa,2023-05-11,6700.01,3897.54,86,False
SKU020,2025-01-12,83,323495.82,0,0,3897.54,2,1,2025,Winter,Storage,Sofa,2023-05-11,6700.01,3897.54,87,False
SKU020,2025-01-19,95,370266.3,0,0,3897.54,3,1,2025,Winter,Storage,Sofa,2023-05-11,6700.01,3897.54,88,False
SKU020,2025-01-26,100,389754.0,0,1,3897.54,4,1,2025,Winter,Storage,Sofa,2023-05-11,6700.01,3897.54,89,False
SKU020,2025-02-02,79,307905.66,0,0,3897.54,5,2,2025,Winter,Storage,Sofa,2023-05-11,6700.01,3897.54,90,False
SKU020,2025-02-09,93,362471.22,0,0,3897.54,6,2,2025,Winter,Storage,Sofa,2023-05-11,6700.01,3897.54,91,False
SKU020,2025-02-16,105,409241.7,0,0,3897.54,7,2,2025,Winter,Storage,Sofa,2023-05-11,6700.01,3897.54,92,False
SKU020,2025-02-23,97,378061.38,0,0,3897.54,8,2,2025,Winter,Storage,Sofa,2023-05-11,6700.01,3897.54,93,False
SKU020,2025-03-02,95,370266.3,2,0,3897.54,9,3,2025,Spring,Storage,Sofa,2023-05-11,6700.01,3897.54,94,False
SKU020,2025-03-09,119,463807.26,2,0,3897.54,10,3,2025,Spring,Storage,Sofa,2023-05-11,6700.01,3897.54,95,False
SKU020,2025-03-16,105,409241.69999999995,2,0,3897.54,11,3,2025,Spring,Storage,Sofa,2023-05-11,6700.01,3897.54,96,False
SKU020,2025-03-23,101,393651.54,2,0,3897.54,12,3,2025,Spring,Storage,Sofa,2023-05-11,6700.01,3897.54,97,False
SKU020,2025-03-30,111,432626.94,2,0,3897.54,13,3,2025,Spring,Storage,Sofa,2023-05-11,6700.01,3897.54,98,False
SKU020,2025-04-06,132,514475.28,0,0,3897.54,14,4,2025,Spring,Storage,Sofa,2023-05-11,6700.01,3897.54,99,False
SKU020,2025-04-13,107,417036.77999999997,0,0,3897.54,15,4,2025,Spring,Storage,Sofa,2023-05-11,6700.01,3897.54,100,False
SKU020,2025-04-20,117,456012.18,0,0,3897.54,16,4,2025,Spring,Storage,Sofa,2023-05-11,6700.01,3897.54,101,False
SKU020,2025-04-27,111,432626.94,0,0,3897.54,17,4,2025,Spring,Storage,Sofa,2023-05-11,6700.01,3897.54,102,False
SKU020,2025-05-04,107,417036.77999999997,0,0,3897.54,18,5,2025,Summer,Storage,Sofa,2023-05-11,6700.01,3897.54,103,False
SKU020,2025-05-11,115,448217.1,0,0,3897.54,19,5,2025,Summer,Storage,Sofa,2023-05-11,6700.01,3897.54,104,False
SKU020,2025-05-18,110,428729.4,0,0,3897.54,20,5,2025,Summer,Storage,Sofa,2023-05-11,6700.01,3897.54,105,False
SKU020,2025-05-25,105,409241.7,0,0,3897.54,21,5,2025,Summer,Storage,Sofa,2023-05-11,6700.01,3897.54,106,False
SKU020,2025-06-01,112,436524.48,1,0,3897.54,22,6,2025,Summer,Storage,Sofa,2023-05-11,6700.01,3897.54,107,False
SKU020,2025-06-08,111,432626.93999999994,2,0,3897.54,23,6,2025,Summer,Storage,Sofa,2023-05-11,6700.01,3897.54,108,False
SKU020,2025-06-15,89,346881.06,2,0,3897.54,24,6,2025,Summer,Storage,Sofa,2023-05-11,6700.01,3897.54,109,False
SKU020,2025-06-22,116,452114.63999999996,2,0,3897.54,25,6,2025,Summer,Storage,Sofa,2023-05-11,6700.01,3897.54,110,False
SKU020,2025-06-29,104,405344.16000000003,2,0,3897.54,26,6,2025,Summer,Storage,Sofa,2023-05-11,6700.01,3897.54,111,False
SKU020,2025-07-06,104,405344.16000000003,0,0,3897.54,27,7,2025,Monsoon,Storage,Sofa,2023-05-11,6700.01,3897.54,112,False
SKU020,2025-07-13,89,346881.06,0,0,3897.54,28,7,2025,Monsoon,Storage,Sofa,2023-05-11,6700.01,3897.54,113,False
SKU020,2025-07-20,97,378061.38,0,0,3897.54,29,7,2025,Monsoon,Storage,Sofa,2023-05-11,6700.01,3897.54,114,False
SKU020,2025-07-27,96,374163.83999999997,0,0,3897.54,30,7,2025,Monsoon,Storage,Sofa,2023-05-11,6700.01,3897.54,115,False
SKU020,2025-08-03,69,268930.26,0,0,3897.54,31,8,2025,Monsoon,Storage,Sofa,2023-05-11,6700.01,3897.54,116,False
SKU020,2025-08-10,94,366368.76,0,0,3897.54,32,8,2025,Monsoon,Storage,Sofa,2023-05-11,6700.01,3897.54,117,False
SKU020,2025-08-17,87,339085.98,0,1,3897.54,33,8,2025,Monsoon,Storage,Sofa,2023-05-11,6700.01,3897.54,118,False
SKU020,2025-08-24,99,385856.46,0,0,3897.54,34,8,2025,Monsoon,Storage,Sofa,2023-05-11,6700.01,3897.54,119,False
SKU020,2025-08-31,74,288417.96,0,0,3897.54,35,8,2025,Monsoon,Storage,Sofa,2023-05-11,6700.01,3897.54,120,False
SKU020,2025-09-07,97,378061.38,2,0,3897.54,36,9,2025,Monsoon,Storage,Sofa,2023-05-11,6700.01,3897.54,121,False
SKU020,2025-09-14,91,354676.14,2,0,3897.54,37,9,2025,Monsoon,Storage,Sofa,2023-05-11,6700.01,3897.54,122,False
SKU020,2025-09-21,79,307905.66000000003,2,0,3897.54,38,9,2025,Monsoon,Storage,Sofa,2023-05-11,6700.01,3897.54,123,False
SKU020,2025-09-28,86,335188.44,2,0,3897.54,39,9,2025,Monsoon,Storage,Sofa,2023-05-11,6700.01,3897.54,124,False
SKU020,2025-10-05,75,292315.5,0,0,3897.54,40,10,2025,Autumn,Storage,Sofa,2023-05-11,6700.01,3897.54,125,False
SKU020,2025-10-12,107,417036.78,0,0,3897.54,41,10,2025,Autumn,Storage,Sofa,2023-05-11,6700.01,3897.54,126,False
SKU020,2025-10-19,74,288417.96,0,0,3897.54,42,10,2025,Autumn,Storage,Sofa,2023-05-11,6700.01,3897.54,127,False
SKU020,2025-10-26,88,342983.52,0,1,3897.54,43,10,2025,Autumn,Storage,Sofa,2023-05-11,6700.01,3897.54,128,False
SKU020,2025-11-02,101,393651.54,2,0,3897.54,44,11,2025,Autumn,Storage,Sofa,2023-05-11,6700.01,3897.54,129,False
SKU020,2025-11-09,78,304008.12,2,0,3897.54,45,11,2025,Autumn,Storage,Sofa,2023-05-11,6700.01,3897.54,130,False
SKU020,2025-11-16,92,358573.68,2,0,3897.54,46,11,2025,Autumn,Storage,Sofa,2023-05-11,6700.01,3897.54,131,False
SKU020,2025-11-23,81,315700.74,2,0,3897.54,47,11,2025,Autumn,Storage,Sofa,2023-05-11,6700.01,3897.54,132,False
SKU020,2025-11-30,97,378061.38,2,0,3897.54,48,11,2025,Autumn,Storage,Sofa,2023-05-11,6700.01,3897.54,133,False
SKU020,2025-12-07,85,331290.9,0,0,3897.54,49,12,2025,Winter,Storage,Sofa,2023-05-11,6700.01,3897.54,134,True
SKU020,2025-12-14,82,319598.27999999997,0,0,3897.54,50,12,2025,Winter,Storage,Sofa,2023-05-11,6700.01,3897.54,135,True
SKU020,2025-12-21,74,288417.95999999996,0,0,3897.54,51,12,2025,Winter,Storage,Sofa,2023-05-11,6700.01,3897.54,136,True
SKU020,2025-12-28,99,385856.46,0,1,3897.54,52,12,2025,Winter,Storage,Sofa,2023-05-11,6700.01,3897.54,137,True
SKU021,2024-01-07,50,385564.0,0,0,7711.28,1,1,2024,Winter,Furniture,Chair,2023-07-05,6486.92,7711.28,26,False
SKU021,2024-01-14,65,501233.2,0,0,7711.28,2,1,2024,Winter,Furniture,Chair,2023-07-05,6486.92,7711.28,27,False
SKU021,2024-01-21,51,393275.28,0,0,7711.28,3,1,2024,Winter,Furniture,Chair,2023-07-05,6486.92,7711.28,28,False
SKU021,2024-01-28,50,385564.0,0,1,7711.28,4,1,2024,Winter,Furniture,Chair,2023-07-05,6486.92,7711.28,29,False
SKU021,2024-02-04,71,547500.88,0,0,7711.28,5,2,2024,Winter,Furniture,Chair,2023-07-05,6486.92,7711.28,30,False
SKU021,2024-02-11,54,416409.12,0,0,7711.28,6,2,2024,Winter,Furniture,Chair,2023-07-05,6486.92,7711.28,31,False
SKU021,2024-02-18,67,516655.76,0,0,7711.28,7,2,2024,Winter,Furniture,Chair,2023-07-05,6486.92,7711.28,32,False
SKU021,2024-02-25,71,547500.88,0,0,7711.28,8,2,2024,Winter,Furniture,Chair,2023-07-05,6486.92,7711.28,33,False
SKU021,2024-03-03,68,524367.04,2,0,7711.28,9,3,2024,Spring,Furniture,Chair,2023-07-05,6486.92,7711.28,34,False
SKU021,2024-03-10,79,609191.12,2,0,7711.28,10,3,2024,Spring,Furniture,Chair,2023-07-05,6486.92,7711.28,35,False
SKU021,2024-03-17,77,593768.56,2,0,7711.28,11,3,2024,Spring,Furniture,Chair,2023-07-05,6486.92,7711.28,36,False
SKU021,2024-03-24,59,454965.52,2,0,7711.28,12,3,2024,Spring,Furniture,Chair,2023-07-05,6486.92,7711.28,37,False
SKU021,2024-03-31,65,501233.2,2,0,7711.28,13,3,2024,Spring,Furniture,Chair,2023-07-05,6486.92,7711.28,38,False
SKU021,2024-04-07,54,416409.12,0,0,7711.28,14,4,2024,Spring,Furniture,Chair,2023-07-05,6486.92,7711.28,39,False
SKU021,2024-04-14,62,478099.36,0,0,7711.28,15,4,2024,Spring,Furniture,Chair,2023-07-05,6486.92,7711.28,40,False
SKU021,2024-04-21,80,616902.4,0,0,7711.28,16,4,2024,Spring,Furniture,Chair,2023-07-05,6486.92,7711.28,41,False
SKU021,2024-04-28,74,570634.72,0,0,7711.28,17,4,2024,Spring,Furniture,Chair,2023-07-05,6486.92,7711.28,42,False
SKU021,2024-05-05,79,609191.12,0,0,7711.28,18,5,2024,Summer,Furniture,Chair,2023-07-05,6486.92,7711.28,43,False
SKU021,2024-05-12,67,516655.76,0,0,7711.28,19,5,2024,Summer,Furniture,Chair,2023-07-05,6486.92,7711.28,44,False
SKU021,2024-05-19,70,539789.6,0,0,7711.28,20,5,2024,Summer,Furniture,Chair,2023-07-05,6486.92,7711.28,45,False
SKU021,2024-05-26,61,470388.08,0,0,7711.28,21,5,2024,Summer,Furniture,Chair,2023-07-05,6486.92,7711.28,46,False
SKU021,2024-06-02,73,562923.4400000001,2,0,7711.28,22,6,2024,Summer,Furniture,Chair,2023-07-05,6486.92,7711.28,47,False
SKU021,2024-06-09,59,454965.52,2,0,7711.28,23,6,2024,Summer,Furniture,Chair,2023-07-05,6486.92,7711.28,48,False
SKU021,2024-06-16,76,586057.28,2,0,7711.28,24,6,2024,Summer,Furniture,Chair,2023-07-05,6486.92,7711.28,49,False
SKU021,2024-06-23,56,431831.68,2,0,7711.28,25,6,2024,Summer,Furniture,Chair,2023-07-05,6486.92,7711.28,50,False
SKU021,2024-06-30,56,431831.68,2,0,7711.28,26,6,2024,Summer,Furniture,Chair,2023-07-05,6486.92,7711.28,51,False
SKU021,2024-07-07,60,462676.8,0,0,7711.28,27,7,2024,Monsoon,Furniture,Chair,2023-07-05,6486.92,7711.28,52,False
SKU021,2024-07-14,53,408697.84,0,0,7711.28,28,7,2024,Monsoon,Furniture,Chair,2023-07-05,6486.92,7711.28,53,False
SKU021,2024-07-21,63,485810.64,0,0,7711.28,29,7,2024,Monsoon,Furniture,Chair,2023-07-05,6486.92,7711.28,54,False
SKU021,2024-07-28,55,424120.4,0,0,7711.28,30,7,2024,Monsoon,Furniture,Chair,2023-07-05,6486.92,7711.28,55,False
SKU021,2024-08-04,55,424120.4,0,0,7711.28,31,8,2024,Monsoon,Furniture,Chair,2023-07-05,6486.92,7711.28,56,False
SKU021,2024-08-11,52,400986.56,0,0,7711.28,32,8,2024,Monsoon,Furniture,Chair,2023-07-05,6486.92,7711.28,57,False
SKU021,2024-08-18,68,524367.04,0,1,7711.28,33,8,2024,Monsoon,Furniture,Chair,2023-07-05,6486.92,7711.28,58,False
SKU021,2024-08-25,59,454965.52,0,0,7711.28,34,8,2024,Monsoon,Furniture,Chair,2023-07-05,6486.92,7711.28,59,False
SKU021,2024-09-01,53,408697.83999999997,1,0,7711.28,35,9,2024,Monsoon,Furniture,Chair,2023-07-05,6486.92,7711.28,60,False
SKU021,2024-09-08,52,400986.56,2,0,7711.28,36,9,2024,Monsoon,Furniture,Chair,2023-07-05,6486.92,7711.28,61,False
SKU021,2024-09-15,55,424120.4,2,0,7711.28,37,9,2024,Monsoon,Furniture,Chair,2023-07-05,6486.92,7711.28,62,False
SKU021,2024-09-22,48,370141.44,2,0,7711.28,38,9,2024,Monsoon,Furniture,Chair,2023-07-05,6486.92,7711.28,63,False
SKU021,2024-09-29,61,470388.08,2,0,7711.28,39,9,2024,Monsoon,Furniture,Chair,2023-07-05,6486.92,7711.28,64,False
SKU021,2024-10-06,50,385564.0,0,0,7711.28,40,10,2024,Autumn,Furniture,Chair,2023-07-05,6486.92,7711.28,65,False
SKU021,2024-10-13,39,300739.92,0,0,7711.28,41,10,2024,Autumn,Furniture,Chair,2023-07-05,6486.92,7711.28,66,False
SKU021,2024-10-20,43,331585.04,0,0,7711.28,42,10,2024,Autumn,Furniture,Chair,2023-07-05,6486.92,7711.28,67,False
SKU021,2024-10-27,55,424120.4,0,0,7711.28,43,10,2024,Autumn,Furniture,Chair,2023-07-05,6486.92,7711.28,68,False
SKU021,2024-11-03,58,447254.24,2,1,7711.28,44,11,2024,Autumn,Furniture,Chair,2023-07-05,6486.92,7711.28,69,False
SKU021,2024-11-10,58,447254.24,2,0,7711.28,45,11,2024,Autumn,Furniture,Chair,2023-07-05,6486.92,7711.28,70,False
SKU021,2024-11-17,63,485810.64,2,0,7711.28,46,11,2024,Autumn,Furniture,Chair,2023-07-05,6486.92,7711.28,71,False
SKU021,2024-11-24,54,416409.12,2,0,7711.28,47,11,2024,Autumn,Furniture,Chair,2023-07-05,6486.92,7711.28,72,False
SKU021,2024-12-01,37,285317.36,1,0,7711.28,48,12,2024,Winter,Furniture,Chair,2023-07-05,6486.92,7711.28,73,False
SKU021,2024-12-08,55,424120.4,0,0,7711.28,49,12,2024,Winter,Furniture,Chair,2023-07-05,6486.92,7711.28,74,False
SKU021,2024-12-15,63,485810.64,0,0,7711.28,50,12,2024,Winter,Furniture,Chair,2023-07-05,6486.92,7711.28,75,False
SKU021,2024-12-22,50,385564.0,0,0,7711.28,51,12,2024,Winter,Furniture,Chair,2023-07-05,6486.92,7711.28,76,False
SKU021,2024-12-29,54,416409.12,0,1,7711.28,52,12,2024,Winter,Furniture,Chair,2023-07-05,6486.92,7711.28,77,False
SKU021,2025-01-05,48,370141.44,0,0,7711.28,1,1,2025,Winter,Furniture,Chair,2023-07-05,6486.92,7711.28,78,False
SKU021,2025-01-12,63,485810.64,0,0,7711.28,2,1,2025,Winter,Furniture,Chair,2023-07-05,6486.92,7711.28,79,False
SKU021,2025-01-19,60,462676.80000000005,0,0,7711.28,3,1,2025,Winter,Furniture,Chair,2023-07-05,6486.92,7711.28,80,False
SKU021,2025-01-26,57,439542.96,0,1,7711.28,4,1,2025,Winter,Furniture,Chair,2023-07-05,6486.92,7711.28,81,False
SKU021,2025-02-02,73,562923.4400000001,0,0,7711.28,5,2,2025,Winter,Furniture,Chair,2023-07-05,6486.92,7711.28,82,False
SKU021,2025-02-09,63,485810.64,0,0,7711.28,6,2,2025,Winter,Furniture,Chair,2023-07-05,6486.92,7711.28,83,False
SKU021,2025-02-16,73,562923.4400000001,0,0,7711.28,7,2,2025,Winter,Furniture,Chair,2023-07-05,6486.92,7711.28,84,False
SKU021,2025-02-23,63,485810.64,0,0,7711.28,8,2,2025,Winter,Furniture,Chair,2023-07-05,6486.92,7711.28,85,False
SKU021,2025-03-02,78,601479.84,2,0,7711.28,9,3,2025,Spring,Furniture,Chair,2023-07-05,6486.92,7711.28,86,False
SKU021,2025-03-09,59,454965.52,2,0,7711.28,10,3,2025,Spring,Furniture,Chair,2023-07-05,6486.92,7711.28,87,False
SKU021,2025-03-16,64,493521.92,2,0,7711.28,11,3,2025,Spring,Furniture,Chair,2023-07-05,6486.92,7711.28,88,False
SKU021,2025-03-23,75,578346.0,2,0,7711.28,12,3,2025,Spring,Furniture,Chair,2023-07-05,6486.92,7711.28,89,False
SKU021,2025-03-30,76,586057.28,2,0,7711.28,13,3,2025,Spring,Furniture,Chair,2023-07-05,6486.92,7711.28,90,False
SKU021,2025-04-06,68,524367.04,0,0,7711.28,14,4,2025,Spring,Furniture,Chair,2023-07-05,6486.92,7711.28,91,False
SKU021,2025-04-13,50,385564.0,0,0,7711.28,15,4,2025,Spring,Furniture,Chair,2023-07-05,6486.92,7711.28,92,False
SKU021,2025-04-20,66,508944.48,0,0,7711.28,16,4,2025,Spring,Furniture,Chair,2023-07-05,6486.92,7711.28,93,False
SKU021,2025-04-27,61,470388.08,0,0,7711.28,17,4,2025,Spring,Furniture,Chair,2023-07-05,6486.92,7711.28,94,False
SKU021,2025-05-04,66,508944.48,0,0,7711.28,18,5,2025,Summer,Furniture,Chair,2023-07-05,6486.92,7711.28,95,False
SKU021,2025-05-11,79,609191.12,0,0,7711.28,19,5,2025,Summer,Furniture,Chair,2023-07-05,6486.92,7711.28,96,False
SKU021,2025-05-18,72,555212.16,0,0,7711.28,20,5,2025,Summer,Furniture,Chair,2023-07-05,6486.92,7711.28,97,False
SKU021,2025-05-25,70,539789.6,0,0,7711.28,21,5,2025,Summer,Furniture,Chair,2023-07-05,6486.92,7711.28,98,False
SKU021,2025-06-01,71,547500.88,1,0,7711.28,22,6,2025,Summer,Furniture,Chair,2023-07-05,6486.92,7711.28,99,False
SKU021,2025-06-08,77,593768.5599999999,2,0,7711.28,23,6,2025,Summer,Furniture,Chair,2023-07-05,6486.92,7711.28,100,False
SKU021,2025-06-15,79,609191.12,2,0,7711.28,24,6,2025,Summer,Furniture,Chair,2023-07-05,6486.92,7711.28,101,False
SKU021,2025-06-22,67,516655.76,2,0,7711.28,25,6,2025,Summer,Furniture,Chair,2023-07-05,6486.92,7711.28,102,False
SKU021,2025-06-29,69,532078.32,2,0,7711.28,26,6,2025,Summer,Furniture,Chair,2023-07-05,6486.92,7711.28,103,False
SKU021,2025-07-06,57,439542.96,0,0,7711.28,27,7,2025,Monsoon,Furniture,Chair,2023-07-05,6486.92,7711.28,104,False
SKU021,2025-07-13,68,524367.04,0,0,7711.28,28,7,2025,Monsoon,Furniture,Chair,2023-07-05,6486.92,7711.28,105,False
SKU021,2025-07-20,58,447254.24,0,0,7711.28,29,7,2025,Monsoon,Furniture,Chair,2023-07-05,6486.92,7711.28,106,False
SKU021,2025-07-27,62,478099.36,0,0,7711.28,30,7,2025,Monsoon,Furniture,Chair,2023-07-05,6486.92,7711.28,107,False
SKU021,2025-08-03,54,416409.12,0,0,7711.28,31,8,2025,Monsoon,Furniture,Chair,2023-07-05,6486.92,7711.28,108,False
SKU021,2025-08-10,60,462676.8,0,0,7711.28,32,8,2025,Monsoon,Furniture,Chair,2023-07-05,6486.92,7711.28,109,False
SKU021,2025-08-17,54,416409.12,0,1,7711.28,33,8,2025,Monsoon,Furniture,Chair,2023-07-05,6486.92,7711.28,110,False
SKU021,2025-08-24,60,462676.8,0,0,7711.28,34,8,2025,Monsoon,Furniture,Chair,2023-07-05,6486.92,7711.28,111,False
SKU021,2025-08-31,43,331585.04,0,0,7711.28,35,8,2025,Monsoon,Furniture,Chair,2023-07-05,6486.92,7711.28,112,False
SKU021,2025-09-07,47,362430.16000000003,2,0,7711.28,36,9,2025,Monsoon,Furniture,Chair,2023-07-05,6486.92,7711.28,113,False
SKU021,2025-09-14,55,424120.4,2,0,7711.28,37,9,2025,Monsoon,Furniture,Chair,2023-07-05,6486.92,7711.28,114,False
SKU021,2025-09-21,55,424120.4,2,0,7711.28,38,9,2025,Monsoon,Furniture,Chair,2023-07-05,6486.92,7711.28,115,False
SKU021,2025-09-28,53,408697.83999999997,2,0,7711.28,39,9,2025,Monsoon,Furniture,Chair,2023-07-05,6486.92,7711.28,116,False
SKU021,2025-10-05,35,269894.8,0,0,7711.28,40,10,2025,Autumn,Furniture,Chair,2023-07-05,6486.92,7711.28,117,False
SKU021,2025-10-12,48,370141.44,0,0,7711.28,41,10,2025,Autumn,Furniture,Chair,2023-07-05,6486.92,7711.28,118,False
SKU021,2025-10-19,65,501233.2,0,0,7711.28,42,10,2025,Autumn,Furniture,Chair,2023-07-05,6486.92,7711.28,119,False
SKU021,2025-10-26,44,339296.32,0,1,7711.28,43,10,2025,Autumn,Furniture,Chair,2023-07-05,6486.92,7711.28,120,False
SKU021,2025-11-02,58,447254.24,2,0,7711.28,44,11,2025,Autumn,Furniture,Chair,2023-07-05,6486.92,7711.28,121,False
SKU021,2025-11-09,46,354718.88,2,0,7711.28,45,11,2025,Autumn,Furniture,Chair,2023-07-05,6486.92,7711.28,122,False
SKU021,2025-11-16,45,347007.60000000003,2,0,7711.28,46,11,2025,Autumn,Furniture,Chair,2023-07-05,6486.92,7711.28,123,False
SKU021,2025-11-23,43,331585.04,2,0,7711.28,47,11,2025,Autumn,Furniture,Chair,2023-07-05,6486.92,7711.28,124,False
SKU021,2025-11-30,47,362430.16000000003,2,0,7711.28,48,11,2025,Autumn,Furniture,Chair,2023-07-05,6486.92,7711.28,125,False
SKU021,2025-12-07,52,400986.56,0,0,7711.28,49,12,2025,Winter,Furniture,Chair,2023-07-05,6486.92,7711.28,126,True
SKU021,2025-12-14,59,454965.52,0,0,7711.28,50,12,2025,Winter,Furniture,Chair,2023-07-05,6486.92,7711.28,127,True
SKU021,2025-12-21,47,362430.16000000003,0,0,7711.28,51,12,2025,Winter,Furniture,Chair,2023-07-05,6486.92,7711.28,128,True
SKU021,2025-12-28,50,385564.0,0,1,7711.28,52,12,2025,Winter,Furniture,Chair,2023-07-05,6486.92,7711.28,129,True
SKU022,2024-01-07,64,294209.92,0,0,4597.03,1,1,2024,Winter,Home Decor,Table,2023-02-12,3252.96,4597.03,47,False
SKU022,2024-01-14,72,330986.16000000003,0,0,4597.03,2,1,2024,Winter,Home Decor,Table,2023-02-12,3252.96,4597.03,48,False
SKU022,2024-01-21,74,340180.22,0,0,4597.03,3,1,2024,Winter,Home Decor,Table,2023-02-12,3252.96,4597.03,49,False
SKU022,2024-01-28,74,340180.22,0,1,4597.03,4,1,2024,Winter,Home Decor,Table,2023-02-12,3252.96,4597.03,50,False
SKU022,2024-02-04,57,262030.71,0,0,4597.03,5,2,2024,Winter,Home Decor,Table,2023-02-12,3252.96,4597.03,51,False
SKU022,2024-02-11,87,399941.61,0,0,4597.03,6,2,2024,Winter,Home Decor,Table,2023-02-12,3252.96,4597.03,52,False
SKU022,2024-02-18,80,367762.4,0,0,4597.03,7,2,2024,Winter,Home Decor,Table,2023-02-12,3252.96,4597.03,53,False
SKU022,2024-02-25,69,317195.07,0,0,4597.03,8,2,2024,Winter,Home Decor,Table,2023-02-12,3252.96,4597.03,54,False
SKU022,2024-03-03,96,441314.88,2,0,4597.03,9,3,2024,Spring,Home Decor,Table,2023-02-12,3252.96,4597.03,55,False
SKU022,2024-03-10,73,335583.19,2,0,4597.03,10,3,2024,Spring,Home Decor,Table,2023-02-12,3252.96,4597.03,56,False
SKU022,2024-03-17,97,445911.91,2,0,4597.03,11,3,2024,Spring,Home Decor,Table,2023-02-12,3252.96,4597.03,57,False
SKU022,2024-03-24,75,344777.25,2,0,4597.03,12,3,2024,Spring,Home Decor,Table,2023-02-12,3252.96,4597.03,58,False
SKU022,2024-03-31,93,427523.79,2,0,4597.03,13,3,2024,Spring,Home Decor,Table,2023-02-12,3252.96,4597.03,59,False
SKU022,2024-04-07,82,376956.46,0,0,4597.03,14,4,2024,Spring,Home Decor,Table,2023-02-12,3252.96,4597.03,60,False
SKU022,2024-04-14,100,459703.0,0,0,4597.03,15,4,2024,Spring,Home Decor,Table,2023-02-12,3252.96,4597.03,61,False
SKU022,2024-04-21,73,335583.19,0,0,4597.03,16,4,2024,Spring,Home Decor,Table,2023-02-12,3252.96,4597.03,62,False
SKU022,2024-04-28,96,441314.88,0,0,4597.03,17,4,2024,Spring,Home Decor,Table,2023-02-12,3252.96,4597.03,63,False
SKU022,2024-05-05,87,399941.61,0,0,4597.03,18,5,2024,Summer,Home Decor,Table,2023-02-12,3252.96,4597.03,64,False
SKU022,2024-05-12,83,381553.49,0,0,4597.03,19,5,2024,Summer,Home Decor,Table,2023-02-12,3252.96,4597.03,65,False
SKU022,2024-05-19,84,386150.51999999996,0,0,4597.03,20,5,2024,Summer,Home Decor,Table,2023-02-12,3252.96,4597.03,66,False
SKU022,2024-05-26,82,376956.46,0,0,4597.03,21,5,2024,Summer,Home Decor,Table,2023-02-12,3252.96,4597.03,67,False
SKU022,2024-06-02,78,358568.33999999997,2,0,4597.03,22,6,2024,Summer,Home Decor,Table,2023-02-12,3252.96,4597.03,68,False
SKU022,2024-06-09,63,289612.89,2,0,4597.03,23,6,2024,Summer,Home Decor,Table,2023-02-12,3252.96,4597.03,69,False
SKU022,2024-06-16,91,418329.73,2,0,4597.03,24,6,2024,Summer,Home Decor,Table,2023-02-12,3252.96,4597.03,70,False
SKU022,2024-06-23,94,432120.81999999995,2,0,4597.03,25,6,2024,Summer,Home Decor,Table,2023-02-12,3252.96,4597.03,71,False
SKU022,2024-06-30,76,349374.28,2,0,4597.03,26,6,2024,Summer,Home Decor,Table,2023-02-12,3252.96,4597.03,72,False
SKU022,2024-07-07,58,266627.74,0,0,4597.03,27,7,2024,Monsoon,Home Decor,Table,2023-02-12,3252.96,4597.03,73,False
SKU022,2024-07-14,74,340180.22,0,0,4597.03,28,7,2024,Monsoon,Home Decor,Table,2023-02-12,3252.96,4597.03,74,False
SKU022,2024-07-21,68,312598.04,0,0,4597.03,29,7,2024,Monsoon,Home Decor,Table,2023-02-12,3252.96,4597.03,75,False
SKU022,2024-07-28,70,321792.1,0,0,4597.03,30,7,2024,Monsoon,Home Decor,Table,2023-02-12,3252.96,4597.03,76,False
SKU022,2024-08-04,59,271224.77,0,0,4597.03,31,8,2024,Monsoon,Home Decor,Table,2023-02-12,3252.96,4597.03,77,False
SKU022,2024-08-11,64,294209.92,0,0,4597.03,32,8,2024,Monsoon,Home Decor,Table,2023-02-12,3252.96,4597.03,78,False
SKU022,2024-08-18,56,257433.68,0,1,4597.03,33,8,2024,Monsoon,Home Decor,Table,2023-02-12,3252.96,4597.03,79,False
SKU022,2024-08-25,68,312598.04,0,0,4597.03,34,8,2024,Monsoon,Home Decor,Table,2023-02-12,3252.96,4597.03,80,False
SKU022,2024-09-01,66,303403.98,1,0,4597.03,35,9,2024,Monsoon,Home Decor,Table,2023-02-12,3252.96,4597.03,81,False
SKU022,2024-09-08,64,294209.92,2,0,4597.03,36,9,2024,Monsoon,Home Decor,Table,2023-02-12,3252.96,4597.03,82,False
SKU022,2024-09-15,59,271224.77,2,0,4597.03,37,9,2024,Monsoon,Home Decor,Table,2023-02-12,3252.96,4597.03,83,False
SKU022,2024-09-22,66,303403.98,2,0,4597.03,38,9,2024,Monsoon,Home Decor,Table,2023-02-12,3252.96,4597.03,84,False
SKU022,2024-09-29,72,330986.16,2,0,4597.03,39,9,2024,Monsoon,Home Decor,Table,2023-02-12,3252.96,4597.03,85,False
SKU022,2024-10-06,53,243642.59,0,0,4597.03,40,10,2024,Autumn,Home Decor,Table,2023-02-12,3252.96,4597.03,86,False
SKU022,2024-10-13,55,252836.65,0,0,4597.03,41,10,2024,Autumn,Home Decor,Table,2023-02-12,3252.96,4597.03,87,False
SKU022,2024-10-20,52,239045.56,0,0,4597.03,42,10,2024,Autumn,Home Decor,Table,2023-02-12,3252.96,4597.03,88,False
SKU022,2024-10-27,47,216060.41,0,0,4597.03,43,10,2024,Autumn,Home Decor,Table,2023-02-12,3252.96,4597.03,89,False
SKU022,2024-11-03,56,257433.68,2,1,4597.03,44,11,2024,Autumn,Home Decor,Table,2023-02-12,3252.96,4597.03,90,False
SKU022,2024-11-10,54,248239.62,2,0,4597.03,45,11,2024,Autumn,Home Decor,Table,2023-02-12,3252.96,4597.03,91,False
SKU022,2024-11-17,69,317195.07,2,0,4597.03,46,11,2024,Autumn,Home Decor,Table,2023-02-12,3252.96,4597.03,92,False
SKU022,2024-11-24,64,294209.92,2,0,4597.03,47,11,2024,Autumn,Home Decor,Table,2023-02-12,3252.96,4597.03,93,False
SKU022,2024-12-01,61,280418.83,1,0,4597.03,48,12,2024,Winter,Home Decor,Table,2023-02-12,3252.96,4597.03,94,False
SKU022,2024-12-08,62,285015.86,0,0,4597.03,49,12,2024,Winter,Home Decor,Table,2023-02-12,3252.96,4597.03,95,False
SKU022,2024-12-15,70,321792.1,0,0,4597.03,50,12,2024,Winter,Home Decor,Table,2023-02-12,3252.96,4597.03,96,False
SKU022,2024-12-22,46,211463.38,0,0,4597.03,51,12,2024,Winter,Home Decor,Table,2023-02-12,3252.96,4597.03,97,False
SKU022,2024-12-29,59,271224.77,0,1,4597.03,52,12,2024,Winter,Home Decor,Table,2023-02-12,3252.96,4597.03,98,False
SKU022,2025-01-05,77,353971.31,0,0,4597.03,1,1,2025,Winter,Home Decor,Table,2023-02-12,3252.96,4597.03,99,False
SKU022,2025-01-12,77,353971.31,0,0,4597.03,2,1,2025,Winter,Home Decor,Table,2023-02-12,3252.96,4597.03,100,False
SKU022,2025-01-19,69,317195.07,0,0,4597.03,3,1,2025,Winter,Home Decor,Table,2023-02-12,3252.96,4597.03,101,False
SKU022,2025-01-26,79,363165.37,0,1,4597.03,4,1,2025,Winter,Home Decor,Table,2023-02-12,3252.96,4597.03,102,False
SKU022,2025-02-02,75,344777.25,0,0,4597.03,5,2,2025,Winter,Home Decor,Table,2023-02-12,3252.96,4597.03,103,False
SKU022,2025-02-09,75,344777.25,0,0,4597.03,6,2,2025,Winter,Home Decor,Table,2023-02-12,3252.96,4597.03,104,False
SKU022,2025-02-16,86,395344.57999999996,0,0,4597.03,7,2,2025,Winter,Home Decor,Table,2023-02-12,3252.96,4597.03,105,False
SKU022,2025-02-23,88,404538.64,0,0,4597.03,8,2,2025,Winter,Home Decor,Table,2023-02-12,3252.96,4597.03,106,False
SKU022,2025-03-02,76,349374.27999999997,2,0,4597.03,9,3,2025,Spring,Home Decor,Table,2023-02-12,3252.96,4597.03,107,False
SKU022,2025-03-09,78,358568.34,2,0,4597.03,10,3,2025,Spring,Home Decor,Table,2023-02-12,3252.96,4597.03,108,False
SKU022,2025-03-16,82,376956.45999999996,2,0,4597.03,11,3,2025,Spring,Home Decor,Table,2023-02-12,3252.96,4597.03,109,False
SKU022,2025-03-23,84,386150.52,2,0,4597.03,12,3,2025,Spring,Home Decor,Table,2023-02-12,3252.96,4597.03,110,False
SKU022,2025-03-30,87,399941.61,2,0,4597.03,13,3,2025,Spring,Home Decor,Table,2023-02-12,3252.96,4597.03,111,False
SKU022,2025-04-06,61,280418.83,0,0,4597.03,14,4,2025,Spring,Home Decor,Table,2023-02-12,3252.96,4597.03,112,False
SKU022,2025-04-13,67,308001.01,0,0,4597.03,15,4,2025,Spring,Home Decor,Table,2023-02-12,3252.96,4597.03,113,False
SKU022,2025-04-20,77,353971.31,0,0,4597.03,16,4,2025,Spring,Home Decor,Table,2023-02-12,3252.96,4597.03,114,False
SKU022,2025-04-27,81,372359.43,0,0,4597.03,17,4,2025,Spring,Home Decor,Table,2023-02-12,3252.96,4597.03,115,False
SKU022,2025-05-04,85,390747.55,0,0,4597.03,18,5,2025,Summer,Home Decor,Table,2023-02-12,3252.96,4597.03,116,False
SKU022,2025-05-11,69,317195.07,0,0,4597.03,19,5,2025,Summer,Home Decor,Table,2023-02-12,3252.96,4597.03,117,False
SKU022,2025-05-18,80,367762.39999999997,0,0,4597.03,20,5,2025,Summer,Home Decor,Table,2023-02-12,3252.96,4597.03,118,False
SKU022,2025-05-25,93,427523.79,0,0,4597.03,21,5,2025,Summer,Home Decor,Table,2023-02-12,3252.96,4597.03,119,False
SKU022,2025-06-01,90,413732.69999999995,1,0,4597.03,22,6,2025,Summer,Home Decor,Table,2023-02-12,3252.96,4597.03,120,False
SKU022,2025-06-08,89,409135.67,2,0,4597.03,23,6,2025,Summer,Home Decor,Table,2023-02-12,3252.96,4597.03,121,False
SKU022,2025-06-15,90,413732.7,2,0,4597.03,24,6,2025,Summer,Home Decor,Table,2023-02-12,3252.96,4597.03,122,False
SKU022,2025-06-22,86,395344.57999999996,2,0,4597.03,25,6,2025,Summer,Home Decor,Table,2023-02-12,3252.96,4597.03,123,False
SKU022,2025-06-29,83,381553.49,2,0,4597.03,26,6,2025,Summer,Home Decor,Table,2023-02-12,3252.96,4597.03,124,False
SKU022,2025-07-06,70,321792.1,0,0,4597.03,27,7,2025,Monsoon,Home Decor,Table,2023-02-12,3252.96,4597.03,125,False
SKU022,2025-07-13,58,266627.74,0,0,4597.03,28,7,2025,Monsoon,Home Decor,Table,2023-02-12,3252.96,4597.03,126,False
SKU022,2025-07-20,82,376956.46,0,0,4597.03,29,7,2025,Monsoon,Home Decor,Table,2023-02-12,3252.96,4597.03,127,False
SKU022,2025-07-27,64,294209.92,0,0,4597.03,30,7,2025,Monsoon,Home Decor,Table,2023-02-12,3252.96,4597.03,128,False
SKU022,2025-08-03,70,321792.1,0,0,4597.03,31,8,2025,Monsoon,Home Decor,Table,2023-02-12,3252.96,4597.03,129,False
SKU022,2025-08-10,64,294209.92,0,0,4597.03,32,8,2025,Monsoon,Home Decor,Table,2023-02-12,3252.96,4597.03,130,False
SKU022,2025-08-17,64,294209.92,0,1,4597.03,33,8,2025,Monsoon,Home Decor,Table,2023-02-12,3252.96,4597.03,131,False
SKU022,2025-08-24,69,317195.07,0,0,4597.03,34,8,2025,Monsoon,Home Decor,Table,2023-02-12,3252.96,4597.03,132,False
SKU022,2025-08-31,49,225254.47,0,0,4597.03,35,8,2025,Monsoon,Home Decor,Table,2023-02-12,3252.96,4597.03,133,False
SKU022,2025-09-07,55,252836.65,2,0,4597.03,36,9,2025,Monsoon,Home Decor,Table,2023-02-12,3252.96,4597.03,134,False
SKU022,2025-09-14,67,308001.01,2,0,4597.03,37,9,2025,Monsoon,Home Decor,Table,2023-02-12,3252.96,4597.03,135,False
SKU022,2025-09-21,60,275821.8,2,0,4597.03,38,9,2025,Monsoon,Home Decor,Table,2023-02-12,3252.96,4597.03,136,False
SKU022,2025-09-28,61,280418.83,2,0,4597.03,39,9,2025,Monsoon,Home Decor,Table,2023-02-12,3252.96,4597.03,137,False
SKU022,2025-10-05,50,229851.5,0,0,4597.03,40,10,2025,Autumn,Home Decor,Table,2023-02-12,3252.96,4597.03,138,False
SKU022,2025-10-12,54,248239.62,0,0,4597.03,41,10,2025,Autumn,Home Decor,Table,2023-02-12,3252.96,4597.03,139,False
SKU022,2025-10-19,58,266627.74,0,0,4597.03,42,10,2025,Autumn,Home Decor,Table,2023-02-12,3252.96,4597.03,140,False
SKU022,2025-10-26,51,234448.53,0,1,4597.03,43,10,2025,Autumn,Home Decor,Table,2023-02-12,3252.96,4597.03,141,False
SKU022,2025-11-02,62,285015.86,2,0,4597.03,44,11,2025,Autumn,Home Decor,Table,2023-02-12,3252.96,4597.03,142,False
SKU022,2025-11-09,44,202269.32,2,0,4597.03,45,11,2025,Autumn,Home Decor,Table,2023-02-12,3252.96,4597.03,143,False
SKU022,2025-11-16,78,358568.33999999997,2,0,4597.03,46,11,2025,Autumn,Home Decor,Table,2023-02-12,3252.96,4597.03,144,False
SKU022,2025-11-23,53,243642.59,2,0,4597.03,47,11,2025,Autumn,Home Decor,Table,2023-02-12,3252.96,4597.03,145,False
SKU022,2025-11-30,69,317195.07,2,0,4597.03,48,11,2025,Autumn,Home Decor,Table,2023-02-12,3252.96,4597.03,146,False
SKU022,2025-12-07,70,321792.1,0,0,4597.03,49,12,2025,Winter,Home Decor,Table,2023-02-12,3252.96,4597.03,147,True
SKU022,2025-12-14,60,275821.8,0,0,4597.03,50,12,2025,Winter,Home Decor,Table,2023-02-12,3252.96,4597.03,148,True
SKU022,2025-12-21,62,285015.86,0,0,4597.03,51,12,2025,Winter,Home Decor,Table,2023-02-12,3252.96,4597.03,149,True
SKU022,2025-12-28,84,386150.52,0,1,4597.03,52,12,2025,Winter,Home Decor,Table,2023-02-12,3252.96,4597.03,150,True
SKU023,2024-01-07,100,141674.0,0,0,1416.74,1,1,2024,Winter,Kitchen,Cushion,2022-07-20,2484.54,1416.74,76,False
SKU023,2024-01-14,83,117589.42,0,0,1416.74,2,1,2024,Winter,Kitchen,Cushion,2022-07-20,2484.54,1416.74,77,False
SKU023,2024-01-21,97,137423.78,0,0,1416.74,3,1,2024,Winter,Kitchen,Cushion,2022-07-20,2484.54,1416.74,78,False
SKU023,2024-01-28,100,141674.0,0,1,1416.74,4,1,2024,Winter,Kitchen,Cushion,2022-07-20,2484.54,1416.74,79,False
SKU023,2024-02-04,126,178509.24,0,0,1416.74,5,2,2024,Winter,Kitchen,Cushion,2022-07-20,2484.54,1416.74,80,False
SKU023,2024-02-11,126,178509.24,0,0,1416.74,6,2,2024,Winter,Kitchen,Cushion,2022-07-20,2484.54,1416.74,81,False
SKU023,2024-02-18,109,154424.66,0,0,1416.74,7,2,2024,Winter,Kitchen,Cushion,2022-07-20,2484.54,1416.74,82,False
SKU023,2024-02-25,99,140257.26,0,0,1416.74,8,2,2024,Winter,Kitchen,Cushion,2022-07-20,2484.54,1416.74,83,False
SKU023,2024-03-03,114,161508.36,2,0,1416.74,9,3,2024,Spring,Kitchen,Cushion,2022-07-20,2484.54,1416.74,84,False
SKU023,2024-03-10,136,192676.64,2,0,1416.74,10,3,2024,Spring,Kitchen,Cushion,2022-07-20,2484.54,1416.74,85,False
SKU023,2024-03-17,137,194093.38,2,0,1416.74,11,3,2024,Spring,Kitchen,Cushion,2022-07-20,2484.54,1416.74,86,False
SKU023,2024-03-24,99,140257.26,2,0,1416.74,12,3,2024,Spring,Kitchen,Cushion,2022-07-20,2484.54,1416.74,87,False
SKU023,2024-03-31,117,165758.58000000002,2,0,1416.74,13,3,2024,Spring,Kitchen,Cushion,2022-07-20,2484.54,1416.74,88,False
SKU023,2024-04-07,122,172842.28,0,0,1416.74,14,4,2024,Spring,Kitchen,Cushion,2022-07-20,2484.54,1416.74,89,False
SKU023,2024-04-14,132,187009.68,0,0,1416.74,15,4,2024,Spring,Kitchen,Cushion,2022-07-20,2484.54,1416.74,90,False
SKU023,2024-04-21,118,167175.32,0,0,1416.74,16,4,2024,Spring,Kitchen,Cushion,2022-07-20,2484.54,1416.74,91,False
SKU023,2024-04-28,102,144507.47999999998,0,0,1416.74,17,4,2024,Spring,Kitchen,Cushion,2022-07-20,2484.54,1416.74,92,False
SKU023,2024-05-05,102,144507.48,0,0,1416.74,18,5,2024,Summer,Kitchen,Cushion,2022-07-20,2484.54,1416.74,93,False
SKU023,2024-05-12,120,170008.8,0,0,1416.74,19,5,2024,Summer,Kitchen,Cushion,2022-07-20,2484.54,1416.74,94,False
SKU023,2024-05-19,129,182759.46,0,0,1416.74,20,5,2024,Summer,Kitchen,Cushion,2022-07-20,2484.54,1416.74,95,False
SKU023,2024-05-26,101,143090.74,0,0,1416.74,21,5,2024,Summer,Kitchen,Cushion,2022-07-20,2484.54,1416.74,96,False
SKU023,2024-06-02,123,174259.02000000002,2,0,1416.74,22,6,2024,Summer,Kitchen,Cushion,2022-07-20,2484.54,1416.74,97,False
SKU023,2024-06-09,116,164341.84000000003,2,0,1416.74,23,6,2024,Summer,Kitchen,Cushion,2022-07-20,2484.54,1416.74,98,False
SKU023,2024-06-16,114,161508.36,2,0,1416.74,24,6,2024,Summer,Kitchen,Cushion,2022-07-20,2484.54,1416.74,99,False
SKU023,2024-06-23,124,175675.76,2,0,1416.74,25,6,2024,Summer,Kitchen,Cushion,2022-07-20,2484.54,1416.74,100,False
SKU023,2024-06-30,118,167175.32,2,0,1416.74,26,6,2024,Summer,Kitchen,Cushion,2022-07-20,2484.54,1416.74,101,False
SKU023,2024-07-07,109,154424.66,0,0,1416.74,27,7,2024,Monsoon,Kitchen,Cushion,2022-07-20,2484.54,1416.74,102,False
SKU023,2024-07-14,88,124673.12,0,0,1416.74,28,7,2024,Monsoon,Kitchen,Cushion,2022-07-20,2484.54,1416.74,103,False
SKU023,2024-07-21,102,144507.48,0,0,1416.74,29,7,2024,Monsoon,Kitchen,Cushion,2022-07-20,2484.54,1416.74,104,False
SKU023,2024-07-28,109,154424.66,0,0,1416.74,30,7,2024,Monsoon,Kitchen,Cushion,2022-07-20,2484.54,1416.74,105,False
SKU023,2024-08-04,105,148757.7,0,0,1416.74,31,8,2024,Monsoon,Kitchen,Cushion,2022-07-20,2484.54,1416.74,106,False
SKU023,2024-08-11,105,148757.7,0,0,1416.74,32,8,2024,Monsoon,Kitchen,Cushion,2022-07-20,2484.54,1416.74,107,False
SKU023,2024-08-18,82,116172.68,0,1,1416.74,33,8,2024,Monsoon,Kitchen,Cushion,2022-07-20,2484.54,1416.74,108,False
SKU023,2024-08-25,99,140257.26,0,0,1416.74,34,8,2024,Monsoon,Kitchen,Cushion,2022-07-20,2484.54,1416.74,109,False
SKU023,2024-09-01,85,120422.9,1,0,1416.74,35,9,2024,Monsoon,Kitchen,Cushion,2022-07-20,2484.54,1416.74,110,False
SKU023,2024-09-08,88,124673.12,2,0,1416.74,36,9,2024,Monsoon,Kitchen,Cushion,2022-07-20,2484.54,1416.74,111,False
SKU023,2024-09-15,87,123256.38,2,0,1416.74,37,9,2024,Monsoon,Kitchen,Cushion,2022-07-20,2484.54,1416.74,112,False
SKU023,2024-09-22,85,120422.9,2,0,1416.74,38,9,2024,Monsoon,Kitchen,Cushion,2022-07-20,2484.54,1416.74,113,False
SKU023,2024-09-29,89,126089.86,2,0,1416.74,39,9,2024,Monsoon,Kitchen,Cushion,2022-07-20,2484.54,1416.74,114,False
SKU023,2024-10-06,76,107672.24,0,0,1416.74,40,10,2024,Autumn,Kitchen,Cushion,2022-07-20,2484.54,1416.74,115,False
SKU023,2024-10-13,67,94921.58,0,0,1416.74,41,10,2024,Autumn,Kitchen,Cushion,2022-07-20,2484.54,1416.74,116,False
SKU023,2024-10-20,74,104838.76000000001,0,0,1416.74,42,10,2024,Autumn,Kitchen,Cushion,2022-07-20,2484.54,1416.74,117,False
SKU023,2024-10-27,84,119006.16,0,0,1416.74,43,10,2024,Autumn,Kitchen,Cushion,2022-07-20,2484.54,1416.74,118,False
SKU023,2024-11-03,86,121839.64,2,1,1416.74,44,11,2024,Autumn,Kitchen,Cushion,2022-07-20,2484.54,1416.74,119,False
SKU023,2024-11-10,85,120422.9,2,0,1416.74,45,11,2024,Autumn,Kitchen,Cushion,2022-07-20,2484.54,1416.74,120,False
SKU023,2024-11-17,94,133173.56,2,0,1416.74,46,11,2024,Autumn,Kitchen,Cushion,2022-07-20,2484.54,1416.74,121,False
SKU023,2024-11-24,98,138840.52,2,0,1416.74,47,11,2024,Autumn,Kitchen,Cushion,2022-07-20,2484.54,1416.74,122,False
SKU023,2024-12-01,111,157258.14,1,0,1416.74,48,12,2024,Winter,Kitchen,Cushion,2022-07-20,2484.54,1416.74,123,False
SKU023,2024-12-08,104,147340.96,0,0,1416.74,49,12,2024,Winter,Kitchen,Cushion,2022-07-20,2484.54,1416.74,124,False
SKU023,2024-12-15,80,113339.2,0,0,1416.74,50,12,2024,Winter,Kitchen,Cushion,2022-07-20,2484.54,1416.74,125,False
SKU023,2024-12-22,90,127506.6,0,0,1416.74,51,12,2024,Winter,Kitchen,Cushion,2022-07-20,2484.54,1416.74,126,False
SKU023,2024-12-29,99,140257.26,0,1,1416.74,52,12,2024,Winter,Kitchen,Cushion,2022-07-20,2484.54,1416.74,127,False
SKU023,2025-01-05,117,165758.58000000002,0,0,1416.74,1,1,2025,Winter,Kitchen,Cushion,2022-07-20,2484.54,1416.74,128,False
SKU023,2025-01-12,114,161508.36,0,0,1416.74,2,1,2025,Winter,Kitchen,Cushion,2022-07-20,2484.54,1416.74,129,False
SKU023,2025-01-19,92,130340.08,0,0,1416.74,3,1,2025,Winter,Kitchen,Cushion,2022-07-20,2484.54,1416.74,130,False
SKU023,2025-01-26,83,117589.42,0,1,1416.74,4,1,2025,Winter,Kitchen,Cushion,2022-07-20,2484.54,1416.74,131,False
SKU023,2025-02-02,106,150174.44,0,0,1416.74,5,2,2025,Winter,Kitchen,Cushion,2022-07-20,2484.54,1416.74,132,False
SKU023,2025-02-09,98,138840.52,0,0,1416.74,6,2,2025,Winter,Kitchen,Cushion,2022-07-20,2484.54,1416.74,133,False
SKU023,2025-02-16,113,160091.62,0,0,1416.74,7,2,2025,Winter,Kitchen,Cushion,2022-07-20,2484.54,1416.74,134,False
SKU023,2025-02-23,115,162925.1,0,0,1416.74,8,2,2025,Winter,Kitchen,Cushion,2022-07-20,2484.54,1416.74,135,False
SKU023,2025-03-02,119,168592.06,2,0,1416.74,9,3,2025,Spring,Kitchen,Cushion,2022-07-20,2484.54,1416.74,136,False
SKU023,2025-03-09,125,177092.5,2,0,1416.74,10,3,2025,Spring,Kitchen,Cushion,2022-07-20,2484.54,1416.74,137,False
SKU023,2025-03-16,131,185592.94,2,0,1416.74,11,3,2025,Spring,Kitchen,Cushion,2022-07-20,2484.54,1416.74,138,False
SKU023,2025-03-23,127,179925.98,2,0,1416.74,12,3,2025,Spring,Kitchen,Cushion,2022-07-20,2484.54,1416.74,139,False
SKU023,2025-03-30,141,199760.34,2,0,1416.74,13,3,2025,Spring,Kitchen,Cushion,2022-07-20,2484.54,1416.74,140,False
SKU023,2025-04-06,121,171425.54,0,0,1416.74,14,4,2025,Spring,Kitchen,Cushion,2022-07-20,2484.54,1416.74,141,False
SKU023,2025-04-13,127,179925.98,0,0,1416.74,15,4,2025,Spring,Kitchen,Cushion,2022-07-20,2484.54,1416.74,142,False
SKU023,2025-04-20,120,170008.8,0,0,1416.74,16,4,2025,Spring,Kitchen,Cushion,2022-07-20,2484.54,1416.74,143,False
SKU023,2025-04-27,128,181342.72,0,0,1416.74,17,4,2025,Spring,Kitchen,Cushion,2022-07-20,2484.54,1416.74,144,False
SKU023,2025-05-04,107,151591.18,0,0,1416.74,18,5,2025,Summer,Kitchen,Cushion,2022-07-20,2484.54,1416.74,145,False
SKU023,2025-05-11,133,188426.41999999998,0,0,1416.74,19,5,2025,Summer,Kitchen,Cushion,2022-07-20,2484.54,1416.74,146,False
SKU023,2025-05-18,111,157258.14,0,0,1416.74,20,5,2025,Summer,Kitchen,Cushion,2022-07-20,2484.54,1416.74,147,False
SKU023,2025-05-25,118,167175.32,0,0,1416.74,21,5,2025,Summer,Kitchen,Cushion,2022-07-20,2484.54,1416.74,148,False
SKU023,2025-06-01,112,158674.88,1,0,1416.74,22,6,2025,Summer,Kitchen,Cushion,2022-07-20,2484.54,1416.74,149,False
SKU023,2025-06-08,122,172842.28,2,0,1416.74,23,6,2025,Summer,Kitchen,Cushion,2022-07-20,2484.54,1416.74,150,False
SKU023,2025-06-15,117,165758.58,2,0,1416.74,24,6,2025,Summer,Kitchen,Cushion,2022-07-20,2484.54,1416.74,151,False
SKU023,2025-06-22,133,188426.41999999998,2,0,1416.74,25,6,2025,Summer,Kitchen,Cushion,2022-07-20,2484.54,1416.74,152,False
SKU023,2025-06-29,130,184176.2,2,0,1416.74,26,6,2025,Summer,Kitchen,Cushion,2022-07-20,2484.54,1416.74,153,False
SKU023,2025-07-06,105,148757.7,0,0,1416.74,27,7,2025,Monsoon,Kitchen,Cushion,2022-07-20,2484.54,1416.74,154,False
SKU023,2025-07-13,100,141674.0,0,0,1416.74,28,7,2025,Monsoon,Kitchen,Cushion,2022-07-20,2484.54,1416.74,155,False
SKU023,2025-07-20,91,128923.34,0,0,1416.74,29,7,2025,Monsoon,Kitchen,Cushion,2022-07-20,2484.54,1416.74,156,False
SKU023,2025-07-27,107,151591.18,0,0,1416.74,30,7,2025,Monsoon,Kitchen,Cushion,2022-07-20,2484.54,1416.74,157,False
SKU023,2025-08-03,102,144507.48,0,0,1416.74,31,8,2025,Monsoon,Kitchen,Cushion,2022-07-20,2484.54,1416.74,158,False
SKU023,2025-08-10,107,151591.18,0,0,1416.74,32,8,2025,Monsoon,Kitchen,Cushion,2022-07-20,2484.54,1416.74,159,False
SKU023,2025-08-17,102,144507.48,0,1,1416.74,33,8,2025,Monsoon,Kitchen,Cushion,2022-07-20,2484.54,1416.74,160,False
SKU023,2025-08-24,95,134590.3,0,0,1416.74,34,8,2025,Monsoon,Kitchen,Cushion,2022-07-20,2484.54,1416.74,161,False
SKU023,2025-08-31,82,116172.68,0,0,1416.74,35,8,2025,Monsoon,Kitchen,Cushion,2022-07-20,2484.54,1416.74,162,False
SKU023,2025-09-07,76,107672.23999999999,2,0,1416.74,36,9,2025,Monsoon,Kitchen,Cushion,2022-07-20,2484.54,1416.74,163,False
SKU023,2025-09-14,53,75087.22,2,0,1416.74,37,9,2025,Monsoon,Kitchen,Cushion,2022-07-20,2484.54,1416.74,164,False
SKU023,2025-09-21,111,157258.14,2,0,1416.74,38,9,2025,Monsoon,Kitchen,Cushion,2022-07-20,2484.54,1416.74,165,False
SKU023,2025-09-28,90,127506.6,2,0,1416.74,39,9,2025,Monsoon,Kitchen,Cushion,2022-07-20,2484.54,1416.74,166,False
SKU023,2025-10-05,89,126089.86,0,0,1416.74,40,10,2025,Autumn,Kitchen,Cushion,2022-07-20,2484.54,1416.74,167,False
SKU023,2025-10-12,80,113339.2,0,0,1416.74,41,10,2025,Autumn,Kitchen,Cushion,2022-07-20,2484.54,1416.74,168,False
SKU023,2025-10-19,74,104838.76,0,0,1416.74,42,10,2025,Autumn,Kitchen,Cushion,2022-07-20,2484.54,1416.74,169,False
SKU023,2025-10-26,91,128923.34,0,1,1416.74,43,10,2025,Autumn,Kitchen,Cushion,2022-07-20,2484.54,1416.74,170,False
SKU023,2025-11-02,84,119006.16,2,0,1416.74,44,11,2025,Autumn,Kitchen,Cushion,2022-07-20,2484.54,1416.74,171,False
SKU023,2025-11-09,91,128923.34,2,0,1416.74,45,11,2025,Autumn,Kitchen,Cushion,2022-07-20,2484.54,1416.74,172,False
SKU023,2025-11-16,88,124673.12,2,0,1416.74,46,11,2025,Autumn,Kitchen,Cushion,2022-07-20,2484.54,1416.74,173,False
SKU023,2025-11-23,88,124673.12,2,0,1416.74,47,11,2025,Autumn,Kitchen,Cushion,2022-07-20,2484.54,1416.74,174,False
SKU023,2025-11-30,90,127506.6,2,0,1416.74,48,11,2025,Autumn,Kitchen,Cushion,2022-07-20,2484.54,1416.74,175,False
SKU023,2025-12-07,97,137423.78,0,0,1416.74,49,12,2025,Winter,Kitchen,Cushion,2022-07-20,2484.54,1416.74,176,True
SKU023,2025-12-14,98,138840.52,0,0,1416.74,50,12,2025,Winter,Kitchen,Cushion,2022-07-20,2484.54,1416.74,177,True
SKU023,2025-12-21,96,136007.04,0,0,1416.74,51,12,2025,Winter,Kitchen,Cushion,2022-07-20,2484.54,1416.74,178,True
SKU023,2025-12-28,99,140257.26,0,1,1416.74,52,12,2025,Winter,Kitchen,Cushion,2022-07-20,2484.54,1416.74,179,True
SKU024,2024-01-07,93,164504.91,0,0,1768.8700000000001,1,1,2024,Winter,Lighting,Cookware,2024-01-01,5539.34,1768.87,0,False
SKU024,2024-01-14,81,143278.47,0,0,1768.8700000000001,2,1,2024,Winter,Lighting,Cookware,2024-01-01,5539.34,1768.87,1,False
SKU024,2024-01-21,95,168042.65,0,0,1768.8700000000001,3,1,2024,Winter,Lighting,Cookware,2024-01-01,5539.34,1768.87,2,False
SKU024,2024-01-28,87,153891.69,0,1,1768.8700000000001,4,1,2024,Winter,Lighting,Cookware,2024-01-01,5539.34,1768.87,3,False
SKU024,2024-02-04,100,176887.0,0,0,1768.8700000000001,5,2,2024,Winter,Lighting,Cookware,2024-01-01,5539.34,1768.87,4,False
SKU024,2024-02-11,106,187500.22,0,0,1768.8700000000001,6,2,2024,Winter,Lighting,Cookware,2024-01-01,5539.34,1768.87,5,False
SKU024,2024-02-18,84,148585.08,0,0,1768.8700000000001,7,2,2024,Winter,Lighting,Cookware,2024-01-01,5539.34,1768.87,6,False
SKU024,2024-02-25,90,159198.3,0,0,1768.8700000000001,8,2,2024,Winter,Lighting,Cookware,2024-01-01,5539.34,1768.87,7,False
SKU024,2024-03-03,114,201651.18,2,0,1768.8700000000001,9,3,2024,Spring,Lighting,Cookware,2024-01-01,5539.34,1768.87,8,False
SKU024,2024-03-10,115,203420.05,2,0,1768.8700000000001,10,3,2024,Spring,Lighting,Cookware,2024-01-01,5539.34,1768.87,9,False
SKU024,2024-03-17,118,208726.66,2,0,1768.8700000000001,11,3,2024,Spring,Lighting,Cookware,2024-01-01,5539.34,1768.87,10,False
SKU024,2024-03-24,111,196344.57,2,0,1768.8700000000001,12,3,2024,Spring,Lighting,Cookware,2024-01-01,5539.34,1768.87,11,False
SKU024,2024-03-31,117,206957.79,2,0,1768.8700000000001,13,3,2024,Spring,Lighting,Cookware,2024-01-01,5539.34,1768.87,12,False
SKU024,2024-04-07,95,168042.65,0,0,1768.8700000000001,14,4,2024,Spring,Lighting,Cookware,2024-01-01,5539.34,1768.87,13,False
SKU024,2024-04-14,103,182193.61,0,0,1768.8700000000001,15,4,2024,Spring,Lighting,Cookware,2024-01-01,5539.34,1768.87,14,False
SKU024,2024-04-21,113,199882.31,0,0,1768.8700000000001,16,4,2024,Spring,Lighting,Cookware,2024-01-01,5539.34,1768.87,15,False
SKU024,2024-04-28,106,187500.22,0,0,1768.8700000000001,17,4,2024,Spring,Lighting,Cookware,2024-01-01,5539.34,1768.87,16,False
SKU024,2024-05-05,103,182193.61,0,0,1768.8700000000001,18,5,2024,Summer,Lighting,Cookware,2024-01-01,5539.34,1768.87,17,False
SKU024,2024-05-12,108,191037.96,0,0,1768.8700000000001,19,5,2024,Summer,Lighting,Cookware,2024-01-01,5539.34,1768.87,18,False
SKU024,2024-05-19,109,192806.83,0,0,1768.8700000000001,20,5,2024,Summer,Lighting,Cookware,2024-01-01,5539.34,1768.87,19,False
SKU024,2024-05-26,104,183962.48,0,0,1768.8700000000001,21,5,2024,Summer,Lighting,Cookware,2024-01-01,5539.34,1768.87,20,False
SKU024,2024-06-02,118,208726.66,2,0,1768.8700000000001,22,6,2024,Summer,Lighting,Cookware,2024-01-01,5539.34,1768.87,21,False
SKU024,2024-06-09,97,171580.39,2,0,1768.8700000000001,23,6,2024,Summer,Lighting,Cookware,2024-01-01,5539.34,1768.87,22,False
SKU024,2024-06-16,95,168042.65,2,0,1768.8700000000001,24,6,2024,Summer,Lighting,Cookware,2024-01-01,5539.34,1768.87,23,False
SKU024,2024-06-23,114,201651.18,2,0,1768.8700000000001,25,6,2024,Summer,Lighting,Cookware,2024-01-01,5539.34,1768.87,24,False
SKU024,2024-06-30,105,185731.35,2,0,1768.8700000000001,26,6,2024,Summer,Lighting,Cookware,2024-01-01,5539.34,1768.87,25,False
SKU024,2024-07-07,100,176887.0,0,0,1768.8700000000001,27,7,2024,Monsoon,Lighting,Cookware,2024-01-01,5539.34,1768.87,26,False
SKU024,2024-07-14,83,146816.21,0,0,1768.8700000000001,28,7,2024,Monsoon,Lighting,Cookware,2024-01-01,5539.34,1768.87,27,False
SKU024,2024-07-21,92,162736.04,0,0,1768.8700000000001,29,7,2024,Monsoon,Lighting,Cookware,2024-01-01,5539.34,1768.87,28,False
SKU024,2024-07-28,92,162736.04,0,0,1768.8700000000001,30,7,2024,Monsoon,Lighting,Cookware,2024-01-01,5539.34,1768.87,29,False
SKU024,2024-08-04,88,155660.56,0,0,1768.8700000000001,31,8,2024,Monsoon,Lighting,Cookware,2024-01-01,5539.34,1768.87,30,False
SKU024,2024-08-11,83,146816.21,0,0,1768.8700000000001,32,8,2024,Monsoon,Lighting,Cookware,2024-01-01,5539.34,1768.87,31,False
SKU024,2024-08-18,86,152122.82,0,1,1768.8700000000001,33,8,2024,Monsoon,Lighting,Cookware,2024-01-01,5539.34,1768.87,32,False
SKU024,2024-08-25,100,176887.0,0,0,1768.8700000000001,34,8,2024,Monsoon,Lighting,Cookware,2024-01-01,5539.34,1768.87,33,False
SKU024,2024-09-01,88,155660.56,1,0,1768.8700000000001,35,9,2024,Monsoon,Lighting,Cookware,2024-01-01,5539.34,1768.87,34,False
SKU024,2024-09-08,84,148585.08,2,0,1768.8700000000001,36,9,2024,Monsoon,Lighting,Cookware,2024-01-01,5539.34,1768.87,35,False
SKU024,2024-09-15,83,146816.21,2,0,1768.8700000000001,37,9,2024,Monsoon,Lighting,Cookware,2024-01-01,5539.34,1768.87,36,False
SKU024,2024-09-22,72,127358.64,2,0,1768.8700000000001,38,9,2024,Monsoon,Lighting,Cookware,2024-01-01,5539.34,1768.87,37,False
SKU024,2024-09-29,85,150353.95,2,0,1768.8700000000001,39,9,2024,Monsoon,Lighting,Cookware,2024-01-01,5539.34,1768.87,38,False
SKU024,2024-10-06,83,146816.21,0,0,1768.8700000000001,40,10,2024,Autumn,Lighting,Cookware,2024-01-01,5539.34,1768.87,39,False
SKU024,2024-10-13,66,116745.42,0,0,1768.8700000000001,41,10,2024,Autumn,Lighting,Cookware,2024-01-01,5539.34,1768.87,40,False
SKU024,2024-10-20,72,127358.64,0,0,1768.8700000000001,42,10,2024,Autumn,Lighting,Cookware,2024-01-01,5539.34,1768.87,41,False
SKU024,2024-10-27,62,109669.94,0,0,1768.8700000000001,43,10,2024,Autumn,Lighting,Cookware,2024-01-01,5539.34,1768.87,42,False
SKU024,2024-11-03,86,152122.82,2,1,1768.8700000000001,44,11,2024,Autumn,Lighting,Cookware,2024-01-01,5539.34,1768.87,43,False
SKU024,2024-11-10,78,137971.86,2,0,1768.8700000000001,45,11,2024,Autumn,Lighting,Cookware,2024-01-01,5539.34,1768.87,44,False
SKU024,2024-11-17,72,127358.64,2,0,1768.8700000000001,46,11,2024,Autumn,Lighting,Cookware,2024-01-01,5539.34,1768.87,45,False
SKU024,2024-11-24,74,130896.38,2,0,1768.8700000000001,47,11,2024,Autumn,Lighting,Cookware,2024-01-01,5539.34,1768.87,46,False
SKU024,2024-12-01,65,114976.55,1,0,1768.8700000000001,48,12,2024,Winter,Lighting,Cookware,2024-01-01,5539.34,1768.87,47,False
SKU024,2024-12-08,76,134434.12,0,0,1768.8700000000001,49,12,2024,Winter,Lighting,Cookware,2024-01-01,5539.34,1768.87,48,False
SKU024,2024-12-15,101,178655.87,0,0,1768.8700000000001,50,12,2024,Winter,Lighting,Cookware,2024-01-01,5539.34,1768.87,49,False
SKU024,2024-12-22,75,132665.25,0,0,1768.8700000000001,51,12,2024,Winter,Lighting,Cookware,2024-01-01,5539.34,1768.87,50,False
SKU024,2024-12-29,71,125589.77,0,1,1768.8700000000001,52,12,2024,Winter,Lighting,Cookware,2024-01-01,5539.34,1768.87,51,False
SKU024,2025-01-05,101,178655.87,0,0,1768.8700000000001,1,1,2025,Winter,Lighting,Cookware,2024-01-01,5539.34,1768.87,52,False
SKU024,2025-01-12,77,136202.99,0,0,1768.8700000000001,2,1,2025,Winter,Lighting,Cookware,2024-01-01,5539.34,1768.87,53,False
SKU024,2025-01-19,73,129127.51000000001,0,0,1768.8700000000001,3,1,2025,Winter,Lighting,Cookware,2024-01-01,5539.34,1768.87,54,False
SKU024,2025-01-26,80,141509.6,0,1,1768.8700000000001,4,1,2025,Winter,Lighting,Cookware,2024-01-01,5539.34,1768.87,55,False
SKU024,2025-02-02,88,155660.56,0,0,1768.8700000000001,5,2,2025,Winter,Lighting,Cookware,2024-01-01,5539.34,1768.87,56,False
SKU024,2025-02-09,84,148585.08000000002,0,0,1768.8700000000001,6,2,2025,Winter,Lighting,Cookware,2024-01-01,5539.34,1768.87,57,False
SKU024,2025-02-16,95,168042.65,0,0,1768.8700000000001,7,2,2025,Winter,Lighting,Cookware,2024-01-01,5539.34,1768.87,58,False
SKU024,2025-02-23,91,160967.16999999998,0,0,1768.8700000000001,8,2,2025,Winter,Lighting,Cookware,2024-01-01,5539.34,1768.87,59,False
SKU024,2025-03-02,116,205188.91999999998,2,0,1768.8700000000001,9,3,2025,Spring,Lighting,Cookware,2024-01-01,5539.34,1768.87,60,False
SKU024,2025-03-09,104,183962.48,2,0,1768.8700000000001,10,3,2025,Spring,Lighting,Cookware,2024-01-01,5539.34,1768.87,61,False
SKU024,2025-03-16,117,206957.78999999998,2,0,1768.8700000000001,11,3,2025,Spring,Lighting,Cookware,2024-01-01,5539.34,1768.87,62,False
SKU024,2025-03-23,141,249410.66999999998,2,0,1768.8700000000001,12,3,2025,Spring,Lighting,Cookware,2024-01-01,5539.34,1768.87,63,False
SKU024,2025-03-30,119,210495.53,2,0,1768.8700000000001,13,3,2025,Spring,Lighting,Cookware,2024-01-01,5539.34,1768.87,64,False
SKU024,2025-04-06,116,205188.91999999998,0,0,1768.8700000000001,14,4,2025,Spring,Lighting,Cookware,2024-01-01,5539.34,1768.87,65,False
SKU024,2025-04-13,90,159198.30000000002,0,0,1768.8700000000001,15,4,2025,Spring,Lighting,Cookware,2024-01-01,5539.34,1768.87,66,False
SKU024,2025-04-20,110,194575.7,0,0,1768.8700000000001,16,4,2025,Spring,Lighting,Cookware,2024-01-01,5539.34,1768.87,67,False
SKU024,2025-04-27,105,185731.35,0,0,1768.8700000000001,17,4,2025,Spring,Lighting,Cookware,2024-01-01,5539.34,1768.87,68,False
SKU024,2025-05-04,108,191037.96000000002,0,0,1768.8700000000001,18,5,2025,Summer,Lighting,Cookware,2024-01-01,5539.34,1768.87,69,False
SKU024,2025-05-11,121,214033.27000000002,0,0,1768.8700000000001,19,5,2025,Summer,Lighting,Cookware,2024-01-01,5539.34,1768.87,70,False
SKU024,2025-05-18,88,155660.56,0,0,1768.8700000000001,20,5,2025,Summer,Lighting,Cookware,2024-01-01,5539.34,1768.87,71,False
SKU024,2025-05-25,91,160967.16999999998,0,0,1768.8700000000001,21,5,2025,Summer,Lighting,Cookware,2024-01-01,5539.34,1768.87,72,False
SKU024,2025-06-01,97,171580.39,1,0,1768.8700000000001,22,6,2025,Summer,Lighting,Cookware,2024-01-01,5539.34,1768.87,73,False
SKU024,2025-06-08,94,166273.78,2,0,1768.8700000000001,23,6,2025,Summer,Lighting,Cookware,2024-01-01,5539.34,1768.87,74,False
SKU024,2025-06-15,105,185731.35,2,0,1768.8700000000001,24,6,2025,Summer,Lighting,Cookware,2024-01-01,5539.34,1768.87,75,False
SKU024,2025-06-22,101,178655.87,2,0,1768.8700000000001,25,6,2025,Summer,Lighting,Cookware,2024-01-01,5539.34,1768.87,76,False
SKU024,2025-06-29,107,189269.09,2,0,1768.8700000000001,26,6,2025,Summer,Lighting,Cookware,2024-01-01,5539.34,1768.87,77,False
SKU024,2025-07-06,94,166273.78,0,0,1768.8700000000001,27,7,2025,Monsoon,Lighting,Cookware,2024-01-01,5539.34,1768.87,78,False
SKU024,2025-07-13,79,139740.73,0,0,1768.8700000000001,28,7,2025,Monsoon,Lighting,Cookware,2024-01-01,5539.34,1768.87,79,False
SKU024,2025-07-20,70,123820.9,0,0,1768.8700000000001,29,7,2025,Monsoon,Lighting,Cookware,2024-01-01,5539.34,1768.87,80,False
SKU024,2025-07-27,73,129127.51,0,0,1768.8700000000001,30,7,2025,Monsoon,Lighting,Cookware,2024-01-01,5539.34,1768.87,81,False
SKU024,2025-08-03,104,183962.48,0,0,1768.8700000000001,31,8,2025,Monsoon,Lighting,Cookware,2024-01-01,5539.34,1768.87,82,False
SKU024,2025-08-10,84,148585.08,0,0,1768.8700000000001,32,8,2025,Monsoon,Lighting,Cookware,2024-01-01,5539.34,1768.87,83,False
SKU024,2025-08-17,83,146816.21,0,1,1768.8700000000001,33,8,2025,Monsoon,Lighting,Cookware,2024-01-01,5539.34,1768.87,84,False
SKU024,2025-08-24,69,122052.03,0,0,1768.8700000000001,34,8,2025,Monsoon,Lighting,Cookware,2024-01-01,5539.34,1768.87,85,False
SKU024,2025-08-31,93,164504.91,0,0,1768.8700000000001,35,8,2025,Monsoon,Lighting,Cookware,2024-01-01,5539.34,1768.87,86,False
SKU024,2025-09-07,104,183962.48,2,0,1768.8700000000001,36,9,2025,Monsoon,Lighting,Cookware,2024-01-01,5539.34,1768.87,87,False
SKU024,2025-09-14,79,139740.72999999998,2,0,1768.8700000000001,37,9,2025,Monsoon,Lighting,Cookware,2024-01-01,5539.34,1768.87,88,False
SKU024,2025-09-21,84,148585.08000000002,2,0,1768.8700000000001,38,9,2025,Monsoon,Lighting,Cookware,2024-01-01,5539.34,1768.87,89,False
SKU024,2025-09-28,80,141509.6,2,0,1768.8700000000001,39,9,2025,Monsoon,Lighting,Cookware,2024-01-01,5539.34,1768.87,90,False
SKU024,2025-10-05,69,122052.03,0,0,1768.8700000000001,40,10,2025,Autumn,Lighting,Cookware,2024-01-01,5539.34,1768.87,91,False
SKU024,2025-10-12,65,114976.55,0,0,1768.8700000000001,41,10,2025,Autumn,Lighting,Cookware,2024-01-01,5539.34,1768.87,92,False
SKU024,2025-10-19,75,132665.25,0,0,1768.8700000000001,42,10,2025,Autumn,Lighting,Cookware,2024-01-01,5539.34,1768.87,93,False
SKU024,2025-10-26,82,145047.34,0,1,1768.8700000000001,43,10,2025,Autumn,Lighting,Cookware,2024-01-01,5539.34,1768.87,94,False
SKU024,2025-11-02,83,146816.21,2,0,1768.8700000000001,44,11,2025,Autumn,Lighting,Cookware,2024-01-01,5539.34,1768.87,95,False
SKU024,2025-11-09,82,145047.34,2,0,1768.8700000000001,45,11,2025,Autumn,Lighting,Cookware,2024-01-01,5539.34,1768.87,96,False
SKU024,2025-11-16,82,145047.34,2,0,1768.8700000000001,46,11,2025,Autumn,Lighting,Cookware,2024-01-01,5539.34,1768.87,97,False
SKU024,2025-11-23,80,141509.6,2,0,1768.8700000000001,47,11,2025,Autumn,Lighting,Cookware,2024-01-01,5539.34,1768.87,98,False
SKU024,2025-11-30,76,134434.12,2,0,1768.8700000000001,48,11,2025,Autumn,Lighting,Cookware,2024-01-01,5539.34,1768.87,99,False
SKU024,2025-12-07,93,164504.91,0,0,1768.8700000000001,49,12,2025,Winter,Lighting,Cookware,2024-01-01,5539.34,1768.87,100,True
SKU024,2025-12-14,72,127358.64,0,0,1768.8700000000001,50,12,2025,Winter,Lighting,Cookware,2024-01-01,5539.34,1768.87,101,True
SKU024,2025-12-21,85,150353.95,0,0,1768.8700000000001,51,12,2025,Winter,Lighting,Cookware,2024-01-01,5539.34,1768.87,102,True
SKU024,2025-12-28,71,125589.77,0,1,1768.8700000000001,52,12,2025,Winter,Lighting,Cookware,2024-01-01,5539.34,1768.87,103,True
SKU025,2024-01-07,14,161812.14,0,0,11558.01,1,1,2024,Winter,Storage,Lamp,2024-01-01,1333.08,11558.01,0,False
SKU025,2024-01-14,21,242718.21000000002,0,0,11558.01,2,1,2024,Winter,Storage,Lamp,2024-01-01,1333.08,11558.01,1,False
SKU025,2024-01-21,16,184928.16,0,0,11558.01,3,1,2024,Winter,Storage,Lamp,2024-01-01,1333.08,11558.01,2,False
SKU025,2024-01-28,24,277392.24,0,1,11558.01,4,1,2024,Winter,Storage,Lamp,2024-01-01,1333.08,11558.01,3,False
SKU025,2024-02-04,18,208044.18,0,0,11558.01,5,2,2024,Winter,Storage,Lamp,2024-01-01,1333.08,11558.01,4,False
SKU025,2024-02-11,19,219602.19,0,0,11558.01,6,2,2024,Winter,Storage,Lamp,2024-01-01,1333.08,11558.01,5,False
SKU025,2024-02-18,18,208044.18,0,0,11558.01,7,2,2024,Winter,Storage,Lamp,2024-01-01,1333.08,11558.01,6,False
SKU025,2024-02-25,23,265834.23,0,0,11558.01,8,2,2024,Winter,Storage,Lamp,2024-01-01,1333.08,11558.01,7,False
SKU025,2024-03-03,25,288950.25,2,0,11558.01,9,3,2024,Spring,Storage,Lamp,2024-01-01,1333.08,11558.01,8,False
SKU025,2024-03-10,22,254276.22,2,0,11558.01,10,3,2024,Spring,Storage,Lamp,2024-01-01,1333.08,11558.01,9,False
SKU025,2024-03-17,21,242718.21000000002,2,0,11558.01,11,3,2024,Spring,Storage,Lamp,2024-01-01,1333.08,11558.01,10,False
SKU025,2024-03-24,27,312066.27,2,0,11558.01,12,3,2024,Spring,Storage,Lamp,2024-01-01,1333.08,11558.01,11,False
SKU025,2024-03-31,31,358298.31,2,0,11558.01,13,3,2024,Spring,Storage,Lamp,2024-01-01,1333.08,11558.01,12,False
SKU025,2024-04-07,24,277392.24,0,0,11558.01,14,4,2024,Spring,Storage,Lamp,2024-01-01,1333.08,11558.01,13,False
SKU025,2024-04-14,19,219602.19,0,0,11558.01,15,4,2024,Spring,Storage,Lamp,2024-01-01,1333.08,11558.01,14,False
SKU025,2024-04-21,17,196486.17,0,0,11558.01,16,4,2024,Spring,Storage,Lamp,2024-01-01,1333.08,11558.01,15,False
SKU025,2024-04-28,28,323624.28,0,0,11558.01,17,4,2024,Spring,Storage,Lamp,2024-01-01,1333.08,11558.01,16,False
SKU025,2024-05-05,19,219602.19,0,0,11558.01,18,5,2024,Summer,Storage,Lamp,2024-01-01,1333.08,11558.01,17,False
SKU025,2024-05-12,20,231160.2,0,0,11558.01,19,5,2024,Summer,Storage,Lamp,2024-01-01,1333.08,11558.01,18,False
SKU025,2024-05-19,21,242718.21,0,0,11558.01,20,5,2024,Summer,Storage,Lamp,2024-01-01,1333.08,11558.01,19,False
SKU025,2024-05-26,15,173370.15,0,0,11558.01,21,5,2024,Summer,Storage,Lamp,2024-01-01,1333.08,11558.01,20,False
SKU025,2024-06-02,16,184928.16,2,0,11558.01,22,6,2024,Summer,Storage,Lamp,2024-01-01,1333.08,11558.01,21,False
SKU025,2024-06-09,21,242718.21000000002,2,0,11558.01,23,6,2024,Summer,Storage,Lamp,2024-01-01,1333.08,11558.01,22,False
SKU025,2024-06-16,16,184928.16,2,0,11558.01,24,6,2024,Summer,Storage,Lamp,2024-01-01,1333.08,11558.01,23,False
SKU025,2024-06-23,18,208044.18,2,0,11558.01,25,6,2024,Summer,Storage,Lamp,2024-01-01,1333.08,11558.01,24,False
SKU025,2024-06-30,25,288950.25,2,0,11558.01,26,6,2024,Summer,Storage,Lamp,2024-01-01,1333.08,11558.01,25,False
SKU025,2024-07-07,24,277392.24,0,0,11558.01,27,7,2024,Monsoon,Storage,Lamp,2024-01-01,1333.08,11558.01,26,False
SKU025,2024-07-14,23,265834.23,0,0,11558.01,28,7,2024,Monsoon,Storage,Lamp,2024-01-01,1333.08,11558.01,27,False
SKU025,2024-07-21,16,184928.16,0,0,11558.01,29,7,2024,Monsoon,Storage,Lamp,2024-01-01,1333.08,11558.01,28,False
SKU025,2024-07-28,14,161812.14,0,0,11558.01,30,7,2024,Monsoon,Storage,Lamp,2024-01-01,1333.08,11558.01,29,False
SKU025,2024-08-04,18,208044.18,0,0,11558.01,31,8,2024,Monsoon,Storage,Lamp,2024-01-01,1333.08,11558.01,30,False
SKU025,2024-08-11,17,196486.17,0,0,11558.01,32,8,2024,Monsoon,Storage,Lamp,2024-01-01,1333.08,11558.01,31,False
SKU025,2024-08-18,17,196486.17,0,1,11558.01,33,8,2024,Monsoon,Storage,Lamp,2024-01-01,1333.08,11558.01,32,False
SKU025,2024-08-25,19,219602.19,0,0,11558.01,34,8,2024,Monsoon,Storage,Lamp,2024-01-01,1333.08,11558.01,33,False
SKU025,2024-09-01,26,300508.26,1,0,11558.01,35,9,2024,Monsoon,Storage,Lamp,2024-01-01,1333.08,11558.01,34,False
SKU025,2024-09-08,16,184928.16,2,0,11558.01,36,9,2024,Monsoon,Storage,Lamp,2024-01-01,1333.08,11558.01,35,False
SKU025,2024-09-15,17,196486.17,2,0,11558.01,37,9,2024,Monsoon,Storage,Lamp,2024-01-01,1333.08,11558.01,36,False
SKU025,2024-09-22,15,173370.15000000002,2,0,11558.01,38,9,2024,Monsoon,Storage,Lamp,2024-01-01,1333.08,11558.01,37,False
SKU025,2024-09-29,12,138696.12,2,0,11558.01,39,9,2024,Monsoon,Storage,Lamp,2024-01-01,1333.08,11558.01,38,False
SKU025,2024-10-06,14,161812.14,0,0,11558.01,40,10,2024,Autumn,Storage,Lamp,2024-01-01,1333.08,11558.01,39,False
SKU025,2024-10-13,20,231160.2,0,0,11558.01,41,10,2024,Autumn,Storage,Lamp,2024-01-01,1333.08,11558.01,40,False
SKU025,2024-10-20,26,300508.26,0,0,11558.01,42,10,2024,Autumn,Storage,Lamp,2024-01-01,1333.08,11558.01,41,False
SKU025,2024-10-27,16,184928.16,0,0,11558.01,43,10,2024,Autumn,Storage,Lamp,2024-01-01,1333.08,11558.01,42,False
SKU025,2024-11-03,21,242718.21000000002,2,1,11558.01,44,11,2024,Autumn,Storage,Lamp,2024-01-01,1333.08,11558.01,43,False
SKU025,2024-11-10,18,208044.18,2,0,11558.01,45,11,2024,Autumn,Storage,Lamp,2024-01-01,1333.08,11558.01,44,False
SKU025,2024-11-17,17,196486.17,2,0,11558.01,46,11,2024,Autumn,Storage,Lamp,2024-01-01,1333.08,11558.01,45,False
SKU025,2024-11-24,26,300508.26,2,0,11558.01,47,11,2024,Autumn,Storage,Lamp,2024-01-01,1333.08,11558.01,46,False
SKU025,2024-12-01,5,57790.05,1,0,11558.01,48,12,2024,Winter,Storage,Lamp,2024-01-01,1333.08,11558.01,47,False
SKU025,2024-12-08,22,254276.22,0,0,11558.01,49,12,2024,Winter,Storage,Lamp,2024-01-01,1333.08,11558.01,48,False
SKU025,2024-12-15,24,277392.24,0,0,11558.01,50,12,2024,Winter,Storage,Lamp,2024-01-01,1333.08,11558.01,49,False
SKU025,2024-12-22,22,254276.22,0,0,11558.01,51,12,2024,Winter,Storage,Lamp,2024-01-01,1333.08,11558.01,50,False
SKU025,2024-12-29,16,184928.16,0,1,11558.01,52,12,2024,Winter,Storage,Lamp,2024-01-01,1333.08,11558.01,51,False
SKU025,2025-01-05,15,173370.15,0,0,11558.01,1,1,2025,Winter,Storage,Lamp,2024-01-01,1333.08,11558.01,52,False
SKU025,2025-01-12,21,242718.21,0,0,11558.01,2,1,2025,Winter,Storage,Lamp,2024-01-01,1333.08,11558.01,53,False
SKU025,2025-01-19,12,138696.12,0,0,11558.01,3,1,2025,Winter,Storage,Lamp,2024-01-01,1333.08,11558.01,54,False
SKU025,2025-01-26,21,242718.21000000002,0,1,11558.01,4,1,2025,Winter,Storage,Lamp,2024-01-01,1333.08,11558.01,55,False
SKU025,2025-02-02,17,196486.16999999998,0,0,11558.01,5,2,2025,Winter,Storage,Lamp,2024-01-01,1333.08,11558.01,56,False
SKU025,2025-02-09,28,323624.28,0,0,11558.01,6,2,2025,Winter,Storage,Lamp,2024-01-01,1333.08,11558.01,57,False
SKU025,2025-02-16,16,184928.16,0,0,11558.01,7,2,2025,Winter,Storage,Lamp,2024-01-01,1333.08,11558.01,58,False
SKU025,2025-02-23,17,196486.16999999998,0,0,11558.01,8,2,2025,Winter,Storage,Lamp,2024-01-01,1333.08,11558.01,59,False
SKU025,2025-03-02,27,312066.27,2,0,11558.01,9,3,2025,Spring,Storage,Lamp,2024-01-01,1333.08,11558.01,60,False
SKU025,2025-03-09,20,231160.2,2,0,11558.01,10,3,2025,Spring,Storage,Lamp,2024-01-01,1333.08,11558.01,61,False
SKU025,2025-03-16,16,184928.16,2,0,11558.01,11,3,2025,Spring,Storage,Lamp,2024-01-01,1333.08,11558.01,62,False
SKU025,2025-03-23,28,323624.28,2,0,11558.01,12,3,2025,Spring,Storage,Lamp,2024-01-01,1333.08,11558.01,63,False
SKU025,2025-03-30,27,312066.27,2,0,11558.01,13,3,2025,Spring,Storage,Lamp,2024-01-01,1333.08,11558.01,64,False
SKU025,2025-04-06,10,115580.1,0,0,11558.01,14,4,2025,Spring,Storage,Lamp,2024-01-01,1333.08,11558.01,65,False
SKU025,2025-04-13,26,300508.26,0,0,11558.01,15,4,2025,Spring,Storage,Lamp,2024-01-01,1333.08,11558.01,66,False
SKU025,2025-04-20,14,161812.14,0,0,11558.01,16,4,2025,Spring,Storage,Lamp,2024-01-01,1333.08,11558.01,67,False
SKU025,2025-04-27,16,184928.16,0,0,11558.01,17,4,2025,Spring,Storage,Lamp,2024-01-01,1333.08,11558.01,68,False
SKU025,2025-05-04,13,150254.13,0,0,11558.01,18,5,2025,Summer,Storage,Lamp,2024-01-01,1333.08,11558.01,69,False
SKU025,2025-05-11,16,184928.16,0,0,11558.01,19,5,2025,Summer,Storage,Lamp,2024-01-01,1333.08,11558.01,70,False
SKU025,2025-05-18,21,242718.21,0,0,11558.01,20,5,2025,Summer,Storage,Lamp,2024-01-01,1333.08,11558.01,71,False
SKU025,2025-05-25,19,219602.19,0,0,11558.01,21,5,2025,Summer,Storage,Lamp,2024-01-01,1333.08,11558.01,72,False
SKU025,2025-06-01,30,346740.3,1,0,11558.01,22,6,2025,Summer,Storage,Lamp,2024-01-01,1333.08,11558.01,73,False
SKU025,2025-06-08,19,219602.19,2,0,11558.01,23,6,2025,Summer,Storage,Lamp,2024-01-01,1333.08,11558.01,74,False
SKU025,2025-06-15,23,265834.23,2,0,11558.01,24,6,2025,Summer,Storage,Lamp,2024-01-01,1333.08,11558.01,75,False
SKU025,2025-06-22,16,184928.16,2,0,11558.01,25,6,2025,Summer,Storage,Lamp,2024-01-01,1333.08,11558.01,76,False
SKU025,2025-06-29,25,288950.25,2,0,11558.01,26,6,2025,Summer,Storage,Lamp,2024-01-01,1333.08,11558.01,77,False
SKU025,2025-07-06,18,208044.18,0,0,11558.01,27,7,2025,Monsoon,Storage,Lamp,2024-01-01,1333.08,11558.01,78,False
SKU025,2025-07-13,15,173370.15,0,0,11558.01,28,7,2025,Monsoon,Storage,Lamp,2024-01-01,1333.08,11558.01,79,False
SKU025,2025-07-20,24,277392.24,0,0,11558.01,29,7,2025,Monsoon,Storage,Lamp,2024-01-01,1333.08,11558.01,80,False
SKU025,2025-07-27,23,265834.23,0,0,11558.01,30,7,2025,Monsoon,Storage,Lamp,2024-01-01,1333.08,11558.01,81,False
SKU025,2025-08-03,20,231160.2,0,0,11558.01,31,8,2025,Monsoon,Storage,Lamp,2024-01-01,1333.08,11558.01,82,False
SKU025,2025-08-10,17,196486.16999999998,0,0,11558.01,32,8,2025,Monsoon,Storage,Lamp,2024-01-01,1333.08,11558.01,83,False
SKU025,2025-08-17,13,150254.13,0,1,11558.01,33,8,2025,Monsoon,Storage,Lamp,2024-01-01,1333.08,11558.01,84,False
SKU025,2025-08-24,18,208044.18,0,0,11558.01,34,8,2025,Monsoon,Storage,Lamp,2024-01-01,1333.08,11558.01,85,False
SKU025,2025-08-31,22,254276.22,0,0,11558.01,35,8,2025,Monsoon,Storage,Lamp,2024-01-01,1333.08,11558.01,86,False
SKU025,2025-09-07,17,196486.17,2,0,11558.01,36,9,2025,Monsoon,Storage,Lamp,2024-01-01,1333.08,11558.01,87,False
SKU025,2025-09-14,16,184928.16,2,0,11558.01,37,9,2025,Monsoon,Storage,Lamp,2024-01-01,1333.08,11558.01,88,False
SKU025,2025-09-21,16,184928.16,2,0,11558.01,38,9,2025,Monsoon,Storage,Lamp,2024-01-01,1333.08,11558.01,89,False
SKU025,2025-09-28,21,242718.21,2,0,11558.01,39,9,2025,Monsoon,Storage,Lamp,2024-01-01,1333.08,11558.01,90,False
SKU025,2025-10-05,12,138696.12,0,0,11558.01,40,10,2025,Autumn,Storage,Lamp,2024-01-01,1333.08,11558.01,91,False
SKU025,2025-10-12,13,150254.13,0,0,11558.01,41,10,2025,Autumn,Storage,Lamp,2024-01-01,1333.08,11558.01,92,False
SKU025,2025-10-19,17,196486.17,0,0,11558.01,42,10,2025,Autumn,Storage,Lamp,2024-01-01,1333.08,11558.01,93,False
SKU025,2025-10-26,17,196486.17,0,1,11558.01,43,10,2025,Autumn,Storage,Lamp,2024-01-01,1333.08,11558.01,94,False
SKU025,2025-11-02,20,231160.2,2,0,11558.01,44,11,2025,Autumn,Storage,Lamp,2024-01-01,1333.08,11558.01,95,False
SKU025,2025-11-09,18,208044.18,2,0,11558.01,45,11,2025,Autumn,Storage,Lamp,2024-01-01,1333.08,11558.01,96,False
SKU025,2025-11-16,18,208044.18,2,0,11558.01,46,11,2025,Autumn,Storage,Lamp,2024-01-01,1333.08,11558.01,97,False
SKU025,2025-11-23,12,138696.12,2,0,11558.01,47,11,2025,Autumn,Storage,Lamp,2024-01-01,1333.08,11558.01,98,False
SKU025,2025-11-30,9,104022.09,2,0,11558.01,48,11,2025,Autumn,Storage,Lamp,2024-01-01,1333.08,11558.01,99,False
SKU025,2025-12-07,18,208044.18,0,0,11558.01,49,12,2025,Winter,Storage,Lamp,2024-01-01,1333.08,11558.01,100,True
SKU025,2025-12-14,13,150254.13,0,0,11558.01,50,12,2025,Winter,Storage,Lamp,2024-01-01,1333.08,11558.01,101,True
SKU025,2025-12-21,14,161812.13999999998,0,0,11558.01,51,12,2025,Winter,Storage,Lamp,2024-01-01,1333.08,11558.01,102,True
SKU025,2025-12-28,16,184928.16,0,1,11558.01,52,12,2025,Winter,Storage,Lamp,2024-01-01,1333.08,11558.01,103,True
SKU026,2024-01-07,166,1815963.64,0,0,10939.539999999999,1,1,2024,Winter,Furniture,Shelf,2023-12-10,1799.29,10939.54,4,False
SKU026,2024-01-14,156,1706568.24,0,0,10939.539999999999,2,1,2024,Winter,Furniture,Shelf,2023-12-10,1799.29,10939.54,5,False
SKU026,2024-01-21,152,1662810.08,0,0,10939.539999999999,3,1,2024,Winter,Furniture,Shelf,2023-12-10,1799.29,10939.54,6,False
SKU026,2024-01-28,150,1640931.0,0,1,10939.539999999999,4,1,2024,Winter,Furniture,Shelf,2023-12-10,1799.29,10939.54,7,False
SKU026,2024-02-04,158,1728447.32,0,0,10939.539999999999,5,2,2024,Winter,Furniture,Shelf,2023-12-10,1799.29,10939.54,8,False
SKU026,2024-02-11,195,2133210.3,0,0,10939.539999999999,6,2,2024,Winter,Furniture,Shelf,2023-12-10,1799.29,10939.54,9,False
SKU026,2024-02-18,169,1848782.26,0,0,10939.539999999999,7,2,2024,Winter,Furniture,Shelf,2023-12-10,1799.29,10939.54,10,False
SKU026,2024-02-25,171,1870661.34,0,0,10939.539999999999,8,2,2024,Winter,Furniture,Shelf,2023-12-10,1799.29,10939.54,11,False
SKU026,2024-03-03,161,1761265.94,2,0,10939.539999999999,9,3,2024,Spring,Furniture,Shelf,2023-12-10,1799.29,10939.54,12,False
SKU026,2024-03-10,189,2067573.06,2,0,10939.539999999999,10,3,2024,Spring,Furniture,Shelf,2023-12-10,1799.29,10939.54,13,False
SKU026,2024-03-17,222,2428577.88,2,0,10939.539999999999,11,3,2024,Spring,Furniture,Shelf,2023-12-10,1799.29,10939.54,14,False
SKU026,2024-03-24,202,2209787.08,2,0,10939.539999999999,12,3,2024,Spring,Furniture,Shelf,2023-12-10,1799.29,10939.54,15,False
SKU026,2024-03-31,179,1958177.6600000001,2,0,10939.539999999999,13,3,2024,Spring,Furniture,Shelf,2023-12-10,1799.29,10939.54,16,False
SKU026,2024-04-07,159,1739386.8599999999,0,0,10939.539999999999,14,4,2024,Spring,Furniture,Shelf,2023-12-10,1799.29,10939.54,17,False
SKU026,2024-04-14,196,2144149.84,0,0,10939.539999999999,15,4,2024,Spring,Furniture,Shelf,2023-12-10,1799.29,10939.54,18,False
SKU026,2024-04-21,181,1980056.74,0,0,10939.539999999999,16,4,2024,Spring,Furniture,Shelf,2023-12-10,1799.29,10939.54,19,False
SKU026,2024-04-28,186,2034754.44,0,0,10939.539999999999,17,4,2024,Spring,Furniture,Shelf,2023-12-10,1799.29,10939.54,20,False
SKU026,2024-05-05,174,1903479.96,0,0,10939.539999999999,18,5,2024,Summer,Furniture,Shelf,2023-12-10,1799.29,10939.54,21,False
SKU026,2024-05-12,190,2078512.6,0,0,10939.539999999999,19,5,2024,Summer,Furniture,Shelf,2023-12-10,1799.29,10939.54,22,False
SKU026,2024-05-19,162,1772205.48,0,0,10939.539999999999,20,5,2024,Summer,Furniture,Shelf,2023-12-10,1799.29,10939.54,23,False
SKU026,2024-05-26,180,1969117.2,0,0,10939.539999999999,21,5,2024,Summer,Furniture,Shelf,2023-12-10,1799.29,10939.54,24,False
SKU026,2024-06-02,201,2198847.54,2,0,10939.539999999999,22,6,2024,Summer,Furniture,Shelf,2023-12-10,1799.29,10939.54,25,False
SKU026,2024-06-09,183,2001935.82,2,0,10939.539999999999,23,6,2024,Summer,Furniture,Shelf,2023-12-10,1799.29,10939.54,26,False
SKU026,2024-06-16,175,1914419.5,2,0,10939.539999999999,24,6,2024,Summer,Furniture,Shelf,2023-12-10,1799.29,10939.54,27,False
SKU026,2024-06-23,211,2308242.94,2,0,10939.539999999999,25,6,2024,Summer,Furniture,Shelf,2023-12-10,1799.29,10939.54,28,False
SKU026,2024-06-30,182,1990996.28,2,0,10939.539999999999,26,6,2024,Summer,Furniture,Shelf,2023-12-10,1799.29,10939.54,29,False
SKU026,2024-07-07,163,1783145.02,0,0,10939.539999999999,27,7,2024,Monsoon,Furniture,Shelf,2023-12-10,1799.29,10939.54,30,False
SKU026,2024-07-14,138,1509656.52,0,0,10939.539999999999,28,7,2024,Monsoon,Furniture,Shelf,2023-12-10,1799.29,10939.54,31,False
SKU026,2024-07-21,157,1717507.78,0,0,10939.539999999999,29,7,2024,Monsoon,Furniture,Shelf,2023-12-10,1799.29,10939.54,32,False
SKU026,2024-07-28,137,1498716.98,0,0,10939.539999999999,30,7,2024,Monsoon,Furniture,Shelf,2023-12-10,1799.29,10939.54,33,False
SKU026,2024-08-04,144,1575293.76,0,0,10939.539999999999,31,8,2024,Monsoon,Furniture,Shelf,2023-12-10,1799.29,10939.54,34,False
SKU026,2024-08-11,138,1509656.52,0,0,10939.539999999999,32,8,2024,Monsoon,Furniture,Shelf,2023-12-10,1799.29,10939.54,35,False
SKU026,2024-08-18,138,1509656.52,0,1,10939.539999999999,33,8,2024,Monsoon,Furniture,Shelf,2023-12-10,1799.29,10939.54,36,False
SKU026,2024-08-25,144,1575293.76,0,0,10939.539999999999,34,8,2024,Monsoon,Furniture,Shelf,2023-12-10,1799.29,10939.54,37,False
SKU026,2024-09-01,129,1411200.6600000001,1,0,10939.539999999999,35,9,2024,Monsoon,Furniture,Shelf,2023-12-10,1799.29,10939.54,38,False
SKU026,2024-09-08,146,1597172.8399999999,2,0,10939.539999999999,36,9,2024,Monsoon,Furniture,Shelf,2023-12-10,1799.29,10939.54,39,False
SKU026,2024-09-15,143,1564354.22,2,0,10939.539999999999,37,9,2024,Monsoon,Furniture,Shelf,2023-12-10,1799.29,10939.54,40,False
SKU026,2024-09-22,120,1312744.8,2,0,10939.539999999999,38,9,2024,Monsoon,Furniture,Shelf,2023-12-10,1799.29,10939.54,41,False
SKU026,2024-09-29,129,1411200.6600000001,2,0,10939.539999999999,39,9,2024,Monsoon,Furniture,Shelf,2023-12-10,1799.29,10939.54,42,False
SKU026,2024-10-06,131,1433079.74,0,0,10939.539999999999,40,10,2024,Autumn,Furniture,Shelf,2023-12-10,1799.29,10939.54,43,False
SKU026,2024-10-13,145,1586233.3,0,0,10939.539999999999,41,10,2024,Autumn,Furniture,Shelf,2023-12-10,1799.29,10939.54,44,False
SKU026,2024-10-20,141,1542475.1400000001,0,0,10939.539999999999,42,10,2024,Autumn,Furniture,Shelf,2023-12-10,1799.29,10939.54,45,False
SKU026,2024-10-27,137,1498716.98,0,0,10939.539999999999,43,10,2024,Autumn,Furniture,Shelf,2023-12-10,1799.29,10939.54,46,False
SKU026,2024-11-03,130,1422140.2,2,1,10939.539999999999,44,11,2024,Autumn,Furniture,Shelf,2023-12-10,1799.29,10939.54,47,False
SKU026,2024-11-10,127,1389321.58,2,0,10939.539999999999,45,11,2024,Autumn,Furniture,Shelf,2023-12-10,1799.29,10939.54,48,False
SKU026,2024-11-17,156,1706568.24,2,0,10939.539999999999,46,11,2024,Autumn,Furniture,Shelf,2023-12-10,1799.29,10939.54,49,False
SKU026,2024-11-24,124,1356502.96,2,0,10939.539999999999,47,11,2024,Autumn,Furniture,Shelf,2023-12-10,1799.29,10939.54,50,False
SKU026,2024-12-01,116,1268986.6400000001,1,0,10939.539999999999,48,12,2024,Winter,Furniture,Shelf,2023-12-10,1799.29,10939.54,51,False
SKU026,2024-12-08,162,1772205.48,0,0,10939.539999999999,49,12,2024,Winter,Furniture,Shelf,2023-12-10,1799.29,10939.54,52,False
SKU026,2024-12-15,148,1619051.92,0,0,10939.539999999999,50,12,2024,Winter,Furniture,Shelf,2023-12-10,1799.29,10939.54,53,False
SKU026,2024-12-22,131,1433079.74,0,0,10939.539999999999,51,12,2024,Winter,Furniture,Shelf,2023-12-10,1799.29,10939.54,54,False
SKU026,2024-12-29,145,1586233.3,0,1,10939.539999999999,52,12,2024,Winter,Furniture,Shelf,2023-12-10,1799.29,10939.54,55,False
SKU026,2025-01-05,147,1608112.38,0,0,10939.539999999999,1,1,2025,Winter,Furniture,Shelf,2023-12-10,1799.29,10939.54,56,False
SKU026,2025-01-12,165,1805024.1,0,0,10939.539999999999,2,1,2025,Winter,Furniture,Shelf,2023-12-10,1799.29,10939.54,57,False
SKU026,2025-01-19,136,1487777.44,0,0,10939.539999999999,3,1,2025,Winter,Furniture,Shelf,2023-12-10,1799.29,10939.54,58,False
SKU026,2025-01-26,165,1805024.0999999999,0,1,10939.539999999999,4,1,2025,Winter,Furniture,Shelf,2023-12-10,1799.29,10939.54,59,False
SKU026,2025-02-02,161,1761265.94,0,0,10939.539999999999,5,2,2025,Winter,Furniture,Shelf,2023-12-10,1799.29,10939.54,60,False
SKU026,2025-02-09,170,1859721.8,0,0,10939.539999999999,6,2,2025,Winter,Furniture,Shelf,2023-12-10,1799.29,10939.54,61,False
SKU026,2025-02-16,166,1815963.6400000001,0,0,10939.539999999999,7,2,2025,Winter,Furniture,Shelf,2023-12-10,1799.29,10939.54,62,False
SKU026,2025-02-23,177,1936298.58,0,0,10939.539999999999,8,2,2025,Winter,Furniture,Shelf,2023-12-10,1799.29,10939.54,63,False
SKU026,2025-03-02,169,1848782.26,2,0,10939.539999999999,9,3,2025,Spring,Furniture,Shelf,2023-12-10,1799.29,10939.54,64,False
SKU026,2025-03-09,173,1892540.42,2,0,10939.539999999999,10,3,2025,Spring,Furniture,Shelf,2023-12-10,1799.29,10939.54,65,False
SKU026,2025-03-16,197,2155089.38,2,0,10939.539999999999,11,3,2025,Spring,Furniture,Shelf,2023-12-10,1799.29,10939.54,66,False
SKU026,2025-03-23,207,2264484.78,2,0,10939.539999999999,12,3,2025,Spring,Furniture,Shelf,2023-12-10,1799.29,10939.54,67,False
SKU026,2025-03-30,202,2209787.08,2,0,10939.539999999999,13,3,2025,Spring,Furniture,Shelf,2023-12-10,1799.29,10939.54,68,False
SKU026,2025-04-06,174,1903479.96,0,0,10939.539999999999,14,4,2025,Spring,Furniture,Shelf,2023-12-10,1799.29,10939.54,69,False
SKU026,2025-04-13,195,2133210.3,0,0,10939.539999999999,15,4,2025,Spring,Furniture,Shelf,2023-12-10,1799.29,10939.54,70,False
SKU026,2025-04-20,160,1750326.4,0,0,10939.539999999999,16,4,2025,Spring,Furniture,Shelf,2023-12-10,1799.29,10939.54,71,False
SKU026,2025-04-27,189,2067573.06,0,0,10939.539999999999,17,4,2025,Spring,Furniture,Shelf,2023-12-10,1799.29,10939.54,72,False
SKU026,2025-05-04,179,1958177.6600000001,0,0,10939.539999999999,18,5,2025,Summer,Furniture,Shelf,2023-12-10,1799.29,10939.54,73,False
SKU026,2025-05-11,177,1936298.58,0,0,10939.539999999999,19,5,2025,Summer,Furniture,Shelf,2023-12-10,1799.29,10939.54,74,False
SKU026,2025-05-18,184,2012875.36,0,0,10939.539999999999,20,5,2025,Summer,Furniture,Shelf,2023-12-10,1799.29,10939.54,75,False
SKU026,2025-05-25,177,1936298.58,0,0,10939.539999999999,21,5,2025,Summer,Furniture,Shelf,2023-12-10,1799.29,10939.54,76,False
SKU026,2025-06-01,206,2253545.2399999998,1,0,10939.539999999999,22,6,2025,Summer,Furniture,Shelf,2023-12-10,1799.29,10939.54,77,False
SKU026,2025-06-08,199,2176968.46,2,0,10939.539999999999,23,6,2025,Summer,Furniture,Shelf,2023-12-10,1799.29,10939.54,78,False
SKU026,2025-06-15,201,2198847.54,2,0,10939.539999999999,24,6,2025,Summer,Furniture,Shelf,2023-12-10,1799.29,10939.54,79,False
SKU026,2025-06-22,171,1870661.34,2,0,10939.539999999999,25,6,2025,Summer,Furniture,Shelf,2023-12-10,1799.29,10939.54,80,False
SKU026,2025-06-29,161,1761265.94,2,0,10939.539999999999,26,6,2025,Summer,Furniture,Shelf,2023-12-10,1799.29,10939.54,81,False
SKU026,2025-07-06,150,1640931.0,0,0,10939.539999999999,27,7,2025,Monsoon,Furniture,Shelf,2023-12-10,1799.29,10939.54,82,False
SKU026,2025-07-13,153,1673749.6199999999,0,0,10939.539999999999,28,7,2025,Monsoon,Furniture,Shelf,2023-12-10,1799.29,10939.54,83,False
SKU026,2025-07-20,155,1695628.7,0,0,10939.539999999999,29,7,2025,Monsoon,Furniture,Shelf,2023-12-10,1799.29,10939.54,84,False
SKU026,2025-07-27,173,1892540.42,0,0,10939.539999999999,30,7,2025,Monsoon,Furniture,Shelf,2023-12-10,1799.29,10939.54,85,False
SKU026,2025-08-03,156,1706568.24,0,0,10939.539999999999,31,8,2025,Monsoon,Furniture,Shelf,2023-12-10,1799.29,10939.54,86,False
SKU026,2025-08-10,150,1640931.0,0,0,10939.539999999999,32,8,2025,Monsoon,Furniture,Shelf,2023-12-10,1799.29,10939.54,87,False
SKU026,2025-08-17,128,1400261.12,0,1,10939.539999999999,33,8,2025,Monsoon,Furniture,Shelf,2023-12-10,1799.29,10939.54,88,False
SKU026,2025-08-24,123,1345563.42,0,0,10939.539999999999,34,8,2025,Monsoon,Furniture,Shelf,2023-12-10,1799.29,10939.54,89,False
SKU026,2025-08-31,129,1411200.6600000001,0,0,10939.539999999999,35,8,2025,Monsoon,Furniture,Shelf,2023-12-10,1799.29,10939.54,90,False
SKU026,2025-09-07,153,1673749.62,2,0,10939.539999999999,36,9,2025,Monsoon,Furniture,Shelf,2023-12-10,1799.29,10939.54,91,False
SKU026,2025-09-14,124,1356502.96,2,0,10939.539999999999,37,9,2025,Monsoon,Furniture,Shelf,2023-12-10,1799.29,10939.54,92,False
SKU026,2025-09-21,138,1509656.52,2,0,10939.539999999999,38,9,2025,Monsoon,Furniture,Shelf,2023-12-10,1799.29,10939.54,93,False
SKU026,2025-09-28,132,1444019.28,2,0,10939.539999999999,39,9,2025,Monsoon,Furniture,Shelf,2023-12-10,1799.29,10939.54,94,False
SKU026,2025-10-05,114,1247107.56,0,0,10939.539999999999,40,10,2025,Autumn,Furniture,Shelf,2023-12-10,1799.29,10939.54,95,False
SKU026,2025-10-12,135,1476837.9,0,0,10939.539999999999,41,10,2025,Autumn,Furniture,Shelf,2023-12-10,1799.29,10939.54,96,False
SKU026,2025-10-19,138,1509656.52,0,0,10939.539999999999,42,10,2025,Autumn,Furniture,Shelf,2023-12-10,1799.29,10939.54,97,False
SKU026,2025-10-26,124,1356502.96,0,1,10939.539999999999,43,10,2025,Autumn,Furniture,Shelf,2023-12-10,1799.29,10939.54,98,False
SKU026,2025-11-02,141,1542475.1400000001,2,0,10939.539999999999,44,11,2025,Autumn,Furniture,Shelf,2023-12-10,1799.29,10939.54,99,False
SKU026,2025-11-09,127,1389321.58,2,0,10939.539999999999,45,11,2025,Autumn,Furniture,Shelf,2023-12-10,1799.29,10939.54,100,False
SKU026,2025-11-16,130,1422140.2,2,0,10939.539999999999,46,11,2025,Autumn,Furniture,Shelf,2023-12-10,1799.29,10939.54,101,False
SKU026,2025-11-23,128,1400261.12,2,0,10939.539999999999,47,11,2025,Autumn,Furniture,Shelf,2023-12-10,1799.29,10939.54,102,False
SKU026,2025-11-30,126,1378382.04,2,0,10939.539999999999,48,11,2025,Autumn,Furniture,Shelf,2023-12-10,1799.29,10939.54,103,False
SKU026,2025-12-07,157,1717507.78,0,0,10939.539999999999,49,12,2025,Winter,Furniture,Shelf,2023-12-10,1799.29,10939.54,104,True
SKU026,2025-12-14,128,1400261.12,0,0,10939.539999999999,50,12,2025,Winter,Furniture,Shelf,2023-12-10,1799.29,10939.54,105,True
SKU026,2025-12-21,156,1706568.24,0,0,10939.539999999999,51,12,2025,Winter,Furniture,Shelf,2023-12-10,1799.29,10939.54,106,True
SKU026,2025-12-28,135,1476837.9,0,1,10939.539999999999,52,12,2025,Winter,Furniture,Shelf,2023-12-10,1799.29,10939.54,107,True
SKU027,2024-01-07,162,1379689.2,0,0,8516.6,1,1,2024,Winter,Home Decor,Cabinet,2023-03-19,307.06,8516.6,42,False
SKU027,2024-01-14,170,1447822.0,0,0,8516.6,2,1,2024,Winter,Home Decor,Cabinet,2023-03-19,307.06,8516.6,43,False
SKU027,2024-01-21,170,1447822.0,0,0,8516.6,3,1,2024,Winter,Home Decor,Cabinet,2023-03-19,307.06,8516.6,44,False
SKU027,2024-01-28,145,1234907.0,0,1,8516.6,4,1,2024,Winter,Home Decor,Cabinet,2023-03-19,307.06,8516.6,45,False
SKU027,2024-02-04,182,1550021.2,0,0,8516.6,5,2,2024,Winter,Home Decor,Cabinet,2023-03-19,307.06,8516.6,46,False
SKU027,2024-02-11,188,1601120.8,0,0,8516.6,6,2,2024,Winter,Home Decor,Cabinet,2023-03-19,307.06,8516.6,47,False
SKU027,2024-02-18,177,1507438.2,0,0,8516.6,7,2,2024,Winter,Home Decor,Cabinet,2023-03-19,307.06,8516.6,48,False
SKU027,2024-02-25,158,1345622.8,0,0,8516.6,8,2,2024,Winter,Home Decor,Cabinet,2023-03-19,307.06,8516.6,49,False
SKU027,2024-03-03,188,1601120.8,2,0,8516.6,9,3,2024,Spring,Home Decor,Cabinet,2023-03-19,307.06,8516.6,50,False
SKU027,2024-03-10,212,1805519.2,2,0,8516.6,10,3,2024,Spring,Home Decor,Cabinet,2023-03-19,307.06,8516.6,51,False
SKU027,2024-03-17,214,1822552.4000000001,2,0,8516.6,11,3,2024,Spring,Home Decor,Cabinet,2023-03-19,307.06,8516.6,52,False
SKU027,2024-03-24,195,1660737.0,2,0,8516.6,12,3,2024,Spring,Home Decor,Cabinet,2023-03-19,307.06,8516.6,53,False
SKU027,2024-03-31,195,1660737.0,2,0,8516.6,13,3,2024,Spring,Home Decor,Cabinet,2023-03-19,307.06,8516.6,54,False
SKU027,2024-04-07,200,1703320.0,0,0,8516.6,14,4,2024,Spring,Home Decor,Cabinet,2023-03-19,307.06,8516.6,55,False
SKU027,2024-04-14,181,1541504.6,0,0,8516.6,15,4,2024,Spring,Home Decor,Cabinet,2023-03-19,307.06,8516.6,56,False
SKU027,2024-04-21,185,1575571.0,0,0,8516.6,16,4,2024,Spring,Home Decor,Cabinet,2023-03-19,307.06,8516.6,57,False
SKU027,2024-04-28,205,1745903.0,0,0,8516.6,17,4,2024,Spring,Home Decor,Cabinet,2023-03-19,307.06,8516.6,58,False
SKU027,2024-05-05,188,1601120.8,0,0,8516.6,18,5,2024,Summer,Home Decor,Cabinet,2023-03-19,307.06,8516.6,59,False
SKU027,2024-05-12,194,1652220.4,0,0,8516.6,19,5,2024,Summer,Home Decor,Cabinet,2023-03-19,307.06,8516.6,60,False
SKU027,2024-05-19,196,1669253.6,0,0,8516.6,20,5,2024,Summer,Home Decor,Cabinet,2023-03-19,307.06,8516.6,61,False
SKU027,2024-05-26,193,1643703.8,0,0,8516.6,21,5,2024,Summer,Home Decor,Cabinet,2023-03-19,307.06,8516.6,62,False
SKU027,2024-06-02,210,1788486.0,2,0,8516.6,22,6,2024,Summer,Home Decor,Cabinet,2023-03-19,307.06,8516.6,63,False
SKU027,2024-06-09,179,1524471.4,2,0,8516.6,23,6,2024,Summer,Home Decor,Cabinet,2023-03-19,307.06,8516.6,64,False
SKU027,2024-06-16,219,1865135.4,2,0,8516.6,24,6,2024,Summer,Home Decor,Cabinet,2023-03-19,307.06,8516.6,65,False
SKU027,2024-06-23,200,1703320.0,2,0,8516.6,25,6,2024,Summer,Home Decor,Cabinet,2023-03-19,307.06,8516.6,66,False
SKU027,2024-06-30,178,1515954.8,2,0,8516.6,26,6,2024,Summer,Home Decor,Cabinet,2023-03-19,307.06,8516.6,67,False
SKU027,2024-07-07,149,1268973.4,0,0,8516.6,27,7,2024,Monsoon,Home Decor,Cabinet,2023-03-19,307.06,8516.6,68,False
SKU027,2024-07-14,168,1430788.8,0,0,8516.6,28,7,2024,Monsoon,Home Decor,Cabinet,2023-03-19,307.06,8516.6,69,False
SKU027,2024-07-21,167,1422272.2,0,0,8516.6,29,7,2024,Monsoon,Home Decor,Cabinet,2023-03-19,307.06,8516.6,70,False
SKU027,2024-07-28,154,1311556.4,0,0,8516.6,30,7,2024,Monsoon,Home Decor,Cabinet,2023-03-19,307.06,8516.6,71,False
SKU027,2024-08-04,151,1286006.6,0,0,8516.6,31,8,2024,Monsoon,Home Decor,Cabinet,2023-03-19,307.06,8516.6,72,False
SKU027,2024-08-11,149,1268973.4,0,0,8516.6,32,8,2024,Monsoon,Home Decor,Cabinet,2023-03-19,307.06,8516.6,73,False
SKU027,2024-08-18,158,1345622.8,0,1,8516.6,33,8,2024,Monsoon,Home Decor,Cabinet,2023-03-19,307.06,8516.6,74,False
SKU027,2024-08-25,165,1405239.0,0,0,8516.6,34,8,2024,Monsoon,Home Decor,Cabinet,2023-03-19,307.06,8516.6,75,False
SKU027,2024-09-01,154,1311556.4,1,0,8516.6,35,9,2024,Monsoon,Home Decor,Cabinet,2023-03-19,307.06,8516.6,76,False
SKU027,2024-09-08,127,1081608.2,2,0,8516.6,36,9,2024,Monsoon,Home Decor,Cabinet,2023-03-19,307.06,8516.6,77,False
SKU027,2024-09-15,134,1141224.4,2,0,8516.6,37,9,2024,Monsoon,Home Decor,Cabinet,2023-03-19,307.06,8516.6,78,False
SKU027,2024-09-22,143,1217873.8,2,0,8516.6,38,9,2024,Monsoon,Home Decor,Cabinet,2023-03-19,307.06,8516.6,79,False
SKU027,2024-09-29,156,1328589.6,2,0,8516.6,39,9,2024,Monsoon,Home Decor,Cabinet,2023-03-19,307.06,8516.6,80,False
SKU027,2024-10-06,126,1073091.6,0,0,8516.6,40,10,2024,Autumn,Home Decor,Cabinet,2023-03-19,307.06,8516.6,81,False
SKU027,2024-10-13,126,1073091.6,0,0,8516.6,41,10,2024,Autumn,Home Decor,Cabinet,2023-03-19,307.06,8516.6,82,False
SKU027,2024-10-20,121,1030508.6,0,0,8516.6,42,10,2024,Autumn,Home Decor,Cabinet,2023-03-19,307.06,8516.6,83,False
SKU027,2024-10-27,151,1286006.6,0,0,8516.6,43,10,2024,Autumn,Home Decor,Cabinet,2023-03-19,307.06,8516.6,84,False
SKU027,2024-11-03,138,1175290.8,2,1,8516.6,44,11,2024,Autumn,Home Decor,Cabinet,2023-03-19,307.06,8516.6,85,False
SKU027,2024-11-10,143,1217873.8,2,0,8516.6,45,11,2024,Autumn,Home Decor,Cabinet,2023-03-19,307.06,8516.6,86,False
SKU027,2024-11-17,153,1303039.8,2,0,8516.6,46,11,2024,Autumn,Home Decor,Cabinet,2023-03-19,307.06,8516.6,87,False
SKU027,2024-11-24,163,1388205.8,2,0,8516.6,47,11,2024,Autumn,Home Decor,Cabinet,2023-03-19,307.06,8516.6,88,False
SKU027,2024-12-01,152,1294523.2,1,0,8516.6,48,12,2024,Winter,Home Decor,Cabinet,2023-03-19,307.06,8516.6,89,False
SKU027,2024-12-08,153,1303039.8,0,0,8516.6,49,12,2024,Winter,Home Decor,Cabinet,2023-03-19,307.06,8516.6,90,False
SKU027,2024-12-15,154,1311556.4,0,0,8516.6,50,12,2024,Winter,Home Decor,Cabinet,2023-03-19,307.06,8516.6,91,False
SKU027,2024-12-22,133,1132707.8,0,0,8516.6,51,12,2024,Winter,Home Decor,Cabinet,2023-03-19,307.06,8516.6,92,False
SKU027,2024-12-29,172,1464855.2,0,1,8516.6,52,12,2024,Winter,Home Decor,Cabinet,2023-03-19,307.06,8516.6,93,False
SKU027,2025-01-05,185,1575571.0,0,0,8516.6,1,1,2025,Winter,Home Decor,Cabinet,2023-03-19,307.06,8516.6,94,False
SKU027,2025-01-12,167,1422272.2,0,0,8516.6,2,1,2025,Winter,Home Decor,Cabinet,2023-03-19,307.06,8516.6,95,False
SKU027,2025-01-19,190,1618154.0,0,0,8516.6,3,1,2025,Winter,Home Decor,Cabinet,2023-03-19,307.06,8516.6,96,False
SKU027,2025-01-26,179,1524471.4,0,1,8516.6,4,1,2025,Winter,Home Decor,Cabinet,2023-03-19,307.06,8516.6,97,False
SKU027,2025-02-02,160,1362656.0,0,0,8516.6,5,2,2025,Winter,Home Decor,Cabinet,2023-03-19,307.06,8516.6,98,False
SKU027,2025-02-09,197,1677770.2,0,0,8516.6,6,2,2025,Winter,Home Decor,Cabinet,2023-03-19,307.06,8516.6,99,False
SKU027,2025-02-16,187,1592604.2,0,0,8516.6,7,2,2025,Winter,Home Decor,Cabinet,2023-03-19,307.06,8516.6,100,False
SKU027,2025-02-23,156,1328589.5999999999,0,0,8516.6,8,2,2025,Winter,Home Decor,Cabinet,2023-03-19,307.06,8516.6,101,False
SKU027,2025-03-02,204,1737386.4,2,0,8516.6,9,3,2025,Spring,Home Decor,Cabinet,2023-03-19,307.06,8516.6,102,False
SKU027,2025-03-09,206,1754419.6,2,0,8516.6,10,3,2025,Spring,Home Decor,Cabinet,2023-03-19,307.06,8516.6,103,False
SKU027,2025-03-16,219,1865135.4,2,0,8516.6,11,3,2025,Spring,Home Decor,Cabinet,2023-03-19,307.06,8516.6,104,False
SKU027,2025-03-23,216,1839585.6,2,0,8516.6,12,3,2025,Spring,Home Decor,Cabinet,2023-03-19,307.06,8516.6,105,False
SKU027,2025-03-30,206,1754419.6,2,0,8516.6,13,3,2025,Spring,Home Decor,Cabinet,2023-03-19,307.06,8516.6,106,False
SKU027,2025-04-06,188,1601120.7999999998,0,0,8516.6,14,4,2025,Spring,Home Decor,Cabinet,2023-03-19,307.06,8516.6,107,False
SKU027,2025-04-13,195,1660737.0,0,0,8516.6,15,4,2025,Spring,Home Decor,Cabinet,2023-03-19,307.06,8516.6,108,False
SKU027,2025-04-20,228,1941784.8,0,0,8516.6,16,4,2025,Spring,Home Decor,Cabinet,2023-03-19,307.06,8516.6,109,False
SKU027,2025-04-27,180,1532988.0,0,0,8516.6,17,4,2025,Spring,Home Decor,Cabinet,2023-03-19,307.06,8516.6,110,False
SKU027,2025-05-04,188,1601120.8,0,0,8516.6,18,5,2025,Summer,Home Decor,Cabinet,2023-03-19,307.06,8516.6,111,False
SKU027,2025-05-11,180,1532988.0,0,0,8516.6,19,5,2025,Summer,Home Decor,Cabinet,2023-03-19,307.06,8516.6,112,False
SKU027,2025-05-18,209,1779969.4,0,0,8516.6,20,5,2025,Summer,Home Decor,Cabinet,2023-03-19,307.06,8516.6,113,False
SKU027,2025-05-25,204,1737386.4,0,0,8516.6,21,5,2025,Summer,Home Decor,Cabinet,2023-03-19,307.06,8516.6,114,False
SKU027,2025-06-01,195,1660737.0,1,0,8516.6,22,6,2025,Summer,Home Decor,Cabinet,2023-03-19,307.06,8516.6,115,False
SKU027,2025-06-08,181,1541504.5999999999,2,0,8516.6,23,6,2025,Summer,Home Decor,Cabinet,2023-03-19,307.06,8516.6,116,False
SKU027,2025-06-15,165,1405239.0,2,0,8516.6,24,6,2025,Summer,Home Decor,Cabinet,2023-03-19,307.06,8516.6,117,False
SKU027,2025-06-22,193,1643703.8,2,0,8516.6,25,6,2025,Summer,Home Decor,Cabinet,2023-03-19,307.06,8516.6,118,False
SKU027,2025-06-29,183,1558537.7999999998,2,0,8516.6,26,6,2025,Summer,Home Decor,Cabinet,2023-03-19,307.06,8516.6,119,False
SKU027,2025-07-06,165,1405239.0,0,0,8516.6,27,7,2025,Monsoon,Home Decor,Cabinet,2023-03-19,307.06,8516.6,120,False
SKU027,2025-07-13,185,1575571.0,0,0,8516.6,28,7,2025,Monsoon,Home Decor,Cabinet,2023-03-19,307.06,8516.6,121,False
SKU027,2025-07-20,163,1388205.8,0,0,8516.6,29,7,2025,Monsoon,Home Decor,Cabinet,2023-03-19,307.06,8516.6,122,False
SKU027,2025-07-27,155,1320073.0,0,0,8516.6,30,7,2025,Monsoon,Home Decor,Cabinet,2023-03-19,307.06,8516.6,123,False
SKU027,2025-08-03,156,1328589.6,0,0,8516.6,31,8,2025,Monsoon,Home Decor,Cabinet,2023-03-19,307.06,8516.6,124,False
SKU027,2025-08-10,120,1021992.0,0,0,8516.6,32,8,2025,Monsoon,Home Decor,Cabinet,2023-03-19,307.06,8516.6,125,False
SKU027,2025-08-17,146,1243423.6,0,1,8516.6,33,8,2025,Monsoon,Home Decor,Cabinet,2023-03-19,307.06,8516.6,126,False
SKU027,2025-08-24,145,1234907.0,0,0,8516.6,34,8,2025,Monsoon,Home Decor,Cabinet,2023-03-19,307.06,8516.6,127,False
SKU027,2025-08-31,138,1175290.8,0,0,8516.6,35,8,2025,Monsoon,Home Decor,Cabinet,2023-03-19,307.06,8516.6,128,False
SKU027,2025-09-07,167,1422272.2,2,0,8516.6,36,9,2025,Monsoon,Home Decor,Cabinet,2023-03-19,307.06,8516.6,129,False
SKU027,2025-09-14,143,1217873.8,2,0,8516.6,37,9,2025,Monsoon,Home Decor,Cabinet,2023-03-19,307.06,8516.6,130,False
SKU027,2025-09-21,158,1345622.8,2,0,8516.6,38,9,2025,Monsoon,Home Decor,Cabinet,2023-03-19,307.06,8516.6,131,False
SKU027,2025-09-28,150,1277490.0,2,0,8516.6,39,9,2025,Monsoon,Home Decor,Cabinet,2023-03-19,307.06,8516.6,132,False
SKU027,2025-10-05,151,1286006.6,0,0,8516.6,40,10,2025,Autumn,Home Decor,Cabinet,2023-03-19,307.06,8516.6,133,False
SKU027,2025-10-12,149,1268973.4,0,0,8516.6,41,10,2025,Autumn,Home Decor,Cabinet,2023-03-19,307.06,8516.6,134,False
SKU027,2025-10-19,127,1081608.2,0,0,8516.6,42,10,2025,Autumn,Home Decor,Cabinet,2023-03-19,307.06,8516.6,135,False
SKU027,2025-10-26,130,1107158.0,0,1,8516.6,43,10,2025,Autumn,Home Decor,Cabinet,2023-03-19,307.06,8516.6,136,False
SKU027,2025-11-02,136,1158257.6,2,0,8516.6,44,11,2025,Autumn,Home Decor,Cabinet,2023-03-19,307.06,8516.6,137,False
SKU027,2025-11-09,147,1251940.2,2,0,8516.6,45,11,2025,Autumn,Home Decor,Cabinet,2023-03-19,307.06,8516.6,138,False
SKU027,2025-11-16,149,1268973.4,2,0,8516.6,46,11,2025,Autumn,Home Decor,Cabinet,2023-03-19,307.06,8516.6,139,False
SKU027,2025-11-23,163,1388205.8,2,0,8516.6,47,11,2025,Autumn,Home Decor,Cabinet,2023-03-19,307.06,8516.6,140,False
SKU027,2025-11-30,162,1379689.2,2,0,8516.6,48,11,2025,Autumn,Home Decor,Cabinet,2023-03-19,307.06,8516.6,141,False
SKU027,2025-12-07,153,1303039.8,0,0,8516.6,49,12,2025,Winter,Home Decor,Cabinet,2023-03-19,307.06,8516.6,142,True
SKU027,2025-12-14,161,1371172.6,0,0,8516.6,50,12,2025,Winter,Home Decor,Cabinet,2023-03-19,307.06,8516.6,143,True
SKU027,2025-12-21,182,1550021.2,0,0,8516.6,51,12,2025,Winter,Home Decor,Cabinet,2023-03-19,307.06,8516.6,144,True
SKU027,2025-12-28,144,1226390.4,0,1,8516.6,52,12,2025,Winter,Home Decor,Cabinet,2023-03-19,307.06,8516.6,145,True
SKU028,2024-01-07,32,111490.88,0,0,3484.09,1,1,2024,Winter,Kitchen,Rug,2024-01-01,6348.66,3484.09,0,False
SKU028,2024-01-14,35,121943.15000000001,0,0,3484.09,2,1,2024,Winter,Kitchen,Rug,2024-01-01,6348.66,3484.09,1,False
SKU028,2024-01-21,39,135879.51,0,0,3484.09,3,1,2024,Winter,Kitchen,Rug,2024-01-01,6348.66,3484.09,2,False
SKU028,2024-01-28,34,118459.06,0,1,3484.09,4,1,2024,Winter,Kitchen,Rug,2024-01-01,6348.66,3484.09,3,False
SKU028,2024-02-04,40,139363.6,0,0,3484.09,5,2,2024,Winter,Kitchen,Rug,2024-01-01,6348.66,3484.09,4,False
SKU028,2024-02-11,37,128911.33,0,0,3484.09,6,2,2024,Winter,Kitchen,Rug,2024-01-01,6348.66,3484.09,5,False
SKU028,2024-02-18,43,149815.87,0,0,3484.09,7,2,2024,Winter,Kitchen,Rug,2024-01-01,6348.66,3484.09,6,False
SKU028,2024-02-25,34,118459.06,0,0,3484.09,8,2,2024,Winter,Kitchen,Rug,2024-01-01,6348.66,3484.09,7,False
SKU028,2024-03-03,44,153299.96000000002,2,0,3484.09,9,3,2024,Spring,Kitchen,Rug,2024-01-01,6348.66,3484.09,8,False
SKU028,2024-03-10,54,188140.86000000002,2,0,3484.09,10,3,2024,Spring,Kitchen,Rug,2024-01-01,6348.66,3484.09,9,False
SKU028,2024-03-17,43,149815.87,2,0,3484.09,11,3,2024,Spring,Kitchen,Rug,2024-01-01,6348.66,3484.09,10,False
SKU028,2024-03-24,47,163752.23,2,0,3484.09,12,3,2024,Spring,Kitchen,Rug,2024-01-01,6348.66,3484.09,11,False
SKU028,2024-03-31,56,195109.04,2,0,3484.09,13,3,2024,Spring,Kitchen,Rug,2024-01-01,6348.66,3484.09,12,False
SKU028,2024-04-07,47,163752.23,0,0,3484.09,14,4,2024,Spring,Kitchen,Rug,2024-01-01,6348.66,3484.09,13,False
SKU028,2024-04-14,50,174204.5,0,0,3484.09,15,4,2024,Spring,Kitchen,Rug,2024-01-01,6348.66,3484.09,14,False
SKU028,2024-04-21,56,195109.04,0,0,3484.09,16,4,2024,Spring,Kitchen,Rug,2024-01-01,6348.66,3484.09,15,False
SKU028,2024-04-28,44,153299.96,0,0,3484.09,17,4,2024,Spring,Kitchen,Rug,2024-01-01,6348.66,3484.09,16,False
SKU028,2024-05-05,40,139363.6,0,0,3484.09,18,5,2024,Summer,Kitchen,Rug,2024-01-01,6348.66,3484.09,17,False
SKU028,2024-05-12,45,156784.05000000002,0,0,3484.09,19,5,2024,Summer,Kitchen,Rug,2024-01-01,6348.66,3484.09,18,False
SKU028,2024-05-19,53,184656.77,0,0,3484.09,20,5,2024,Summer,Kitchen,Rug,2024-01-01,6348.66,3484.09,19,False
SKU028,2024-05-26,40,139363.6,0,0,3484.09,21,5,2024,Summer,Kitchen,Rug,2024-01-01,6348.66,3484.09,20,False
SKU028,2024-06-02,52,181172.68,2,0,3484.09,22,6,2024,Summer,Kitchen,Rug,2024-01-01,6348.66,3484.09,21,False
SKU028,2024-06-09,32,111490.88,2,0,3484.09,23,6,2024,Summer,Kitchen,Rug,2024-01-01,6348.66,3484.09,22,False
SKU028,2024-06-16,48,167236.32,2,0,3484.09,24,6,2024,Summer,Kitchen,Rug,2024-01-01,6348.66,3484.09,23,False
SKU028,2024-06-23,52,181172.68,2,0,3484.09,25,6,2024,Summer,Kitchen,Rug,2024-01-01,6348.66,3484.09,24,False
SKU028,2024-06-30,52,181172.68,2,0,3484.09,26,6,2024,Summer,Kitchen,Rug,2024-01-01,6348.66,3484.09,25,False
SKU028,2024-07-07,42,146331.78,0,0,3484.09,27,7,2024,Monsoon,Kitchen,Rug,2024-01-01,6348.66,3484.09,26,False
SKU028,2024-07-14,37,128911.33,0,0,3484.09,28,7,2024,Monsoon,Kitchen,Rug,2024-01-01,6348.66,3484.09,27,False
SKU028,2024-07-21,39,135879.51,0,0,3484.09,29,7,2024,Monsoon,Kitchen,Rug,2024-01-01,6348.66,3484.09,28,False
SKU028,2024-07-28,46,160268.14,0,0,3484.09,30,7,2024,Monsoon,Kitchen,Rug,2024-01-01,6348.66,3484.09,29,False
SKU028,2024-08-04,30,104522.70000000001,0,0,3484.09,31,8,2024,Monsoon,Kitchen,Rug,2024-01-01,6348.66,3484.09,30,False
SKU028,2024-08-11,28,97554.52,0,0,3484.09,32,8,2024,Monsoon,Kitchen,Rug,2024-01-01,6348.66,3484.09,31,False
SKU028,2024-08-18,31,108006.79000000001,0,1,3484.09,33,8,2024,Monsoon,Kitchen,Rug,2024-01-01,6348.66,3484.09,32,False
SKU028,2024-08-25,37,128911.33,0,0,3484.09,34,8,2024,Monsoon,Kitchen,Rug,2024-01-01,6348.66,3484.09,33,False
SKU028,2024-09-01,31,108006.79000000001,1,0,3484.09,35,9,2024,Monsoon,Kitchen,Rug,2024-01-01,6348.66,3484.09,34,False
SKU028,2024-09-08,41,142847.69,2,0,3484.09,36,9,2024,Monsoon,Kitchen,Rug,2024-01-01,6348.66,3484.09,35,False
SKU028,2024-09-15,26,90586.34,2,0,3484.09,37,9,2024,Monsoon,Kitchen,Rug,2024-01-01,6348.66,3484.09,36,False
SKU028,2024-09-22,44,153299.96000000002,2,0,3484.09,38,9,2024,Monsoon,Kitchen,Rug,2024-01-01,6348.66,3484.09,37,False
SKU028,2024-09-29,25,87102.25,2,0,3484.09,39,9,2024,Monsoon,Kitchen,Rug,2024-01-01,6348.66,3484.09,38,False
SKU028,2024-10-06,36,125427.24,0,0,3484.09,40,10,2024,Autumn,Kitchen,Rug,2024-01-01,6348.66,3484.09,39,False
SKU028,2024-10-13,29,101038.61,0,0,3484.09,41,10,2024,Autumn,Kitchen,Rug,2024-01-01,6348.66,3484.09,40,False
SKU028,2024-10-20,34,118459.06,0,0,3484.09,42,10,2024,Autumn,Kitchen,Rug,2024-01-01,6348.66,3484.09,41,False
SKU028,2024-10-27,26,90586.34,0,0,3484.09,43,10,2024,Autumn,Kitchen,Rug,2024-01-01,6348.66,3484.09,42,False
SKU028,2024-11-03,40,139363.6,2,1,3484.09,44,11,2024,Autumn,Kitchen,Rug,2024-01-01,6348.66,3484.09,43,False
SKU028,2024-11-10,32,111490.88,2,0,3484.09,45,11,2024,Autumn,Kitchen,Rug,2024-01-01,6348.66,3484.09,44,False
SKU028,2024-11-17,33,114974.97,2,0,3484.09,46,11,2024,Autumn,Kitchen,Rug,2024-01-01,6348.66,3484.09,45,False
SKU028,2024-11-24,30,104522.70000000001,2,0,3484.09,47,11,2024,Autumn,Kitchen,Rug,2024-01-01,6348.66,3484.09,46,False
SKU028,2024-12-01,41,142847.69,1,0,3484.09,48,12,2024,Winter,Kitchen,Rug,2024-01-01,6348.66,3484.09,47,False
SKU028,2024-12-08,36,125427.23999999999,0,0,3484.09,49,12,2024,Winter,Kitchen,Rug,2024-01-01,6348.66,3484.09,48,False
SKU028,2024-12-15,48,167236.32,0,0,3484.09,50,12,2024,Winter,Kitchen,Rug,2024-01-01,6348.66,3484.09,49,False
SKU028,2024-12-22,45,156784.05,0,0,3484.09,51,12,2024,Winter,Kitchen,Rug,2024-01-01,6348.66,3484.09,50,False
SKU028,2024-12-29,37,128911.33,0,1,3484.09,52,12,2024,Winter,Kitchen,Rug,2024-01-01,6348.66,3484.09,51,False
SKU028,2025-01-05,47,163752.23,0,0,3484.09,1,1,2025,Winter,Kitchen,Rug,2024-01-01,6348.66,3484.09,52,False
SKU028,2025-01-12,41,142847.69,0,0,3484.09,2,1,2025,Winter,Kitchen,Rug,2024-01-01,6348.66,3484.09,53,False
SKU028,2025-01-19,43,149815.87,0,0,3484.09,3,1,2025,Winter,Kitchen,Rug,2024-01-01,6348.66,3484.09,54,False
SKU028,2025-01-26,42,146331.78,0,1,3484.09,4,1,2025,Winter,Kitchen,Rug,2024-01-01,6348.66,3484.09,55,False
SKU028,2025-02-02,38,132395.42,0,0,3484.09,5,2,2025,Winter,Kitchen,Rug,2024-01-01,6348.66,3484.09,56,False
SKU028,2025-02-09,44,153299.96000000002,0,0,3484.09,6,2,2025,Winter,Kitchen,Rug,2024-01-01,6348.66,3484.09,57,False
SKU028,2025-02-16,37,128911.33,0,0,3484.09,7,2,2025,Winter,Kitchen,Rug,2024-01-01,6348.66,3484.09,58,False
SKU028,2025-02-23,32,111490.88,0,0,3484.09,8,2,2025,Winter,Kitchen,Rug,2024-01-01,6348.66,3484.09,59,False
SKU028,2025-03-02,41,142847.69,2,0,3484.09,9,3,2025,Spring,Kitchen,Rug,2024-01-01,6348.66,3484.09,60,False
SKU028,2025-03-09,52,181172.68,2,0,3484.09,10,3,2025,Spring,Kitchen,Rug,2024-01-01,6348.66,3484.09,61,False
SKU028,2025-03-16,43,149815.87,2,0,3484.09,11,3,2025,Spring,Kitchen,Rug,2024-01-01,6348.66,3484.09,62,False
SKU028,2025-03-23,50,174204.5,2,0,3484.09,12,3,2025,Spring,Kitchen,Rug,2024-01-01,6348.66,3484.09,63,False
SKU028,2025-03-30,54,188140.86000000002,2,0,3484.09,13,3,2025,Spring,Kitchen,Rug,2024-01-01,6348.66,3484.09,64,False
SKU028,2025-04-06,36,125427.24,0,0,3484.09,14,4,2025,Spring,Kitchen,Rug,2024-01-01,6348.66,3484.09,65,False
SKU028,2025-04-13,42,146331.78,0,0,3484.09,15,4,2025,Spring,Kitchen,Rug,2024-01-01,6348.66,3484.09,66,False
SKU028,2025-04-20,44,153299.96000000002,0,0,3484.09,16,4,2025,Spring,Kitchen,Rug,2024-01-01,6348.66,3484.09,67,False
SKU028,2025-04-27,49,170720.41,0,0,3484.09,17,4,2025,Spring,Kitchen,Rug,2024-01-01,6348.66,3484.09,68,False
SKU028,2025-05-04,44,153299.96000000002,0,0,3484.09,18,5,2025,Summer,Kitchen,Rug,2024-01-01,6348.66,3484.09,69,False
SKU028,2025-05-11,49,170720.41,0,0,3484.09,19,5,2025,Summer,Kitchen,Rug,2024-01-01,6348.66,3484.09,70,False
SKU028,2025-05-18,48,167236.32,0,0,3484.09,20,5,2025,Summer,Kitchen,Rug,2024-01-01,6348.66,3484.09,71,False
SKU028,2025-05-25,52,181172.68,0,0,3484.09,21,5,2025,Summer,Kitchen,Rug,2024-01-01,6348.66,3484.09,72,False
SKU028,2025-06-01,40,139363.6,1,0,3484.09,22,6,2025,Summer,Kitchen,Rug,2024-01-01,6348.66,3484.09,73,False
SKU028,2025-06-08,49,170720.41,2,0,3484.09,23,6,2025,Summer,Kitchen,Rug,2024-01-01,6348.66,3484.09,74,False
SKU028,2025-06-15,41,142847.69,2,0,3484.09,24,6,2025,Summer,Kitchen,Rug,2024-01-01,6348.66,3484.09,75,False
SKU028,2025-06-22,41,142847.69,2,0,3484.09,25,6,2025,Summer,Kitchen,Rug,2024-01-01,6348.66,3484.09,76,False
SKU028,2025-06-29,43,149815.87,2,0,3484.09,26,6,2025,Summer,Kitchen,Rug,2024-01-01,6348.66,3484.09,77,False
SKU028,2025-07-06,32,111490.88,0,0,3484.09,27,7,2025,Monsoon,Kitchen,Rug,2024-01-01,6348.66,3484.09,78,False
SKU028,2025-07-13,46,160268.14,0,0,3484.09,28,7,2025,Monsoon,Kitchen,Rug,2024-01-01,6348.66,3484.09,79,False
SKU028,2025-07-20,42,146331.78,0,0,3484.09,29,7,2025,Monsoon,Kitchen,Rug,2024-01-01,6348.66,3484.09,80,False
SKU028,2025-07-27,36,125427.24,0,0,3484.09,30,7,2025,Monsoon,Kitchen,Rug,2024-01-01,6348.66,3484.09,81,False
SKU028,2025-08-03,35,121943.15000000001,0,0,3484.09,31,8,2025,Monsoon,Kitchen,Rug,2024-01-01,6348.66,3484.09,82,False
SKU028,2025-08-10,40,139363.6,0,0,3484.09,32,8,2025,Monsoon,Kitchen,Rug,2024-01-01,6348.66,3484.09,83,False
SKU028,2025-08-17,31,108006.79000000001,0,1,3484.09,33,8,2025,Monsoon,Kitchen,Rug,2024-01-01,6348.66,3484.09,84,False
SKU028,2025-08-24,27,94070.43000000001,0,0,3484.09,34,8,2025,Monsoon,Kitchen,Rug,2024-01-01,6348.66,3484.09,85,False
SKU028,2025-08-31,45,156784.05000000002,0,0,3484.09,35,8,2025,Monsoon,Kitchen,Rug,2024-01-01,6348.66,3484.09,86,False
SKU028,2025-09-07,35,121943.15000000001,2,0,3484.09,36,9,2025,Monsoon,Kitchen,Rug,2024-01-01,6348.66,3484.09,87,False
SKU028,2025-09-14,36,125427.24,2,0,3484.09,37,9,2025,Monsoon,Kitchen,Rug,2024-01-01,6348.66,3484.09,88,False
SKU028,2025-09-21,34,118459.06,2,0,3484.09,38,9,2025,Monsoon,Kitchen,Rug,2024-01-01,6348.66,3484.09,89,False
SKU028,2025-09-28,30,104522.70000000001,2,0,3484.09,39,9,2025,Monsoon,Kitchen,Rug,2024-01-01,6348.66,3484.09,90,False
SKU028,2025-10-05,18,62713.62,0,0,3484.09,40,10,2025,Autumn,Kitchen,Rug,2024-01-01,6348.66,3484.09,91,False
SKU028,2025-10-12,31,108006.79000000001,0,0,3484.09,41,10,2025,Autumn,Kitchen,Rug,2024-01-01,6348.66,3484.09,92,False
SKU028,2025-10-19,32,111490.88,0,0,3484.09,42,10,2025,Autumn,Kitchen,Rug,2024-01-01,6348.66,3484.09,93,False
SKU028,2025-10-26,30,104522.70000000001,0,1,3484.09,43,10,2025,Autumn,Kitchen,Rug,2024-01-01,6348.66,3484.09,94,False
SKU028,2025-11-02,31,108006.79000000001,2,0,3484.09,44,11,2025,Autumn,Kitchen,Rug,2024-01-01,6348.66,3484.09,95,False
SKU028,2025-11-09,30,104522.70000000001,2,0,3484.09,45,11,2025,Autumn,Kitchen,Rug,2024-01-01,6348.66,3484.09,96,False
SKU028,2025-11-16,40,139363.6,2,0,3484.09,46,11,2025,Autumn,Kitchen,Rug,2024-01-01,6348.66,3484.09,97,False
SKU028,2025-11-23,39,135879.51,2,0,3484.09,47,11,2025,Autumn,Kitchen,Rug,2024-01-01,6348.66,3484.09,98,False
SKU028,2025-11-30,34,118459.06,2,0,3484.09,48,11,2025,Autumn,Kitchen,Rug,2024-01-01,6348.66,3484.09,99,False
SKU028,2025-12-07,40,139363.6,0,0,3484.09,49,12,2025,Winter,Kitchen,Rug,2024-01-01,6348.66,3484.09,100,True
SKU028,2025-12-14,25,87102.25,0,0,3484.09,50,12,2025,Winter,Kitchen,Rug,2024-01-01,6348.66,3484.09,101,True
SKU028,2025-12-21,22,76649.98000000001,0,0,3484.09,51,12,2025,Winter,Kitchen,Rug,2024-01-01,6348.66,3484.09,102,True
SKU028,2025-12-28,31,108006.79000000001,0,1,3484.09,52,12,2025,Winter,Kitchen,Rug,2024-01-01,6348.66,3484.09,103,True
SKU029,2024-01-07,114,1327239.3,0,0,11642.45,1,1,2024,Winter,Lighting,Organizer,2023-08-23,5402.59,11642.45,19,False
SKU029,2024-01-14,120,1397094.0,0,0,11642.45,2,1,2024,Winter,Lighting,Organizer,2023-08-23,5402.59,11642.45,20,False
SKU029,2024-01-21,93,1082747.8499999999,0,0,11642.45,3,1,2024,Winter,Lighting,Organizer,2023-08-23,5402.59,11642.45,21,False
SKU029,2024-01-28,94,1094390.3,0,1,11642.45,4,1,2024,Winter,Lighting,Organizer,2023-08-23,5402.59,11642.45,22,False
SKU029,2024-02-04,109,1269027.05,0,0,11642.45,5,2,2024,Winter,Lighting,Organizer,2023-08-23,5402.59,11642.45,23,False
SKU029,2024-02-11,102,1187529.9,0,0,11642.45,6,2,2024,Winter,Lighting,Organizer,2023-08-23,5402.59,11642.45,24,False
SKU029,2024-02-18,114,1327239.3,0,0,11642.45,7,2,2024,Winter,Lighting,Organizer,2023-08-23,5402.59,11642.45,25,False
SKU029,2024-02-25,112,1303954.4,0,0,11642.45,8,2,2024,Winter,Lighting,Organizer,2023-08-23,5402.59,11642.45,26,False
SKU029,2024-03-03,115,1338881.75,2,0,11642.45,9,3,2024,Spring,Lighting,Organizer,2023-08-23,5402.59,11642.45,27,False
SKU029,2024-03-10,131,1525160.95,2,0,11642.45,10,3,2024,Spring,Lighting,Organizer,2023-08-23,5402.59,11642.45,28,False
SKU029,2024-03-17,133,1548445.85,2,0,11642.45,11,3,2024,Spring,Lighting,Organizer,2023-08-23,5402.59,11642.45,29,False
SKU029,2024-03-24,142,1653227.9,2,0,11642.45,12,3,2024,Spring,Lighting,Organizer,2023-08-23,5402.59,11642.45,30,False
SKU029,2024-03-31,125,1455306.25,2,0,11642.45,13,3,2024,Spring,Lighting,Organizer,2023-08-23,5402.59,11642.45,31,False
SKU029,2024-04-07,117,1362166.65,0,0,11642.45,14,4,2024,Spring,Lighting,Organizer,2023-08-23,5402.59,11642.45,32,False
SKU029,2024-04-14,139,1618300.55,0,0,11642.45,15,4,2024,Spring,Lighting,Organizer,2023-08-23,5402.59,11642.45,33,False
SKU029,2024-04-21,126,1466948.7,0,0,11642.45,16,4,2024,Spring,Lighting,Organizer,2023-08-23,5402.59,11642.45,34,False
SKU029,2024-04-28,125,1455306.25,0,0,11642.45,17,4,2024,Spring,Lighting,Organizer,2023-08-23,5402.59,11642.45,35,False
SKU029,2024-05-05,117,1362166.65,0,0,11642.45,18,5,2024,Summer,Lighting,Organizer,2023-08-23,5402.59,11642.45,36,False
SKU029,2024-05-12,116,1350524.2,0,0,11642.45,19,5,2024,Summer,Lighting,Organizer,2023-08-23,5402.59,11642.45,37,False
SKU029,2024-05-19,117,1362166.65,0,0,11642.45,20,5,2024,Summer,Lighting,Organizer,2023-08-23,5402.59,11642.45,38,False
SKU029,2024-05-26,134,1560088.3,0,0,11642.45,21,5,2024,Summer,Lighting,Organizer,2023-08-23,5402.59,11642.45,39,False
SKU029,2024-06-02,132,1536803.4,2,0,11642.45,22,6,2024,Summer,Lighting,Organizer,2023-08-23,5402.59,11642.45,40,False
SKU029,2024-06-09,129,1501876.05,2,0,11642.45,23,6,2024,Summer,Lighting,Organizer,2023-08-23,5402.59,11642.45,41,False
SKU029,2024-06-16,142,1653227.9,2,0,11642.45,24,6,2024,Summer,Lighting,Organizer,2023-08-23,5402.59,11642.45,42,False
SKU029,2024-06-23,128,1490233.5999999999,2,0,11642.45,25,6,2024,Summer,Lighting,Organizer,2023-08-23,5402.59,11642.45,43,False
SKU029,2024-06-30,127,1478591.15,2,0,11642.45,26,6,2024,Summer,Lighting,Organizer,2023-08-23,5402.59,11642.45,44,False
SKU029,2024-07-07,118,1373809.0999999999,0,0,11642.45,27,7,2024,Monsoon,Lighting,Organizer,2023-08-23,5402.59,11642.45,45,False
SKU029,2024-07-14,101,1175887.45,0,0,11642.45,28,7,2024,Monsoon,Lighting,Organizer,2023-08-23,5402.59,11642.45,46,False
SKU029,2024-07-21,86,1001250.7,0,0,11642.45,29,7,2024,Monsoon,Lighting,Organizer,2023-08-23,5402.59,11642.45,47,False
SKU029,2024-07-28,134,1560088.3,0,0,11642.45,30,7,2024,Monsoon,Lighting,Organizer,2023-08-23,5402.59,11642.45,48,False
SKU029,2024-08-04,100,1164245.0,0,0,11642.45,31,8,2024,Monsoon,Lighting,Organizer,2023-08-23,5402.59,11642.45,49,False
SKU029,2024-08-11,98,1140960.0999999999,0,0,11642.45,32,8,2024,Monsoon,Lighting,Organizer,2023-08-23,5402.59,11642.45,50,False
SKU029,2024-08-18,107,1245742.15,0,1,11642.45,33,8,2024,Monsoon,Lighting,Organizer,2023-08-23,5402.59,11642.45,51,False
SKU029,2024-08-25,106,1234099.7,0,0,11642.45,34,8,2024,Monsoon,Lighting,Organizer,2023-08-23,5402.59,11642.45,52,False
SKU029,2024-09-01,99,1152602.55,1,0,11642.45,35,9,2024,Monsoon,Lighting,Organizer,2023-08-23,5402.59,11642.45,53,False
SKU029,2024-09-08,109,1269027.05,2,0,11642.45,36,9,2024,Monsoon,Lighting,Organizer,2023-08-23,5402.59,11642.45,54,False
SKU029,2024-09-15,104,1210814.8,2,0,11642.45,37,9,2024,Monsoon,Lighting,Organizer,2023-08-23,5402.59,11642.45,55,False
SKU029,2024-09-22,93,1082747.85,2,0,11642.45,38,9,2024,Monsoon,Lighting,Organizer,2023-08-23,5402.59,11642.45,56,False
SKU029,2024-09-29,93,1082747.85,2,0,11642.45,39,9,2024,Monsoon,Lighting,Organizer,2023-08-23,5402.59,11642.45,57,False
SKU029,2024-10-06,98,1140960.1,0,0,11642.45,40,10,2024,Autumn,Lighting,Organizer,2023-08-23,5402.59,11642.45,58,False
SKU029,2024-10-13,96,1117675.2,0,0,11642.45,41,10,2024,Autumn,Lighting,Organizer,2023-08-23,5402.59,11642.45,59,False
SKU029,2024-10-20,90,1047820.5,0,0,11642.45,42,10,2024,Autumn,Lighting,Organizer,2023-08-23,5402.59,11642.45,60,False
SKU029,2024-10-27,96,1117675.2,0,0,11642.45,43,10,2024,Autumn,Lighting,Organizer,2023-08-23,5402.59,11642.45,61,False
SKU029,2024-11-03,75,873183.75,2,1,11642.45,44,11,2024,Autumn,Lighting,Organizer,2023-08-23,5402.59,11642.45,62,False
SKU029,2024-11-10,95,1106032.75,2,0,11642.45,45,11,2024,Autumn,Lighting,Organizer,2023-08-23,5402.59,11642.45,63,False
SKU029,2024-11-17,110,1280669.5,2,0,11642.45,46,11,2024,Autumn,Lighting,Organizer,2023-08-23,5402.59,11642.45,64,False
SKU029,2024-11-24,114,1327239.3,2,0,11642.45,47,11,2024,Autumn,Lighting,Organizer,2023-08-23,5402.59,11642.45,65,False
SKU029,2024-12-01,83,966323.35,1,0,11642.45,48,12,2024,Winter,Lighting,Organizer,2023-08-23,5402.59,11642.45,66,False
SKU029,2024-12-08,110,1280669.5,0,0,11642.45,49,12,2024,Winter,Lighting,Organizer,2023-08-23,5402.59,11642.45,67,False
SKU029,2024-12-15,95,1106032.75,0,0,11642.45,50,12,2024,Winter,Lighting,Organizer,2023-08-23,5402.59,11642.45,68,False
SKU029,2024-12-22,109,1269027.05,0,0,11642.45,51,12,2024,Winter,Lighting,Organizer,2023-08-23,5402.59,11642.45,69,False
SKU029,2024-12-29,96,1117675.2,0,1,11642.45,52,12,2024,Winter,Lighting,Organizer,2023-08-23,5402.59,11642.45,70,False
SKU029,2025-01-05,114,1327239.3,0,0,11642.45,1,1,2025,Winter,Lighting,Organizer,2023-08-23,5402.59,11642.45,71,False
SKU029,2025-01-12,110,1280669.5,0,0,11642.45,2,1,2025,Winter,Lighting,Organizer,2023-08-23,5402.59,11642.45,72,False
SKU029,2025-01-19,124,1443663.8,0,0,11642.45,3,1,2025,Winter,Lighting,Organizer,2023-08-23,5402.59,11642.45,73,False
SKU029,2025-01-26,91,1059462.95,0,1,11642.45,4,1,2025,Winter,Lighting,Organizer,2023-08-23,5402.59,11642.45,74,False
SKU029,2025-02-02,111,1292311.95,0,0,11642.45,5,2,2025,Winter,Lighting,Organizer,2023-08-23,5402.59,11642.45,75,False
SKU029,2025-02-09,105,1222457.25,0,0,11642.45,6,2,2025,Winter,Lighting,Organizer,2023-08-23,5402.59,11642.45,76,False
SKU029,2025-02-16,127,1478591.15,0,0,11642.45,7,2,2025,Winter,Lighting,Organizer,2023-08-23,5402.59,11642.45,77,False
SKU029,2025-02-23,118,1373809.1,0,0,11642.45,8,2,2025,Winter,Lighting,Organizer,2023-08-23,5402.59,11642.45,78,False
SKU029,2025-03-02,116,1350524.2,2,0,11642.45,9,3,2025,Spring,Lighting,Organizer,2023-08-23,5402.59,11642.45,79,False
SKU029,2025-03-09,127,1478591.15,2,0,11642.45,10,3,2025,Spring,Lighting,Organizer,2023-08-23,5402.59,11642.45,80,False
SKU029,2025-03-16,106,1234099.7,2,0,11642.45,11,3,2025,Spring,Lighting,Organizer,2023-08-23,5402.59,11642.45,81,False
SKU029,2025-03-23,147,1711440.15,2,0,11642.45,12,3,2025,Spring,Lighting,Organizer,2023-08-23,5402.59,11642.45,82,False
SKU029,2025-03-30,132,1536803.4,2,0,11642.45,13,3,2025,Spring,Lighting,Organizer,2023-08-23,5402.59,11642.45,83,False
SKU029,2025-04-06,136,1583373.2,0,0,11642.45,14,4,2025,Spring,Lighting,Organizer,2023-08-23,5402.59,11642.45,84,False
SKU029,2025-04-13,120,1397094.0,0,0,11642.45,15,4,2025,Spring,Lighting,Organizer,2023-08-23,5402.59,11642.45,85,False
SKU029,2025-04-20,131,1525160.95,0,0,11642.45,16,4,2025,Spring,Lighting,Organizer,2023-08-23,5402.59,11642.45,86,False
SKU029,2025-04-27,120,1397094.0,0,0,11642.45,17,4,2025,Spring,Lighting,Organizer,2023-08-23,5402.59,11642.45,87,False
SKU029,2025-05-04,116,1350524.2,0,0,11642.45,18,5,2025,Summer,Lighting,Organizer,2023-08-23,5402.59,11642.45,88,False
SKU029,2025-05-11,127,1478591.15,0,0,11642.45,19,5,2025,Summer,Lighting,Organizer,2023-08-23,5402.59,11642.45,89,False
SKU029,2025-05-18,142,1653227.9,0,0,11642.45,20,5,2025,Summer,Lighting,Organizer,2023-08-23,5402.59,11642.45,90,False
SKU029,2025-05-25,130,1513518.5,0,0,11642.45,21,5,2025,Summer,Lighting,Organizer,2023-08-23,5402.59,11642.45,91,False
SKU029,2025-06-01,133,1548445.8499999999,1,0,11642.45,22,6,2025,Summer,Lighting,Organizer,2023-08-23,5402.59,11642.45,92,False
SKU029,2025-06-08,117,1362166.65,2,0,11642.45,23,6,2025,Summer,Lighting,Organizer,2023-08-23,5402.59,11642.45,93,False
SKU029,2025-06-15,121,1408736.45,2,0,11642.45,24,6,2025,Summer,Lighting,Organizer,2023-08-23,5402.59,11642.45,94,False
SKU029,2025-06-22,122,1420378.9,2,0,11642.45,25,6,2025,Summer,Lighting,Organizer,2023-08-23,5402.59,11642.45,95,False
SKU029,2025-06-29,114,1327239.3,2,0,11642.45,26,6,2025,Summer,Lighting,Organizer,2023-08-23,5402.59,11642.45,96,False
SKU029,2025-07-06,102,1187529.9,0,0,11642.45,27,7,2025,Monsoon,Lighting,Organizer,2023-08-23,5402.59,11642.45,97,False
SKU029,2025-07-13,107,1245742.15,0,0,11642.45,28,7,2025,Monsoon,Lighting,Organizer,2023-08-23,5402.59,11642.45,98,False
SKU029,2025-07-20,112,1303954.4,0,0,11642.45,29,7,2025,Monsoon,Lighting,Organizer,2023-08-23,5402.59,11642.45,99,False
SKU029,2025-07-27,120,1397094.0,0,0,11642.45,30,7,2025,Monsoon,Lighting,Organizer,2023-08-23,5402.59,11642.45,100,False
SKU029,2025-08-03,97,1129317.65,0,0,11642.45,31,8,2025,Monsoon,Lighting,Organizer,2023-08-23,5402.59,11642.45,101,False
SKU029,2025-08-10,93,1082747.85,0,0,11642.45,32,8,2025,Monsoon,Lighting,Organizer,2023-08-23,5402.59,11642.45,102,False
SKU029,2025-08-17,113,1315596.85,0,1,11642.45,33,8,2025,Monsoon,Lighting,Organizer,2023-08-23,5402.59,11642.45,103,False
SKU029,2025-08-24,114,1327239.3,0,0,11642.45,34,8,2025,Monsoon,Lighting,Organizer,2023-08-23,5402.59,11642.45,104,False
SKU029,2025-08-31,103,1199172.35,0,0,11642.45,35,8,2025,Monsoon,Lighting,Organizer,2023-08-23,5402.59,11642.45,105,False
SKU029,2025-09-07,90,1047820.5,2,0,11642.45,36,9,2025,Monsoon,Lighting,Organizer,2023-08-23,5402.59,11642.45,106,False
SKU029,2025-09-14,89,1036178.0499999999,2,0,11642.45,37,9,2025,Monsoon,Lighting,Organizer,2023-08-23,5402.59,11642.45,107,False
SKU029,2025-09-21,105,1222457.25,2,0,11642.45,38,9,2025,Monsoon,Lighting,Organizer,2023-08-23,5402.59,11642.45,108,False
SKU029,2025-09-28,86,1001250.7,2,0,11642.45,39,9,2025,Monsoon,Lighting,Organizer,2023-08-23,5402.59,11642.45,109,False
SKU029,2025-10-05,78,908111.1,0,0,11642.45,40,10,2025,Autumn,Lighting,Organizer,2023-08-23,5402.59,11642.45,110,False
SKU029,2025-10-12,92,1071105.4,0,0,11642.45,41,10,2025,Autumn,Lighting,Organizer,2023-08-23,5402.59,11642.45,111,False
SKU029,2025-10-19,85,989608.25,0,0,11642.45,42,10,2025,Autumn,Lighting,Organizer,2023-08-23,5402.59,11642.45,112,False
SKU029,2025-10-26,98,1140960.1,0,1,11642.45,43,10,2025,Autumn,Lighting,Organizer,2023-08-23,5402.59,11642.45,113,False
SKU029,2025-11-02,104,1210814.8,2,0,11642.45,44,11,2025,Autumn,Lighting,Organizer,2023-08-23,5402.59,11642.45,114,False
SKU029,2025-11-09,88,1024535.6000000001,2,0,11642.45,45,11,2025,Autumn,Lighting,Organizer,2023-08-23,5402.59,11642.45,115,False
SKU029,2025-11-16,98,1140960.1,2,0,11642.45,46,11,2025,Autumn,Lighting,Organizer,2023-08-23,5402.59,11642.45,116,False
SKU029,2025-11-23,97,1129317.65,2,0,11642.45,47,11,2025,Autumn,Lighting,Organizer,2023-08-23,5402.59,11642.45,117,False
SKU029,2025-11-30,96,1117675.2,2,0,11642.45,48,11,2025,Autumn,Lighting,Organizer,2023-08-23,5402.59,11642.45,118,False
SKU029,2025-12-07,87,1012893.15,0,0,11642.45,49,12,2025,Winter,Lighting,Organizer,2023-08-23,5402.59,11642.45,119,True
SKU029,2025-12-14,115,1338881.75,0,0,11642.45,50,12,2025,Winter,Lighting,Organizer,2023-08-23,5402.59,11642.45,120,True
SKU029,2025-12-21,104,1210814.8,0,0,11642.45,51,12,2025,Winter,Lighting,Organizer,2023-08-23,5402.59,11642.45,121,True
SKU029,2025-12-28,97,1129317.65,0,1,11642.45,52,12,2025,Winter,Lighting,Organizer,2023-08-23,5402.59,11642.45,122,True
SKU030,2024-01-07,39,367906.89,0,0,9433.51,1,1,2024,Winter,Storage,Sofa,2023-05-03,5715.03,9433.51,35,False
SKU030,2024-01-14,41,386773.91000000003,0,0,9433.51,2,1,2024,Winter,Storage,Sofa,2023-05-03,5715.03,9433.51,36,False
SKU030,2024-01-21,23,216970.73,0,0,9433.51,3,1,2024,Winter,Storage,Sofa,2023-05-03,5715.03,9433.51,37,False
SKU030,2024-01-28,28,264138.28,0,1,9433.51,4,1,2024,Winter,Storage,Sofa,2023-05-03,5715.03,9433.51,38,False
SKU030,2024-02-04,29,273571.79,0,0,9433.51,5,2,2024,Winter,Storage,Sofa,2023-05-03,5715.03,9433.51,39,False
SKU030,2024-02-11,30,283005.3,0,0,9433.51,6,2,2024,Winter,Storage,Sofa,2023-05-03,5715.03,9433.51,40,False
SKU030,2024-02-18,36,339606.36,0,0,9433.51,7,2,2024,Winter,Storage,Sofa,2023-05-03,5715.03,9433.51,41,False
SKU030,2024-02-25,42,396207.42,0,0,9433.51,8,2,2024,Winter,Storage,Sofa,2023-05-03,5715.03,9433.51,42,False
SKU030,2024-03-03,43,405640.93,2,0,9433.51,9,3,2024,Spring,Storage,Sofa,2023-05-03,5715.03,9433.51,43,False
SKU030,2024-03-10,22,207537.22,2,0,9433.51,10,3,2024,Spring,Storage,Sofa,2023-05-03,5715.03,9433.51,44,False
SKU030,2024-03-17,38,358473.38,2,0,9433.51,11,3,2024,Spring,Storage,Sofa,2023-05-03,5715.03,9433.51,45,False
SKU030,2024-03-24,43,405640.93000000005,2,0,9433.51,12,3,2024,Spring,Storage,Sofa,2023-05-03,5715.03,9433.51,46,False
SKU030,2024-03-31,36,339606.36,2,0,9433.51,13,3,2024,Spring,Storage,Sofa,2023-05-03,5715.03,9433.51,47,False
SKU030,2024-04-07,45,424507.95,0,0,9433.51,14,4,2024,Spring,Storage,Sofa,2023-05-03,5715.03,9433.51,48,False
SKU030,2024-04-14,40,377340.4,0,0,9433.51,15,4,2024,Spring,Storage,Sofa,2023-05-03,5715.03,9433.51,49,False
SKU030,2024-04-21,38,358473.38,0,0,9433.51,16,4,2024,Spring,Storage,Sofa,2023-05-03,5715.03,9433.51,50,False
SKU030,2024-04-28,36,339606.36000000004,0,0,9433.51,17,4,2024,Spring,Storage,Sofa,2023-05-03,5715.03,9433.51,51,False
SKU030,2024-05-05,35,330172.85000000003,0,0,9433.51,18,5,2024,Summer,Storage,Sofa,2023-05-03,5715.03,9433.51,52,False
SKU030,2024-05-12,41,386773.91000000003,0,0,9433.51,19,5,2024,Summer,Storage,Sofa,2023-05-03,5715.03,9433.51,53,False
SKU030,2024-05-19,42,396207.42000000004,0,0,9433.51,20,5,2024,Summer,Storage,Sofa,2023-05-03,5715.03,9433.51,54,False
SKU030,2024-05-26,47,443374.97,0,0,9433.51,21,5,2024,Summer,Storage,Sofa,2023-05-03,5715.03,9433.51,55,False
SKU030,2024-06-02,40,377340.4,2,0,9433.51,22,6,2024,Summer,Storage,Sofa,2023-05-03,5715.03,9433.51,56,False
SKU030,2024-06-09,29,273571.79000000004,2,0,9433.51,23,6,2024,Summer,Storage,Sofa,2023-05-03,5715.03,9433.51,57,False
SKU030,2024-06-16,47,443374.97000000003,2,0,9433.51,24,6,2024,Summer,Storage,Sofa,2023-05-03,5715.03,9433.51,58,False
SKU030,2024-06-23,28,264138.28,2,0,9433.51,25,6,2024,Summer,Storage,Sofa,2023-05-03,5715.03,9433.51,59,False
SKU030,2024-06-30,30,283005.3,2,0,9433.51,26,6,2024,Summer,Storage,Sofa,2023-05-03,5715.03,9433.51,60,False
SKU030,2024-07-07,36,339606.36,0,0,9433.51,27,7,2024,Monsoon,Storage,Sofa,2023-05-03,5715.03,9433.51,61,False
SKU030,2024-07-14,27,254704.77000000002,0,0,9433.51,28,7,2024,Monsoon,Storage,Sofa,2023-05-03,5715.03,9433.51,62,False
SKU030,2024-07-21,27,254704.77000000002,0,0,9433.51,29,7,2024,Monsoon,Storage,Sofa,2023-05-03,5715.03,9433.51,63,False
SKU030,2024-07-28,32,301872.32,0,0,9433.51,30,7,2024,Monsoon,Storage,Sofa,2023-05-03,5715.03,9433.51,64,False
SKU030,2024-08-04,38,358473.38,0,0,9433.51,31,8,2024,Monsoon,Storage,Sofa,2023-05-03,5715.03,9433.51,65,False
SKU030,2024-08-11,45,424507.95,0,0,9433.51,32,8,2024,Monsoon,Storage,Sofa,2023-05-03,5715.03,9433.51,66,False
SKU030,2024-08-18,25,235837.75,0,1,9433.51,33,8,2024,Monsoon,Storage,Sofa,2023-05-03,5715.03,9433.51,67,False
SKU030,2024-08-25,30,283005.3,0,0,9433.51,34,8,2024,Monsoon,Storage,Sofa,2023-05-03,5715.03,9433.51,68,False
SKU030,2024-09-01,39,367906.89,1,0,9433.51,35,9,2024,Monsoon,Storage,Sofa,2023-05-03,5715.03,9433.51,69,False
SKU030,2024-09-08,26,245271.26,2,0,9433.51,36,9,2024,Monsoon,Storage,Sofa,2023-05-03,5715.03,9433.51,70,False
SKU030,2024-09-15,30,283005.3,2,0,9433.51,37,9,2024,Monsoon,Storage,Sofa,2023-05-03,5715.03,9433.51,71,False
SKU030,2024-09-22,32,301872.32,2,0,9433.51,38,9,2024,Monsoon,Storage,Sofa,2023-05-03,5715.03,9433.51,72,False
SKU030,2024-09-29,37,349039.87,2,0,9433.51,39,9,2024,Monsoon,Storage,Sofa,2023-05-03,5715.03,9433.51,73,False
SKU030,2024-10-06,22,207537.22,0,0,9433.51,40,10,2024,Autumn,Storage,Sofa,2023-05-03,5715.03,9433.51,74,False
SKU030,2024-10-13,18,169803.18,0,0,9433.51,41,10,2024,Autumn,Storage,Sofa,2023-05-03,5715.03,9433.51,75,False
SKU030,2024-10-20,31,292438.81,0,0,9433.51,42,10,2024,Autumn,Storage,Sofa,2023-05-03,5715.03,9433.51,76,False
SKU030,2024-10-27,26,245271.26,0,0,9433.51,43,10,2024,Autumn,Storage,Sofa,2023-05-03,5715.03,9433.51,77,False
SKU030,2024-11-03,27,254704.77,2,1,9433.51,44,11,2024,Autumn,Storage,Sofa,2023-05-03,5715.03,9433.51,78,False
SKU030,2024-11-10,28,264138.28,2,0,9433.51,45,11,2024,Autumn,Storage,Sofa,2023-05-03,5715.03,9433.51,79,False
SKU030,2024-11-17,30,283005.3,2,0,9433.51,46,11,2024,Autumn,Storage,Sofa,2023-05-03,5715.03,9433.51,80,False
SKU030,2024-11-24,30,283005.3,2,0,9433.51,47,11,2024,Autumn,Storage,Sofa,2023-05-03,5715.03,9433.51,81,False
SKU030,2024-12-01,32,301872.32,1,0,9433.51,48,12,2024,Winter,Storage,Sofa,2023-05-03,5715.03,9433.51,82,False
SKU030,2024-12-08,30,283005.3,0,0,9433.51,49,12,2024,Winter,Storage,Sofa,2023-05-03,5715.03,9433.51,83,False
SKU030,2024-12-15,38,358473.38,0,0,9433.51,50,12,2024,Winter,Storage,Sofa,2023-05-03,5715.03,9433.51,84,False
SKU030,2024-12-22,32,301872.32,0,0,9433.51,51,12,2024,Winter,Storage,Sofa,2023-05-03,5715.03,9433.51,85,False
SKU030,2024-12-29,27,254704.77000000002,0,1,9433.51,52,12,2024,Winter,Storage,Sofa,2023-05-03,5715.03,9433.51,86,False
SKU030,2025-01-05,21,198103.71,0,0,9433.51,1,1,2025,Winter,Storage,Sofa,2023-05-03,5715.03,9433.51,87,False
SKU030,2025-01-12,31,292438.81,0,0,9433.51,2,1,2025,Winter,Storage,Sofa,2023-05-03,5715.03,9433.51,88,False
SKU030,2025-01-19,34,320739.33999999997,0,0,9433.51,3,1,2025,Winter,Storage,Sofa,2023-05-03,5715.03,9433.51,89,False
SKU030,2025-01-26,36,339606.36,0,1,9433.51,4,1,2025,Winter,Storage,Sofa,2023-05-03,5715.03,9433.51,90,False
SKU030,2025-02-02,26,245271.26,0,0,9433.51,5,2,2025,Winter,Storage,Sofa,2023-05-03,5715.03,9433.51,91,False
SKU030,2025-02-09,41,386773.91000000003,0,0,9433.51,6,2,2025,Winter,Storage,Sofa,2023-05-03,5715.03,9433.51,92,False
SKU030,2025-02-16,31,292438.81,0,0,9433.51,7,2,2025,Winter,Storage,Sofa,2023-05-03,5715.03,9433.51,93,False
SKU030,2025-02-23,39,367906.89,0,0,9433.51,8,2,2025,Winter,Storage,Sofa,2023-05-03,5715.03,9433.51,94,False
SKU030,2025-03-02,47,443374.97000000003,2,0,9433.51,9,3,2025,Spring,Storage,Sofa,2023-05-03,5715.03,9433.51,95,False
SKU030,2025-03-09,39,367906.89,2,0,9433.51,10,3,2025,Spring,Storage,Sofa,2023-05-03,5715.03,9433.51,96,False
SKU030,2025-03-16,32,301872.32,2,0,9433.51,11,3,2025,Spring,Storage,Sofa,2023-05-03,5715.03,9433.51,97,False
SKU030,2025-03-23,44,415074.44,2,0,9433.51,12,3,2025,Spring,Storage,Sofa,2023-05-03,5715.03,9433.51,98,False
SKU030,2025-03-30,40,377340.4,2,0,9433.51,13,3,2025,Spring,Storage,Sofa,2023-05-03,5715.03,9433.51,99,False
SKU030,2025-04-06,30,283005.3,0,0,9433.51,14,4,2025,Spring,Storage,Sofa,2023-05-03,5715.03,9433.51,100,False
SKU030,2025-04-13,35,330172.85,0,0,9433.51,15,4,2025,Spring,Storage,Sofa,2023-05-03,5715.03,9433.51,101,False
SKU030,2025-04-20,31,292438.81,0,0,9433.51,16,4,2025,Spring,Storage,Sofa,2023-05-03,5715.03,9433.51,102,False
SKU030,2025-04-27,40,377340.4,0,0,9433.51,17,4,2025,Spring,Storage,Sofa,2023-05-03,5715.03,9433.51,103,False
SKU030,2025-05-04,44,415074.44,0,0,9433.51,18,5,2025,Summer,Storage,Sofa,2023-05-03,5715.03,9433.51,104,False
SKU030,2025-05-11,30,283005.30000000005,0,0,9433.51,19,5,2025,Summer,Storage,Sofa,2023-05-03,5715.03,9433.51,105,False
SKU030,2025-05-18,37,349039.87,0,0,9433.51,20,5,2025,Summer,Storage,Sofa,2023-05-03,5715.03,9433.51,106,False
SKU030,2025-05-25,38,358473.38,0,0,9433.51,21,5,2025,Summer,Storage,Sofa,2023-05-03,5715.03,9433.51,107,False
SKU030,2025-06-01,39,367906.89,1,0,9433.51,22,6,2025,Summer,Storage,Sofa,2023-05-03,5715.03,9433.51,108,False
SKU030,2025-06-08,38,358473.38,2,0,9433.51,23,6,2025,Summer,Storage,Sofa,2023-05-03,5715.03,9433.51,109,False
SKU030,2025-06-15,51,481109.01,2,0,9433.51,24,6,2025,Summer,Storage,Sofa,2023-05-03,5715.03,9433.51,110,False
SKU030,2025-06-22,31,292438.81,2,0,9433.51,25,6,2025,Summer,Storage,Sofa,2023-05-03,5715.03,9433.51,111,False
SKU030,2025-06-29,47,443374.97000000003,2,0,9433.51,26,6,2025,Summer,Storage,Sofa,2023-05-03,5715.03,9433.51,112,False
SKU030,2025-07-06,27,254704.77000000002,0,0,9433.51,27,7,2025,Monsoon,Storage,Sofa,2023-05-03,5715.03,9433.51,113,False
SKU030,2025-07-13,29,273571.79000000004,0,0,9433.51,28,7,2025,Monsoon,Storage,Sofa,2023-05-03,5715.03,9433.51,114,False
SKU030,2025-07-20,36,339606.36,0,0,9433.51,29,7,2025,Monsoon,Storage,Sofa,2023-05-03,5715.03,9433.51,115,False
SKU030,2025-07-27,29,273571.79000000004,0,0,9433.51,30,7,2025,Monsoon,Storage,Sofa,2023-05-03,5715.03,9433.51,116,False
SKU030,2025-08-03,33,311305.83,0,0,9433.51,31,8,2025,Monsoon,Storage,Sofa,2023-05-03,5715.03,9433.51,117,False
SKU030,2025-08-10,30,283005.3,0,0,9433.51,32,8,2025,Monsoon,Storage,Sofa,2023-05-03,5715.03,9433.51,118,False
SKU030,2025-08-17,28,264138.28,0,1,9433.51,33,8,2025,Monsoon,Storage,Sofa,2023-05-03,5715.03,9433.51,119,False
SKU030,2025-08-24,36,339606.36,0,0,9433.51,34,8,2025,Monsoon,Storage,Sofa,2023-05-03,5715.03,9433.51,120,False
SKU030,2025-08-31,32,301872.32,0,0,9433.51,35,8,2025,Monsoon,Storage,Sofa,2023-05-03,5715.03,9433.51,121,False
SKU030,2025-09-07,26,245271.26,2,0,9433.51,36,9,2025,Monsoon,Storage,Sofa,2023-05-03,5715.03,9433.51,122,False
SKU030,2025-09-14,34,320739.33999999997,2,0,9433.51,37,9,2025,Monsoon,Storage,Sofa,2023-05-03,5715.03,9433.51,123,False
SKU030,2025-09-21,32,301872.32,2,0,9433.51,38,9,2025,Monsoon,Storage,Sofa,2023-05-03,5715.03,9433.51,124,False
SKU030,2025-09-28,41,386773.91000000003,2,0,9433.51,39,9,2025,Monsoon,Storage,Sofa,2023-05-03,5715.03,9433.51,125,False
SKU030,2025-10-05,27,254704.77000000002,0,0,9433.51,40,10,2025,Autumn,Storage,Sofa,2023-05-03,5715.03,9433.51,126,False
SKU030,2025-10-12,25,235837.75,0,0,9433.51,41,10,2025,Autumn,Storage,Sofa,2023-05-03,5715.03,9433.51,127,False
SKU030,2025-10-19,32,301872.32,0,0,9433.51,42,10,2025,Autumn,Storage,Sofa,2023-05-03,5715.03,9433.51,128,False
SKU030,2025-10-26,27,254704.77,0,1,9433.51,43,10,2025,Autumn,Storage,Sofa,2023-05-03,5715.03,9433.51,129,False
SKU030,2025-11-02,28,264138.27999999997,2,0,9433.51,44,11,2025,Autumn,Storage,Sofa,2023-05-03,5715.03,9433.51,130,False
SKU030,2025-11-09,25,235837.75,2,0,9433.51,45,11,2025,Autumn,Storage,Sofa,2023-05-03,5715.03,9433.51,131,False
SKU030,2025-11-16,34,320739.33999999997,2,0,9433.51,46,11,2025,Autumn,Storage,Sofa,2023-05-03,5715.03,9433.51,132,False
SKU030,2025-11-23,33,311305.83,2,0,9433.51,47,11,2025,Autumn,Storage,Sofa,2023-05-03,5715.03,9433.51,133,False
SKU030,2025-11-30,26,245271.26,2,0,9433.51,48,11,2025,Autumn,Storage,Sofa,2023-05-03,5715.03,9433.51,134,False
SKU030,2025-12-07,25,235837.75,0,0,9433.51,49,12,2025,Winter,Storage,Sofa,2023-05-03,5715.03,9433.51,135,True
SKU030,2025-12-14,35,330172.85000000003,0,0,9433.51,50,12,2025,Winter,Storage,Sofa,2023-05-03,5715.03,9433.51,136,True
SKU030,2025-12-21,26,245271.26,0,0,9433.51,51,12,2025,Winter,Storage,Sofa,2023-05-03,5715.03,9433.51,137,True
SKU030,2025-12-28,28,264138.28,0,1,9433.51,52,12,2025,Winter,Storage,Sofa,2023-05-03,5715.03,9433.51,138,True
SKU031,2024-01-07,143,1246377.99,0,0,8715.93,1,1,2024,Winter,Furniture,Chair,2023-05-11,6300.65,8715.93,34,False
SKU031,2024-01-14,107,932604.51,0,0,8715.93,2,1,2024,Winter,Furniture,Chair,2023-05-11,6300.65,8715.93,35,False
SKU031,2024-01-21,132,1150502.76,0,0,8715.93,3,1,2024,Winter,Furniture,Chair,2023-05-11,6300.65,8715.93,36,False
SKU031,2024-01-28,144,1255093.92,0,1,8715.93,4,1,2024,Winter,Furniture,Chair,2023-05-11,6300.65,8715.93,37,False
SKU031,2024-02-04,138,1202798.34,0,0,8715.93,5,2,2024,Winter,Furniture,Chair,2023-05-11,6300.65,8715.93,38,False
SKU031,2024-02-11,137,1194082.4100000001,0,0,8715.93,6,2,2024,Winter,Furniture,Chair,2023-05-11,6300.65,8715.93,39,False
SKU031,2024-02-18,137,1194082.4100000001,0,0,8715.93,7,2,2024,Winter,Furniture,Chair,2023-05-11,6300.65,8715.93,40,False
SKU031,2024-02-25,150,1307389.5,0,0,8715.93,8,2,2024,Winter,Furniture,Chair,2023-05-11,6300.65,8715.93,41,False
SKU031,2024-03-03,136,1185366.48,2,0,8715.93,9,3,2024,Spring,Furniture,Chair,2023-05-11,6300.65,8715.93,42,False
SKU031,2024-03-10,163,1420696.59,2,0,8715.93,10,3,2024,Spring,Furniture,Chair,2023-05-11,6300.65,8715.93,43,False
SKU031,2024-03-17,167,1455560.31,2,0,8715.93,11,3,2024,Spring,Furniture,Chair,2023-05-11,6300.65,8715.93,44,False
SKU031,2024-03-24,166,1446844.38,2,0,8715.93,12,3,2024,Spring,Furniture,Chair,2023-05-11,6300.65,8715.93,45,False
SKU031,2024-03-31,150,1307389.5,2,0,8715.93,13,3,2024,Spring,Furniture,Chair,2023-05-11,6300.65,8715.93,46,False
SKU031,2024-04-07,158,1377116.94,0,0,8715.93,14,4,2024,Spring,Furniture,Chair,2023-05-11,6300.65,8715.93,47,False
SKU031,2024-04-14,130,1133070.9,0,0,8715.93,15,4,2024,Spring,Furniture,Chair,2023-05-11,6300.65,8715.93,48,False
SKU031,2024-04-21,165,1438128.45,0,0,8715.93,16,4,2024,Spring,Furniture,Chair,2023-05-11,6300.65,8715.93,49,False
SKU031,2024-04-28,121,1054627.53,0,0,8715.93,17,4,2024,Spring,Furniture,Chair,2023-05-11,6300.65,8715.93,50,False
SKU031,2024-05-05,159,1385832.87,0,0,8715.93,18,5,2024,Summer,Furniture,Chair,2023-05-11,6300.65,8715.93,51,False
SKU031,2024-05-12,152,1324821.3599999999,0,0,8715.93,19,5,2024,Summer,Furniture,Chair,2023-05-11,6300.65,8715.93,52,False
SKU031,2024-05-19,143,1246377.99,0,0,8715.93,20,5,2024,Summer,Furniture,Chair,2023-05-11,6300.65,8715.93,53,False
SKU031,2024-05-26,150,1307389.5,0,0,8715.93,21,5,2024,Summer,Furniture,Chair,2023-05-11,6300.65,8715.93,54,False
SKU031,2024-06-02,160,1394548.8,2,0,8715.93,22,6,2024,Summer,Furniture,Chair,2023-05-11,6300.65,8715.93,55,False
SKU031,2024-06-09,151,1316105.43,2,0,8715.93,23,6,2024,Summer,Furniture,Chair,2023-05-11,6300.65,8715.93,56,False
SKU031,2024-06-16,150,1307389.5,2,0,8715.93,24,6,2024,Summer,Furniture,Chair,2023-05-11,6300.65,8715.93,57,False
SKU031,2024-06-23,152,1324821.3599999999,2,0,8715.93,25,6,2024,Summer,Furniture,Chair,2023-05-11,6300.65,8715.93,58,False
SKU031,2024-06-30,164,1429412.52,2,0,8715.93,26,6,2024,Summer,Furniture,Chair,2023-05-11,6300.65,8715.93,59,False
SKU031,2024-07-07,133,1159218.69,0,0,8715.93,27,7,2024,Monsoon,Furniture,Chair,2023-05-11,6300.65,8715.93,60,False
SKU031,2024-07-14,120,1045911.6,0,0,8715.93,28,7,2024,Monsoon,Furniture,Chair,2023-05-11,6300.65,8715.93,61,False
SKU031,2024-07-21,126,1098207.18,0,0,8715.93,29,7,2024,Monsoon,Furniture,Chair,2023-05-11,6300.65,8715.93,62,False
SKU031,2024-07-28,122,1063343.46,0,0,8715.93,30,7,2024,Monsoon,Furniture,Chair,2023-05-11,6300.65,8715.93,63,False
SKU031,2024-08-04,98,854161.14,0,0,8715.93,31,8,2024,Monsoon,Furniture,Chair,2023-05-11,6300.65,8715.93,64,False
SKU031,2024-08-11,145,1263809.85,0,0,8715.93,32,8,2024,Monsoon,Furniture,Chair,2023-05-11,6300.65,8715.93,65,False
SKU031,2024-08-18,120,1045911.6,0,1,8715.93,33,8,2024,Monsoon,Furniture,Chair,2023-05-11,6300.65,8715.93,66,False
SKU031,2024-08-25,104,906456.72,0,0,8715.93,34,8,2024,Monsoon,Furniture,Chair,2023-05-11,6300.65,8715.93,67,False
SKU031,2024-09-01,124,1080775.32,1,0,8715.93,35,9,2024,Monsoon,Furniture,Chair,2023-05-11,6300.65,8715.93,68,False
SKU031,2024-09-08,110,958752.3,2,0,8715.93,36,9,2024,Monsoon,Furniture,Chair,2023-05-11,6300.65,8715.93,69,False
SKU031,2024-09-15,135,1176650.55,2,0,8715.93,37,9,2024,Monsoon,Furniture,Chair,2023-05-11,6300.65,8715.93,70,False
SKU031,2024-09-22,123,1072059.3900000001,2,0,8715.93,38,9,2024,Monsoon,Furniture,Chair,2023-05-11,6300.65,8715.93,71,False
SKU031,2024-09-29,116,1011047.88,2,0,8715.93,39,9,2024,Monsoon,Furniture,Chair,2023-05-11,6300.65,8715.93,72,False
SKU031,2024-10-06,105,915172.65,0,0,8715.93,40,10,2024,Autumn,Furniture,Chair,2023-05-11,6300.65,8715.93,73,False
SKU031,2024-10-13,109,950036.37,0,0,8715.93,41,10,2024,Autumn,Furniture,Chair,2023-05-11,6300.65,8715.93,74,False
SKU031,2024-10-20,109,950036.37,0,0,8715.93,42,10,2024,Autumn,Furniture,Chair,2023-05-11,6300.65,8715.93,75,False
SKU031,2024-10-27,112,976184.16,0,0,8715.93,43,10,2024,Autumn,Furniture,Chair,2023-05-11,6300.65,8715.93,76,False
SKU031,2024-11-03,129,1124354.97,2,1,8715.93,44,11,2024,Autumn,Furniture,Chair,2023-05-11,6300.65,8715.93,77,False
SKU031,2024-11-10,113,984900.0900000001,2,0,8715.93,45,11,2024,Autumn,Furniture,Chair,2023-05-11,6300.65,8715.93,78,False
SKU031,2024-11-17,105,915172.65,2,0,8715.93,46,11,2024,Autumn,Furniture,Chair,2023-05-11,6300.65,8715.93,79,False
SKU031,2024-11-24,113,984900.09,2,0,8715.93,47,11,2024,Autumn,Furniture,Chair,2023-05-11,6300.65,8715.93,80,False
SKU031,2024-12-01,103,897740.79,1,0,8715.93,48,12,2024,Winter,Furniture,Chair,2023-05-11,6300.65,8715.93,81,False
SKU031,2024-12-08,114,993616.02,0,0,8715.93,49,12,2024,Winter,Furniture,Chair,2023-05-11,6300.65,8715.93,82,False
SKU031,2024-12-15,107,932604.51,0,0,8715.93,50,12,2024,Winter,Furniture,Chair,2023-05-11,6300.65,8715.93,83,False
SKU031,2024-12-22,106,923888.58,0,0,8715.93,51,12,2024,Winter,Furniture,Chair,2023-05-11,6300.65,8715.93,84,False
SKU031,2024-12-29,108,941320.44,0,1,8715.93,52,12,2024,Winter,Furniture,Chair,2023-05-11,6300.65,8715.93,85,False
SKU031,2025-01-05,138,1202798.34,0,0,8715.93,1,1,2025,Winter,Furniture,Chair,2023-05-11,6300.65,8715.93,86,False
SKU031,2025-01-12,145,1263809.85,0,0,8715.93,2,1,2025,Winter,Furniture,Chair,2023-05-11,6300.65,8715.93,87,False
SKU031,2025-01-19,132,1150502.76,0,0,8715.93,3,1,2025,Winter,Furniture,Chair,2023-05-11,6300.65,8715.93,88,False
SKU031,2025-01-26,140,1220230.2,0,1,8715.93,4,1,2025,Winter,Furniture,Chair,2023-05-11,6300.65,8715.93,89,False
SKU031,2025-02-02,131,1141786.83,0,0,8715.93,5,2,2025,Winter,Furniture,Chair,2023-05-11,6300.65,8715.93,90,False
SKU031,2025-02-09,152,1324821.36,0,0,8715.93,6,2,2025,Winter,Furniture,Chair,2023-05-11,6300.65,8715.93,91,False
SKU031,2025-02-16,163,1420696.59,0,0,8715.93,7,2,2025,Winter,Furniture,Chair,2023-05-11,6300.65,8715.93,92,False
SKU031,2025-02-23,130,1133070.9,0,0,8715.93,8,2,2025,Winter,Furniture,Chair,2023-05-11,6300.65,8715.93,93,False
SKU031,2025-03-02,137,1194082.41,2,0,8715.93,9,3,2025,Spring,Furniture,Chair,2023-05-11,6300.65,8715.93,94,False
SKU031,2025-03-09,170,1481708.1,2,0,8715.93,10,3,2025,Spring,Furniture,Chair,2023-05-11,6300.65,8715.93,95,False
SKU031,2025-03-16,133,1159218.69,2,0,8715.93,11,3,2025,Spring,Furniture,Chair,2023-05-11,6300.65,8715.93,96,False
SKU031,2025-03-23,145,1263809.85,2,0,8715.93,12,3,2025,Spring,Furniture,Chair,2023-05-11,6300.65,8715.93,97,False
SKU031,2025-03-30,173,1507855.8900000001,2,0,8715.93,13,3,2025,Spring,Furniture,Chair,2023-05-11,6300.65,8715.93,98,False
SKU031,2025-04-06,131,1141786.83,0,0,8715.93,14,4,2025,Spring,Furniture,Chair,2023-05-11,6300.65,8715.93,99,False
SKU031,2025-04-13,160,1394548.8,0,0,8715.93,15,4,2025,Spring,Furniture,Chair,2023-05-11,6300.65,8715.93,100,False
SKU031,2025-04-20,132,1150502.76,0,0,8715.93,16,4,2025,Spring,Furniture,Chair,2023-05-11,6300.65,8715.93,101,False
SKU031,2025-04-27,130,1133070.9000000001,0,0,8715.93,17,4,2025,Spring,Furniture,Chair,2023-05-11,6300.65,8715.93,102,False
SKU031,2025-05-04,153,1333537.29,0,0,8715.93,18,5,2025,Summer,Furniture,Chair,2023-05-11,6300.65,8715.93,103,False
SKU031,2025-05-11,156,1359685.08,0,0,8715.93,19,5,2025,Summer,Furniture,Chair,2023-05-11,6300.65,8715.93,104,False
SKU031,2025-05-18,145,1263809.85,0,0,8715.93,20,5,2025,Summer,Furniture,Chair,2023-05-11,6300.65,8715.93,105,False
SKU031,2025-05-25,158,1377116.94,0,0,8715.93,21,5,2025,Summer,Furniture,Chair,2023-05-11,6300.65,8715.93,106,False
SKU031,2025-06-01,153,1333537.29,1,0,8715.93,22,6,2025,Summer,Furniture,Chair,2023-05-11,6300.65,8715.93,107,False
SKU031,2025-06-08,156,1359685.08,2,0,8715.93,23,6,2025,Summer,Furniture,Chair,2023-05-11,6300.65,8715.93,108,False
SKU031,2025-06-15,162,1411980.66,2,0,8715.93,24,6,2025,Summer,Furniture,Chair,2023-05-11,6300.65,8715.93,109,False
SKU031,2025-06-22,144,1255093.92,2,0,8715.93,25,6,2025,Summer,Furniture,Chair,2023-05-11,6300.65,8715.93,110,False
SKU031,2025-06-29,136,1185366.48,2,0,8715.93,26,6,2025,Summer,Furniture,Chair,2023-05-11,6300.65,8715.93,111,False
SKU031,2025-07-06,124,1080775.32,0,0,8715.93,27,7,2025,Monsoon,Furniture,Chair,2023-05-11,6300.65,8715.93,112,False
SKU031,2025-07-13,111,967468.23,0,0,8715.93,28,7,2025,Monsoon,Furniture,Chair,2023-05-11,6300.65,8715.93,113,False
SKU031,2025-07-20,131,1141786.83,0,0,8715.93,29,7,2025,Monsoon,Furniture,Chair,2023-05-11,6300.65,8715.93,114,False
SKU031,2025-07-27,127,1106923.11,0,0,8715.93,30,7,2025,Monsoon,Furniture,Chair,2023-05-11,6300.65,8715.93,115,False
SKU031,2025-08-03,121,1054627.53,0,0,8715.93,31,8,2025,Monsoon,Furniture,Chair,2023-05-11,6300.65,8715.93,116,False
SKU031,2025-08-10,129,1124354.97,0,0,8715.93,32,8,2025,Monsoon,Furniture,Chair,2023-05-11,6300.65,8715.93,117,False
SKU031,2025-08-17,136,1185366.48,0,1,8715.93,33,8,2025,Monsoon,Furniture,Chair,2023-05-11,6300.65,8715.93,118,False
SKU031,2025-08-24,111,967468.23,0,0,8715.93,34,8,2025,Monsoon,Furniture,Chair,2023-05-11,6300.65,8715.93,119,False
SKU031,2025-08-31,123,1072059.3900000001,0,0,8715.93,35,8,2025,Monsoon,Furniture,Chair,2023-05-11,6300.65,8715.93,120,False
SKU031,2025-09-07,118,1028479.74,2,0,8715.93,36,9,2025,Monsoon,Furniture,Chair,2023-05-11,6300.65,8715.93,121,False
SKU031,2025-09-14,125,1089491.25,2,0,8715.93,37,9,2025,Monsoon,Furniture,Chair,2023-05-11,6300.65,8715.93,122,False
SKU031,2025-09-21,118,1028479.74,2,0,8715.93,38,9,2025,Monsoon,Furniture,Chair,2023-05-11,6300.65,8715.93,123,False
SKU031,2025-09-28,112,976184.16,2,0,8715.93,39,9,2025,Monsoon,Furniture,Chair,2023-05-11,6300.65,8715.93,124,False
SKU031,2025-10-05,107,932604.51,0,0,8715.93,40,10,2025,Autumn,Furniture,Chair,2023-05-11,6300.65,8715.93,125,False
SKU031,2025-10-12,109,950036.37,0,0,8715.93,41,10,2025,Autumn,Furniture,Chair,2023-05-11,6300.65,8715.93,126,False
SKU031,2025-10-19,120,1045911.6,0,0,8715.93,42,10,2025,Autumn,Furniture,Chair,2023-05-11,6300.65,8715.93,127,False
SKU031,2025-10-26,114,993616.02,0,1,8715.93,43,10,2025,Autumn,Furniture,Chair,2023-05-11,6300.65,8715.93,128,False
SKU031,2025-11-02,110,958752.3,2,0,8715.93,44,11,2025,Autumn,Furniture,Chair,2023-05-11,6300.65,8715.93,129,False
SKU031,2025-11-09,109,950036.37,2,0,8715.93,45,11,2025,Autumn,Furniture,Chair,2023-05-11,6300.65,8715.93,130,False
SKU031,2025-11-16,131,1141786.83,2,0,8715.93,46,11,2025,Autumn,Furniture,Chair,2023-05-11,6300.65,8715.93,131,False
SKU031,2025-11-23,113,984900.09,2,0,8715.93,47,11,2025,Autumn,Furniture,Chair,2023-05-11,6300.65,8715.93,132,False
SKU031,2025-11-30,104,906456.72,2,0,8715.93,48,11,2025,Autumn,Furniture,Chair,2023-05-11,6300.65,8715.93,133,False
SKU031,2025-12-07,96,836729.28,0,0,8715.93,49,12,2025,Winter,Furniture,Chair,2023-05-11,6300.65,8715.93,134,True
SKU031,2025-12-14,104,906456.72,0,0,8715.93,50,12,2025,Winter,Furniture,Chair,2023-05-11,6300.65,8715.93,135,True
SKU031,2025-12-21,132,1150502.76,0,0,8715.93,51,12,2025,Winter,Furniture,Chair,2023-05-11,6300.65,8715.93,136,True
SKU031,2025-12-28,97,845445.21,0,1,8715.93,52,12,2025,Winter,Furniture,Chair,2023-05-11,6300.65,8715.93,137,True
SKU032,2024-01-07,53,297467.27,0,0,5612.590000000001,1,1,2024,Winter,Home Decor,Table,2022-09-07,3806.6,5612.59,69,False
SKU032,2024-01-14,66,370430.94,0,0,5612.590000000001,2,1,2024,Winter,Home Decor,Table,2022-09-07,3806.6,5612.59,70,False
SKU032,2024-01-21,72,404106.48,0,0,5612.590000000001,3,1,2024,Winter,Home Decor,Table,2022-09-07,3806.6,5612.59,71,False
SKU032,2024-01-28,70,392881.3,0,1,5612.590000000001,4,1,2024,Winter,Home Decor,Table,2022-09-07,3806.6,5612.59,72,False
SKU032,2024-02-04,64,359205.76,0,0,5612.590000000001,5,2,2024,Winter,Home Decor,Table,2022-09-07,3806.6,5612.59,73,False
SKU032,2024-02-11,89,499520.51,0,0,5612.590000000001,6,2,2024,Winter,Home Decor,Table,2022-09-07,3806.6,5612.59,74,False
SKU032,2024-02-18,69,387268.71,0,0,5612.590000000001,7,2,2024,Winter,Home Decor,Table,2022-09-07,3806.6,5612.59,75,False
SKU032,2024-02-25,77,432169.43,0,0,5612.590000000001,8,2,2024,Winter,Home Decor,Table,2022-09-07,3806.6,5612.59,76,False
SKU032,2024-03-03,93,521970.87,2,0,5612.590000000001,9,3,2024,Spring,Home Decor,Table,2022-09-07,3806.6,5612.59,77,False
SKU032,2024-03-10,68,381656.12,2,0,5612.590000000001,10,3,2024,Spring,Home Decor,Table,2022-09-07,3806.6,5612.59,78,False
SKU032,2024-03-17,78,437782.02,2,0,5612.590000000001,11,3,2024,Spring,Home Decor,Table,2022-09-07,3806.6,5612.59,79,False
SKU032,2024-03-24,85,477070.15,2,0,5612.590000000001,12,3,2024,Spring,Home Decor,Table,2022-09-07,3806.6,5612.59,80,False
SKU032,2024-03-31,71,398493.89,2,0,5612.590000000001,13,3,2024,Spring,Home Decor,Table,2022-09-07,3806.6,5612.59,81,False
SKU032,2024-04-07,75,420944.25,0,0,5612.590000000001,14,4,2024,Spring,Home Decor,Table,2022-09-07,3806.6,5612.59,82,False
SKU032,2024-04-14,74,415331.66,0,0,5612.590000000001,15,4,2024,Spring,Home Decor,Table,2022-09-07,3806.6,5612.59,83,False
SKU032,2024-04-21,68,381656.12,0,0,5612.590000000001,16,4,2024,Spring,Home Decor,Table,2022-09-07,3806.6,5612.59,84,False
SKU032,2024-04-28,78,437782.02,0,0,5612.590000000001,17,4,2024,Spring,Home Decor,Table,2022-09-07,3806.6,5612.59,85,False
SKU032,2024-05-05,73,409719.07,0,0,5612.590000000001,18,5,2024,Summer,Home Decor,Table,2022-09-07,3806.6,5612.59,86,False
SKU032,2024-05-12,57,319917.63,0,0,5612.590000000001,19,5,2024,Summer,Home Decor,Table,2022-09-07,3806.6,5612.59,87,False
SKU032,2024-05-19,101,566871.59,0,0,5612.590000000001,20,5,2024,Summer,Home Decor,Table,2022-09-07,3806.6,5612.59,88,False
SKU032,2024-05-26,72,404106.48,0,0,5612.590000000001,21,5,2024,Summer,Home Decor,Table,2022-09-07,3806.6,5612.59,89,False
SKU032,2024-06-02,84,471457.56,2,0,5612.590000000001,22,6,2024,Summer,Home Decor,Table,2022-09-07,3806.6,5612.59,90,False
SKU032,2024-06-09,83,465844.97,2,0,5612.590000000001,23,6,2024,Summer,Home Decor,Table,2022-09-07,3806.6,5612.59,91,False
SKU032,2024-06-16,65,364818.35,2,0,5612.590000000001,24,6,2024,Summer,Home Decor,Table,2022-09-07,3806.6,5612.59,92,False
SKU032,2024-06-23,74,415331.66,2,0,5612.590000000001,25,6,2024,Summer,Home Decor,Table,2022-09-07,3806.6,5612.59,93,False
SKU032,2024-06-30,71,398493.89,2,0,5612.590000000001,26,6,2024,Summer,Home Decor,Table,2022-09-07,3806.6,5612.59,94,False
SKU032,2024-07-07,66,370430.94,0,0,5612.590000000001,27,7,2024,Monsoon,Home Decor,Table,2022-09-07,3806.6,5612.59,95,False
SKU032,2024-07-14,69,387268.71,0,0,5612.590000000001,28,7,2024,Monsoon,Home Decor,Table,2022-09-07,3806.6,5612.59,96,False
SKU032,2024-07-21,75,420944.25,0,0,5612.590000000001,29,7,2024,Monsoon,Home Decor,Table,2022-09-07,3806.6,5612.59,97,False
SKU032,2024-07-28,53,297467.27,0,0,5612.590000000001,30,7,2024,Monsoon,Home Decor,Table,2022-09-07,3806.6,5612.59,98,False
SKU032,2024-08-04,46,258179.14,0,0,5612.590000000001,31,8,2024,Monsoon,Home Decor,Table,2022-09-07,3806.6,5612.59,99,False
SKU032,2024-08-11,61,342367.99,0,0,5612.590000000001,32,8,2024,Monsoon,Home Decor,Table,2022-09-07,3806.6,5612.59,100,False
SKU032,2024-08-18,54,303079.86,0,1,5612.590000000001,33,8,2024,Monsoon,Home Decor,Table,2022-09-07,3806.6,5612.59,101,False
SKU032,2024-08-25,42,235728.78000000003,0,0,5612.590000000001,34,8,2024,Monsoon,Home Decor,Table,2022-09-07,3806.6,5612.59,102,False
SKU032,2024-09-01,50,280629.5,1,0,5612.590000000001,35,9,2024,Monsoon,Home Decor,Table,2022-09-07,3806.6,5612.59,103,False
SKU032,2024-09-08,58,325530.22,2,0,5612.590000000001,36,9,2024,Monsoon,Home Decor,Table,2022-09-07,3806.6,5612.59,104,False
SKU032,2024-09-15,60,336755.4,2,0,5612.590000000001,37,9,2024,Monsoon,Home Decor,Table,2022-09-07,3806.6,5612.59,105,False
SKU032,2024-09-22,69,387268.70999999996,2,0,5612.590000000001,38,9,2024,Monsoon,Home Decor,Table,2022-09-07,3806.6,5612.59,106,False
SKU032,2024-09-29,43,241341.37,2,0,5612.590000000001,39,9,2024,Monsoon,Home Decor,Table,2022-09-07,3806.6,5612.59,107,False
SKU032,2024-10-06,50,280629.5,0,0,5612.590000000001,40,10,2024,Autumn,Home Decor,Table,2022-09-07,3806.6,5612.59,108,False
SKU032,2024-10-13,56,314305.04,0,0,5612.590000000001,41,10,2024,Autumn,Home Decor,Table,2022-09-07,3806.6,5612.59,109,False
SKU032,2024-10-20,49,275016.91,0,0,5612.590000000001,42,10,2024,Autumn,Home Decor,Table,2022-09-07,3806.6,5612.59,110,False
SKU032,2024-10-27,48,269404.32,0,0,5612.590000000001,43,10,2024,Autumn,Home Decor,Table,2022-09-07,3806.6,5612.59,111,False
SKU032,2024-11-03,51,286242.08999999997,2,1,5612.590000000001,44,11,2024,Autumn,Home Decor,Table,2022-09-07,3806.6,5612.59,112,False
SKU032,2024-11-10,68,381656.12,2,0,5612.590000000001,45,11,2024,Autumn,Home Decor,Table,2022-09-07,3806.6,5612.59,113,False
SKU032,2024-11-17,53,297467.27,2,0,5612.590000000001,46,11,2024,Autumn,Home Decor,Table,2022-09-07,3806.6,5612.59,114,False
SKU032,2024-11-24,41,230116.19,2,0,5612.590000000001,47,11,2024,Autumn,Home Decor,Table,2022-09-07,3806.6,5612.59,115,False
SKU032,2024-12-01,50,280629.5,1,0,5612.590000000001,48,12,2024,Winter,Home Decor,Table,2022-09-07,3806.6,5612.59,116,False
SKU032,2024-12-08,54,303079.86,0,0,5612.590000000001,49,12,2024,Winter,Home Decor,Table,2022-09-07,3806.6,5612.59,117,False
SKU032,2024-12-15,58,325530.22000000003,0,0,5612.590000000001,50,12,2024,Winter,Home Decor,Table,2022-09-07,3806.6,5612.59,118,False
SKU032,2024-12-22,59,331142.81,0,0,5612.590000000001,51,12,2024,Winter,Home Decor,Table,2022-09-07,3806.6,5612.59,119,False
SKU032,2024-12-29,64,359205.76,0,1,5612.590000000001,52,12,2024,Winter,Home Decor,Table,2022-09-07,3806.6,5612.59,120,False
SKU032,2025-01-05,57,319917.63,0,0,5612.590000000001,1,1,2025,Winter,Home Decor,Table,2022-09-07,3806.6,5612.59,121,False
SKU032,2025-01-12,54,303079.86,0,0,5612.590000000001,2,1,2025,Winter,Home Decor,Table,2022-09-07,3806.6,5612.59,122,False
SKU032,2025-01-19,67,376043.53,0,0,5612.590000000001,3,1,2025,Winter,Home Decor,Table,2022-09-07,3806.6,5612.59,123,False
SKU032,2025-01-26,64,359205.76,0,1,5612.590000000001,4,1,2025,Winter,Home Decor,Table,2022-09-07,3806.6,5612.59,124,False
SKU032,2025-02-02,63,353593.17000000004,0,0,5612.590000000001,5,2,2025,Winter,Home Decor,Table,2022-09-07,3806.6,5612.59,125,False
SKU032,2025-02-09,74,415331.66000000003,0,0,5612.590000000001,6,2,2025,Winter,Home Decor,Table,2022-09-07,3806.6,5612.59,126,False
SKU032,2025-02-16,63,353593.17,0,0,5612.590000000001,7,2,2025,Winter,Home Decor,Table,2022-09-07,3806.6,5612.59,127,False
SKU032,2025-02-23,80,449007.2,0,0,5612.590000000001,8,2,2025,Winter,Home Decor,Table,2022-09-07,3806.6,5612.59,128,False
SKU032,2025-03-02,73,409719.07,2,0,5612.590000000001,9,3,2025,Spring,Home Decor,Table,2022-09-07,3806.6,5612.59,129,False
SKU032,2025-03-09,58,325530.22,2,0,5612.590000000001,10,3,2025,Spring,Home Decor,Table,2022-09-07,3806.6,5612.59,130,False
SKU032,2025-03-16,98,550033.8200000001,2,0,5612.590000000001,11,3,2025,Spring,Home Decor,Table,2022-09-07,3806.6,5612.59,131,False
SKU032,2025-03-23,83,465844.97,2,0,5612.590000000001,12,3,2025,Spring,Home Decor,Table,2022-09-07,3806.6,5612.59,132,False
SKU032,2025-03-30,74,415331.66000000003,2,0,5612.590000000001,13,3,2025,Spring,Home Decor,Table,2022-09-07,3806.6,5612.59,133,False
SKU032,2025-04-06,68,381656.12,0,0,5612.590000000001,14,4,2025,Spring,Home Decor,Table,2022-09-07,3806.6,5612.59,134,False
SKU032,2025-04-13,78,437782.02,0,0,5612.590000000001,15,4,2025,Spring,Home Decor,Table,2022-09-07,3806.6,5612.59,135,False
SKU032,2025-04-20,92,516358.28,0,0,5612.590000000001,16,4,2025,Spring,Home Decor,Table,2022-09-07,3806.6,5612.59,136,False
SKU032,2025-04-27,71,398493.89,0,0,5612.590000000001,17,4,2025,Spring,Home Decor,Table,2022-09-07,3806.6,5612.59,137,False
SKU032,2025-05-04,89,499520.51,0,0,5612.590000000001,18,5,2025,Summer,Home Decor,Table,2022-09-07,3806.6,5612.59,138,False
SKU032,2025-05-11,94,527583.46,0,0,5612.590000000001,19,5,2025,Summer,Home Decor,Table,2022-09-07,3806.6,5612.59,139,False
SKU032,2025-05-18,73,409719.07,0,0,5612.590000000001,20,5,2025,Summer,Home Decor,Table,2022-09-07,3806.6,5612.59,140,False
SKU032,2025-05-25,69,387268.71,0,0,5612.590000000001,21,5,2025,Summer,Home Decor,Table,2022-09-07,3806.6,5612.59,141,False
SKU032,2025-06-01,79,443394.61,1,0,5612.590000000001,22,6,2025,Summer,Home Decor,Table,2022-09-07,3806.6,5612.59,142,False
SKU032,2025-06-08,77,432169.43,2,0,5612.590000000001,23,6,2025,Summer,Home Decor,Table,2022-09-07,3806.6,5612.59,143,False
SKU032,2025-06-15,78,437782.02,2,0,5612.590000000001,24,6,2025,Summer,Home Decor,Table,2022-09-07,3806.6,5612.59,144,False
SKU032,2025-06-22,74,415331.66,2,0,5612.590000000001,25,6,2025,Summer,Home Decor,Table,2022-09-07,3806.6,5612.59,145,False
SKU032,2025-06-29,55,308692.45,2,0,5612.590000000001,26,6,2025,Summer,Home Decor,Table,2022-09-07,3806.6,5612.59,146,False
SKU032,2025-07-06,70,392881.3,0,0,5612.590000000001,27,7,2025,Monsoon,Home Decor,Table,2022-09-07,3806.6,5612.59,147,False
SKU032,2025-07-13,63,353593.17,0,0,5612.590000000001,28,7,2025,Monsoon,Home Decor,Table,2022-09-07,3806.6,5612.59,148,False
SKU032,2025-07-20,54,303079.86,0,0,5612.590000000001,29,7,2025,Monsoon,Home Decor,Table,2022-09-07,3806.6,5612.59,149,False
SKU032,2025-07-27,52,291854.68,0,0,5612.590000000001,30,7,2025,Monsoon,Home Decor,Table,2022-09-07,3806.6,5612.59,150,False
SKU032,2025-08-03,80,449007.2,0,0,5612.590000000001,31,8,2025,Monsoon,Home Decor,Table,2022-09-07,3806.6,5612.59,151,False
SKU032,2025-08-10,51,286242.09,0,0,5612.590000000001,32,8,2025,Monsoon,Home Decor,Table,2022-09-07,3806.6,5612.59,152,False
SKU032,2025-08-17,65,364818.35,0,1,5612.590000000001,33,8,2025,Monsoon,Home Decor,Table,2022-09-07,3806.6,5612.59,153,False
SKU032,2025-08-24,51,286242.09,0,0,5612.590000000001,34,8,2025,Monsoon,Home Decor,Table,2022-09-07,3806.6,5612.59,154,False
SKU032,2025-08-31,55,308692.45,0,0,5612.590000000001,35,8,2025,Monsoon,Home Decor,Table,2022-09-07,3806.6,5612.59,155,False
SKU032,2025-09-07,48,269404.32,2,0,5612.590000000001,36,9,2025,Monsoon,Home Decor,Table,2022-09-07,3806.6,5612.59,156,False
SKU032,2025-09-14,76,426556.83999999997,2,0,5612.590000000001,37,9,2025,Monsoon,Home Decor,Table,2022-09-07,3806.6,5612.59,157,False
SKU032,2025-09-21,57,319917.63,2,0,5612.590000000001,38,9,2025,Monsoon,Home Decor,Table,2022-09-07,3806.6,5612.59,158,False
SKU032,2025-09-28,60,336755.4,2,0,5612.590000000001,39,9,2025,Monsoon,Home Decor,Table,2022-09-07,3806.6,5612.59,159,False
SKU032,2025-10-05,44,246953.96,0,0,5612.590000000001,40,10,2025,Autumn,Home Decor,Table,2022-09-07,3806.6,5612.59,160,False
SKU032,2025-10-12,50,280629.5,0,0,5612.590000000001,41,10,2025,Autumn,Home Decor,Table,2022-09-07,3806.6,5612.59,161,False
SKU032,2025-10-19,48,269404.32,0,0,5612.590000000001,42,10,2025,Autumn,Home Decor,Table,2022-09-07,3806.6,5612.59,162,False
SKU032,2025-10-26,52,291854.68,0,1,5612.590000000001,43,10,2025,Autumn,Home Decor,Table,2022-09-07,3806.6,5612.59,163,False
SKU032,2025-11-02,67,376043.52999999997,2,0,5612.590000000001,44,11,2025,Autumn,Home Decor,Table,2022-09-07,3806.6,5612.59,164,False
SKU032,2025-11-09,61,342367.99,2,0,5612.590000000001,45,11,2025,Autumn,Home Decor,Table,2022-09-07,3806.6,5612.59,165,False
SKU032,2025-11-16,54,303079.86,2,0,5612.590000000001,46,11,2025,Autumn,Home Decor,Table,2022-09-07,3806.6,5612.59,166,False
SKU032,2025-11-23,70,392881.3,2,0,5612.590000000001,47,11,2025,Autumn,Home Decor,Table,2022-09-07,3806.6,5612.59,167,False
SKU032,2025-11-30,50,280629.5,2,0,5612.590000000001,48,11,2025,Autumn,Home Decor,Table,2022-09-07,3806.6,5612.59,168,False
SKU032,2025-12-07,60,336755.4,0,0,5612.590000000001,49,12,2025,Winter,Home Decor,Table,2022-09-07,3806.6,5612.59,169,True
SKU032,2025-12-14,56,314305.04,0,0,5612.590000000001,50,12,2025,Winter,Home Decor,Table,2022-09-07,3806.6,5612.59,170,True
SKU032,2025-12-21,68,381656.12,0,0,5612.590000000001,51,12,2025,Winter,Home Decor,Table,2022-09-07,3806.6,5612.59,171,True
SKU032,2025-12-28,51,286242.09,0,1,5612.590000000001,52,12,2025,Winter,Home Decor,Table,2022-09-07,3806.6,5612.59,172,True
SKU033,2024-01-07,114,405612.0,0,0,3558.0,1,1,2024,Winter,Kitchen,Cushion,2022-04-12,4657.74,3558.0,90,False
SKU033,2024-01-14,133,473214.0,0,0,3558.0,2,1,2024,Winter,Kitchen,Cushion,2022-04-12,4657.74,3558.0,91,False
SKU033,2024-01-21,132,469656.0,0,0,3558.0,3,1,2024,Winter,Kitchen,Cushion,2022-04-12,4657.74,3558.0,92,False
SKU033,2024-01-28,127,451866.0,0,1,3558.0,4,1,2024,Winter,Kitchen,Cushion,2022-04-12,4657.74,3558.0,93,False
SKU033,2024-02-04,123,437634.0,0,0,3558.0,5,2,2024,Winter,Kitchen,Cushion,2022-04-12,4657.74,3558.0,94,False
SKU033,2024-02-11,144,512352.0,0,0,3558.0,6,2,2024,Winter,Kitchen,Cushion,2022-04-12,4657.74,3558.0,95,False
SKU033,2024-02-18,105,373590.0,0,0,3558.0,7,2,2024,Winter,Kitchen,Cushion,2022-04-12,4657.74,3558.0,96,False
SKU033,2024-02-25,125,444750.0,0,0,3558.0,8,2,2024,Winter,Kitchen,Cushion,2022-04-12,4657.74,3558.0,97,False
SKU033,2024-03-03,125,444750.0,2,0,3558.0,9,3,2024,Spring,Kitchen,Cushion,2022-04-12,4657.74,3558.0,98,False
SKU033,2024-03-10,149,530142.0,2,0,3558.0,10,3,2024,Spring,Kitchen,Cushion,2022-04-12,4657.74,3558.0,99,False
SKU033,2024-03-17,160,569280.0,2,0,3558.0,11,3,2024,Spring,Kitchen,Cushion,2022-04-12,4657.74,3558.0,100,False
SKU033,2024-03-24,151,537258.0,2,0,3558.0,12,3,2024,Spring,Kitchen,Cushion,2022-04-12,4657.74,3558.0,101,False
SKU033,2024-03-31,162,576396.0,2,0,3558.0,13,3,2024,Spring,Kitchen,Cushion,2022-04-12,4657.74,3558.0,102,False
SKU033,2024-04-07,164,583512.0,0,0,3558.0,14,4,2024,Spring,Kitchen,Cushion,2022-04-12,4657.74,3558.0,103,False
SKU033,2024-04-14,178,633324.0,0,0,3558.0,15,4,2024,Spring,Kitchen,Cushion,2022-04-12,4657.74,3558.0,104,False
SKU033,2024-04-21,148,526584.0,0,0,3558.0,16,4,2024,Spring,Kitchen,Cushion,2022-04-12,4657.74,3558.0,105,False
SKU033,2024-04-28,119,423402.0,0,0,3558.0,17,4,2024,Spring,Kitchen,Cushion,2022-04-12,4657.74,3558.0,106,False
SKU033,2024-05-05,138,491004.0,0,0,3558.0,18,5,2024,Summer,Kitchen,Cushion,2022-04-12,4657.74,3558.0,107,False
SKU033,2024-05-12,155,551490.0,0,0,3558.0,19,5,2024,Summer,Kitchen,Cushion,2022-04-12,4657.74,3558.0,108,False
SKU033,2024-05-19,150,533700.0,0,0,3558.0,20,5,2024,Summer,Kitchen,Cushion,2022-04-12,4657.74,3558.0,109,False
SKU033,2024-05-26,120,426960.0,0,0,3558.0,21,5,2024,Summer,Kitchen,Cushion,2022-04-12,4657.74,3558.0,110,False
SKU033,2024-06-02,145,515910.0,2,0,3558.0,22,6,2024,Summer,Kitchen,Cushion,2022-04-12,4657.74,3558.0,111,False
SKU033,2024-06-09,146,519468.0,2,0,3558.0,23,6,2024,Summer,Kitchen,Cushion,2022-04-12,4657.74,3558.0,112,False
SKU033,2024-06-16,152,540816.0,2,0,3558.0,24,6,2024,Summer,Kitchen,Cushion,2022-04-12,4657.74,3558.0,113,False
SKU033,2024-06-23,158,562164.0,2,0,3558.0,25,6,2024,Summer,Kitchen,Cushion,2022-04-12,4657.74,3558.0,114,False
SKU033,2024-06-30,146,519468.0,2,0,3558.0,26,6,2024,Summer,Kitchen,Cushion,2022-04-12,4657.74,3558.0,115,False
SKU033,2024-07-07,134,476772.0,0,0,3558.0,27,7,2024,Monsoon,Kitchen,Cushion,2022-04-12,4657.74,3558.0,116,False
SKU033,2024-07-14,136,483888.0,0,0,3558.0,28,7,2024,Monsoon,Kitchen,Cushion,2022-04-12,4657.74,3558.0,117,False
SKU033,2024-07-21,122,434076.0,0,0,3558.0,29,7,2024,Monsoon,Kitchen,Cushion,2022-04-12,4657.74,3558.0,118,False
SKU033,2024-07-28,125,444750.0,0,0,3558.0,30,7,2024,Monsoon,Kitchen,Cushion,2022-04-12,4657.74,3558.0,119,False
SKU033,2024-08-04,112,398496.0,0,0,3558.0,31,8,2024,Monsoon,Kitchen,Cushion,2022-04-12,4657.74,3558.0,120,False
SKU033,2024-08-11,107,380706.0,0,0,3558.0,32,8,2024,Monsoon,Kitchen,Cushion,2022-04-12,4657.74,3558.0,121,False
SKU033,2024-08-18,103,366474.0,0,1,3558.0,33,8,2024,Monsoon,Kitchen,Cushion,2022-04-12,4657.74,3558.0,122,False
SKU033,2024-08-25,109,387822.0,0,0,3558.0,34,8,2024,Monsoon,Kitchen,Cushion,2022-04-12,4657.74,3558.0,123,False
SKU033,2024-09-01,107,380706.0,1,0,3558.0,35,9,2024,Monsoon,Kitchen,Cushion,2022-04-12,4657.74,3558.0,124,False
SKU033,2024-09-08,109,387822.0,2,0,3558.0,36,9,2024,Monsoon,Kitchen,Cushion,2022-04-12,4657.74,3558.0,125,False
SKU033,2024-09-15,107,380706.0,2,0,3558.0,37,9,2024,Monsoon,Kitchen,Cushion,2022-04-12,4657.74,3558.0,126,False
SKU033,2024-09-22,88,313104.0,2,0,3558.0,38,9,2024,Monsoon,Kitchen,Cushion,2022-04-12,4657.74,3558.0,127,False
SKU033,2024-09-29,106,377148.0,2,0,3558.0,39,9,2024,Monsoon,Kitchen,Cushion,2022-04-12,4657.74,3558.0,128,False
SKU033,2024-10-06,94,334452.0,0,0,3558.0,40,10,2024,Autumn,Kitchen,Cushion,2022-04-12,4657.74,3558.0,129,False
SKU033,2024-10-13,95,338010.0,0,0,3558.0,41,10,2024,Autumn,Kitchen,Cushion,2022-04-12,4657.74,3558.0,130,False
SKU033,2024-10-20,104,370032.0,0,0,3558.0,42,10,2024,Autumn,Kitchen,Cushion,2022-04-12,4657.74,3558.0,131,False
SKU033,2024-10-27,114,405612.0,0,0,3558.0,43,10,2024,Autumn,Kitchen,Cushion,2022-04-12,4657.74,3558.0,132,False
SKU033,2024-11-03,118,419844.0,2,1,3558.0,44,11,2024,Autumn,Kitchen,Cushion,2022-04-12,4657.74,3558.0,133,False
SKU033,2024-11-10,123,437634.0,2,0,3558.0,45,11,2024,Autumn,Kitchen,Cushion,2022-04-12,4657.74,3558.0,134,False
SKU033,2024-11-17,103,366474.0,2,0,3558.0,46,11,2024,Autumn,Kitchen,Cushion,2022-04-12,4657.74,3558.0,135,False
SKU033,2024-11-24,109,387822.0,2,0,3558.0,47,11,2024,Autumn,Kitchen,Cushion,2022-04-12,4657.74,3558.0,136,False
SKU033,2024-12-01,86,305988.0,1,0,3558.0,48,12,2024,Winter,Kitchen,Cushion,2022-04-12,4657.74,3558.0,137,False
SKU033,2024-12-08,107,380706.0,0,0,3558.0,49,12,2024,Winter,Kitchen,Cushion,2022-04-12,4657.74,3558.0,138,False
SKU033,2024-12-15,127,451866.0,0,0,3558.0,50,12,2024,Winter,Kitchen,Cushion,2022-04-12,4657.74,3558.0,139,False
SKU033,2024-12-22,120,426960.0,0,0,3558.0,51,12,2024,Winter,Kitchen,Cushion,2022-04-12,4657.74,3558.0,140,False
SKU033,2024-12-29,108,384264.0,0,1,3558.0,52,12,2024,Winter,Kitchen,Cushion,2022-04-12,4657.74,3558.0,141,False
SKU033,2025-01-05,103,366474.0,0,0,3558.0,1,1,2025,Winter,Kitchen,Cushion,2022-04-12,4657.74,3558.0,142,False
SKU033,2025-01-12,123,437634.0,0,0,3558.0,2,1,2025,Winter,Kitchen,Cushion,2022-04-12,4657.74,3558.0,143,False
SKU033,2025-01-19,138,491004.0,0,0,3558.0,3,1,2025,Winter,Kitchen,Cushion,2022-04-12,4657.74,3558.0,144,False
SKU033,2025-01-26,129,458982.0,0,1,3558.0,4,1,2025,Winter,Kitchen,Cushion,2022-04-12,4657.74,3558.0,145,False
SKU033,2025-02-02,139,494562.0,0,0,3558.0,5,2,2025,Winter,Kitchen,Cushion,2022-04-12,4657.74,3558.0,146,False
SKU033,2025-02-09,146,519468.0,0,0,3558.0,6,2,2025,Winter,Kitchen,Cushion,2022-04-12,4657.74,3558.0,147,False
SKU033,2025-02-16,127,451866.0,0,0,3558.0,7,2,2025,Winter,Kitchen,Cushion,2022-04-12,4657.74,3558.0,148,False
SKU033,2025-02-23,129,458982.0,0,0,3558.0,8,2,2025,Winter,Kitchen,Cushion,2022-04-12,4657.74,3558.0,149,False
SKU033,2025-03-02,138,491004.0,2,0,3558.0,9,3,2025,Spring,Kitchen,Cushion,2022-04-12,4657.74,3558.0,150,False
SKU033,2025-03-09,154,547932.0,2,0,3558.0,10,3,2025,Spring,Kitchen,Cushion,2022-04-12,4657.74,3558.0,151,False
SKU033,2025-03-16,160,569280.0,2,0,3558.0,11,3,2025,Spring,Kitchen,Cushion,2022-04-12,4657.74,3558.0,152,False
SKU033,2025-03-23,149,530142.0,2,0,3558.0,12,3,2025,Spring,Kitchen,Cushion,2022-04-12,4657.74,3558.0,153,False
SKU033,2025-03-30,179,636882.0,2,0,3558.0,13,3,2025,Spring,Kitchen,Cushion,2022-04-12,4657.74,3558.0,154,False
SKU033,2025-04-06,156,555048.0,0,0,3558.0,14,4,2025,Spring,Kitchen,Cushion,2022-04-12,4657.74,3558.0,155,False
SKU033,2025-04-13,159,565722.0,0,0,3558.0,15,4,2025,Spring,Kitchen,Cushion,2022-04-12,4657.74,3558.0,156,False
SKU033,2025-04-20,130,462540.0,0,0,3558.0,16,4,2025,Spring,Kitchen,Cushion,2022-04-12,4657.74,3558.0,157,False
SKU033,2025-04-27,159,565722.0,0,0,3558.0,17,4,2025,Spring,Kitchen,Cushion,2022-04-12,4657.74,3558.0,158,False
SKU033,2025-05-04,152,540816.0,0,0,3558.0,18,5,2025,Summer,Kitchen,Cushion,2022-04-12,4657.74,3558.0,159,False
SKU033,2025-05-11,154,547932.0,0,0,3558.0,19,5,2025,Summer,Kitchen,Cushion,2022-04-12,4657.74,3558.0,160,False
SKU033,2025-05-18,140,498120.0,0,0,3558.0,20,5,2025,Summer,Kitchen,Cushion,2022-04-12,4657.74,3558.0,161,False
SKU033,2025-05-25,132,469656.0,0,0,3558.0,21,5,2025,Summer,Kitchen,Cushion,2022-04-12,4657.74,3558.0,162,False
SKU033,2025-06-01,155,551490.0,1,0,3558.0,22,6,2025,Summer,Kitchen,Cushion,2022-04-12,4657.74,3558.0,163,False
SKU033,2025-06-08,132,469656.0,2,0,3558.0,23,6,2025,Summer,Kitchen,Cushion,2022-04-12,4657.74,3558.0,164,False
SKU033,2025-06-15,154,547932.0,2,0,3558.0,24,6,2025,Summer,Kitchen,Cushion,2022-04-12,4657.74,3558.0,165,False
SKU033,2025-06-22,165,587070.0,2,0,3558.0,25,6,2025,Summer,Kitchen,Cushion,2022-04-12,4657.74,3558.0,166,False
SKU033,2025-06-29,145,515910.0,2,0,3558.0,26,6,2025,Summer,Kitchen,Cushion,2022-04-12,4657.74,3558.0,167,False
SKU033,2025-07-06,137,487446.0,0,0,3558.0,27,7,2025,Monsoon,Kitchen,Cushion,2022-04-12,4657.74,3558.0,168,False
SKU033,2025-07-13,118,419844.0,0,0,3558.0,28,7,2025,Monsoon,Kitchen,Cushion,2022-04-12,4657.74,3558.0,169,False
SKU033,2025-07-20,121,430518.0,0,0,3558.0,29,7,2025,Monsoon,Kitchen,Cushion,2022-04-12,4657.74,3558.0,170,False
SKU033,2025-07-27,119,423402.0,0,0,3558.0,30,7,2025,Monsoon,Kitchen,Cushion,2022-04-12,4657.74,3558.0,171,False
SKU033,2025-08-03,112,398496.0,0,0,3558.0,31,8,2025,Monsoon,Kitchen,Cushion,2022-04-12,4657.74,3558.0,172,False
SKU033,2025-08-10,110,391380.0,0,0,3558.0,32,8,2025,Monsoon,Kitchen,Cushion,2022-04-12,4657.74,3558.0,173,False
SKU033,2025-08-17,96,341568.0,0,1,3558.0,33,8,2025,Monsoon,Kitchen,Cushion,2022-04-12,4657.74,3558.0,174,False
SKU033,2025-08-24,113,402054.0,0,0,3558.0,34,8,2025,Monsoon,Kitchen,Cushion,2022-04-12,4657.74,3558.0,175,False
SKU033,2025-08-31,115,409170.0,0,0,3558.0,35,8,2025,Monsoon,Kitchen,Cushion,2022-04-12,4657.74,3558.0,176,False
SKU033,2025-09-07,97,345126.0,2,0,3558.0,36,9,2025,Monsoon,Kitchen,Cushion,2022-04-12,4657.74,3558.0,177,False
SKU033,2025-09-14,126,448308.0,2,0,3558.0,37,9,2025,Monsoon,Kitchen,Cushion,2022-04-12,4657.74,3558.0,178,False
SKU033,2025-09-21,110,391380.0,2,0,3558.0,38,9,2025,Monsoon,Kitchen,Cushion,2022-04-12,4657.74,3558.0,179,False
SKU033,2025-09-28,125,444750.0,2,0,3558.0,39,9,2025,Monsoon,Kitchen,Cushion,2022-04-12,4657.74,3558.0,180,False
SKU033,2025-10-05,102,362916.0,0,0,3558.0,40,10,2025,Autumn,Kitchen,Cushion,2022-04-12,4657.74,3558.0,181,False
SKU033,2025-10-12,88,313104.0,0,0,3558.0,41,10,2025,Autumn,Kitchen,Cushion,2022-04-12,4657.74,3558.0,182,False
SKU033,2025-10-19,100,355800.0,0,0,3558.0,42,10,2025,Autumn,Kitchen,Cushion,2022-04-12,4657.74,3558.0,183,False
SKU033,2025-10-26,95,338010.0,0,1,3558.0,43,10,2025,Autumn,Kitchen,Cushion,2022-04-12,4657.74,3558.0,184,False
SKU033,2025-11-02,95,338010.0,2,0,3558.0,44,11,2025,Autumn,Kitchen,Cushion,2022-04-12,4657.74,3558.0,185,False
SKU033,2025-11-09,119,423402.0,2,0,3558.0,45,11,2025,Autumn,Kitchen,Cushion,2022-04-12,4657.74,3558.0,186,False
SKU033,2025-11-16,116,412728.0,2,0,3558.0,46,11,2025,Autumn,Kitchen,Cushion,2022-04-12,4657.74,3558.0,187,False
SKU033,2025-11-23,120,426960.0,2,0,3558.0,47,11,2025,Autumn,Kitchen,Cushion,2022-04-12,4657.74,3558.0,188,False
SKU033,2025-11-30,121,430518.0,2,0,3558.0,48,11,2025,Autumn,Kitchen,Cushion,2022-04-12,4657.74,3558.0,189,False
SKU033,2025-12-07,117,416286.0,0,0,3558.0,49,12,2025,Winter,Kitchen,Cushion,2022-04-12,4657.74,3558.0,190,True
SKU033,2025-12-14,109,387822.0,0,0,3558.0,50,12,2025,Winter,Kitchen,Cushion,2022-04-12,4657.74,3558.0,191,True
SKU033,2025-12-21,116,412728.0,0,0,3558.0,51,12,2025,Winter,Kitchen,Cushion,2022-04-12,4657.74,3558.0,192,True
SKU033,2025-12-28,96,341568.0,0,1,3558.0,52,12,2025,Winter,Kitchen,Cushion,2022-04-12,4657.74,3558.0,193,True
SKU034,2024-01-07,131,198876.34,0,0,1518.14,1,1,2024,Winter,Lighting,Cookware,2023-09-03,1333.43,1518.14,18,False
SKU034,2024-01-14,146,221648.44,0,0,1518.14,2,1,2024,Winter,Lighting,Cookware,2023-09-03,1333.43,1518.14,19,False
SKU034,2024-01-21,137,207985.18,0,0,1518.14,3,1,2024,Winter,Lighting,Cookware,2023-09-03,1333.43,1518.14,20,False
SKU034,2024-01-28,126,191285.64,0,1,1518.14,4,1,2024,Winter,Lighting,Cookware,2023-09-03,1333.43,1518.14,21,False
SKU034,2024-02-04,153,232275.41999999998,0,0,1518.14,5,2,2024,Winter,Lighting,Cookware,2023-09-03,1333.43,1518.14,22,False
SKU034,2024-02-11,160,242902.40000000002,0,0,1518.14,6,2,2024,Winter,Lighting,Cookware,2023-09-03,1333.43,1518.14,23,False
SKU034,2024-02-18,142,215575.88,0,0,1518.14,7,2,2024,Winter,Lighting,Cookware,2023-09-03,1333.43,1518.14,24,False
SKU034,2024-02-25,132,200394.48,0,0,1518.14,8,2,2024,Winter,Lighting,Cookware,2023-09-03,1333.43,1518.14,25,False
SKU034,2024-03-03,155,235311.7,2,0,1518.14,9,3,2024,Spring,Lighting,Cookware,2023-09-03,1333.43,1518.14,26,False
SKU034,2024-03-10,163,247456.82,2,0,1518.14,10,3,2024,Spring,Lighting,Cookware,2023-09-03,1333.43,1518.14,27,False
SKU034,2024-03-17,161,244420.54,2,0,1518.14,11,3,2024,Spring,Lighting,Cookware,2023-09-03,1333.43,1518.14,28,False
SKU034,2024-03-24,171,259601.94,2,0,1518.14,12,3,2024,Spring,Lighting,Cookware,2023-09-03,1333.43,1518.14,29,False
SKU034,2024-03-31,167,253529.38,2,0,1518.14,13,3,2024,Spring,Lighting,Cookware,2023-09-03,1333.43,1518.14,30,False
SKU034,2024-04-07,179,271747.06,0,0,1518.14,14,4,2024,Spring,Lighting,Cookware,2023-09-03,1333.43,1518.14,31,False
SKU034,2024-04-14,174,264156.36,0,0,1518.14,15,4,2024,Spring,Lighting,Cookware,2023-09-03,1333.43,1518.14,32,False
SKU034,2024-04-21,162,245938.68,0,0,1518.14,16,4,2024,Spring,Lighting,Cookware,2023-09-03,1333.43,1518.14,33,False
SKU034,2024-04-28,160,242902.40000000002,0,0,1518.14,17,4,2024,Spring,Lighting,Cookware,2023-09-03,1333.43,1518.14,34,False
SKU034,2024-05-05,170,258083.8,0,0,1518.14,18,5,2024,Summer,Lighting,Cookware,2023-09-03,1333.43,1518.14,35,False
SKU034,2024-05-12,153,232275.41999999998,0,0,1518.14,19,5,2024,Summer,Lighting,Cookware,2023-09-03,1333.43,1518.14,36,False
SKU034,2024-05-19,163,247456.82,0,0,1518.14,20,5,2024,Summer,Lighting,Cookware,2023-09-03,1333.43,1518.14,37,False
SKU034,2024-05-26,147,223166.58000000002,0,0,1518.14,21,5,2024,Summer,Lighting,Cookware,2023-09-03,1333.43,1518.14,38,False
SKU034,2024-06-02,170,258083.8,2,0,1518.14,22,6,2024,Summer,Lighting,Cookware,2023-09-03,1333.43,1518.14,39,False
SKU034,2024-06-09,171,259601.94,2,0,1518.14,23,6,2024,Summer,Lighting,Cookware,2023-09-03,1333.43,1518.14,40,False
SKU034,2024-06-16,165,250493.1,2,0,1518.14,24,6,2024,Summer,Lighting,Cookware,2023-09-03,1333.43,1518.14,41,False
SKU034,2024-06-23,170,258083.8,2,0,1518.14,25,6,2024,Summer,Lighting,Cookware,2023-09-03,1333.43,1518.14,42,False
SKU034,2024-06-30,181,274783.34,2,0,1518.14,26,6,2024,Summer,Lighting,Cookware,2023-09-03,1333.43,1518.14,43,False
SKU034,2024-07-07,148,224684.72,0,0,1518.14,27,7,2024,Monsoon,Lighting,Cookware,2023-09-03,1333.43,1518.14,44,False
SKU034,2024-07-14,120,182176.80000000002,0,0,1518.14,28,7,2024,Monsoon,Lighting,Cookware,2023-09-03,1333.43,1518.14,45,False
SKU034,2024-07-21,127,192803.78,0,0,1518.14,29,7,2024,Monsoon,Lighting,Cookware,2023-09-03,1333.43,1518.14,46,False
SKU034,2024-07-28,132,200394.48,0,0,1518.14,30,7,2024,Monsoon,Lighting,Cookware,2023-09-03,1333.43,1518.14,47,False
SKU034,2024-08-04,117,177622.38,0,0,1518.14,31,8,2024,Monsoon,Lighting,Cookware,2023-09-03,1333.43,1518.14,48,False
SKU034,2024-08-11,129,195840.06,0,0,1518.14,32,8,2024,Monsoon,Lighting,Cookware,2023-09-03,1333.43,1518.14,49,False
SKU034,2024-08-18,120,182176.8,0,1,1518.14,33,8,2024,Monsoon,Lighting,Cookware,2023-09-03,1333.43,1518.14,50,False
SKU034,2024-08-25,95,144223.3,0,0,1518.14,34,8,2024,Monsoon,Lighting,Cookware,2023-09-03,1333.43,1518.14,51,False
SKU034,2024-09-01,115,174586.1,1,0,1518.14,35,9,2024,Monsoon,Lighting,Cookware,2023-09-03,1333.43,1518.14,52,False
SKU034,2024-09-08,110,166995.4,2,0,1518.14,36,9,2024,Monsoon,Lighting,Cookware,2023-09-03,1333.43,1518.14,53,False
SKU034,2024-09-15,150,227721.0,2,0,1518.14,37,9,2024,Monsoon,Lighting,Cookware,2023-09-03,1333.43,1518.14,54,False
SKU034,2024-09-22,153,232275.41999999998,2,0,1518.14,38,9,2024,Monsoon,Lighting,Cookware,2023-09-03,1333.43,1518.14,55,False
SKU034,2024-09-29,111,168513.54,2,0,1518.14,39,9,2024,Monsoon,Lighting,Cookware,2023-09-03,1333.43,1518.14,56,False
SKU034,2024-10-06,118,179140.52,0,0,1518.14,40,10,2024,Autumn,Lighting,Cookware,2023-09-03,1333.43,1518.14,57,False
SKU034,2024-10-13,99,150295.86,0,0,1518.14,41,10,2024,Autumn,Lighting,Cookware,2023-09-03,1333.43,1518.14,58,False
SKU034,2024-10-20,116,176104.24,0,0,1518.14,42,10,2024,Autumn,Lighting,Cookware,2023-09-03,1333.43,1518.14,59,False
SKU034,2024-10-27,111,168513.54,0,0,1518.14,43,10,2024,Autumn,Lighting,Cookware,2023-09-03,1333.43,1518.14,60,False
SKU034,2024-11-03,137,207985.18,2,1,1518.14,44,11,2024,Autumn,Lighting,Cookware,2023-09-03,1333.43,1518.14,61,False
SKU034,2024-11-10,122,185213.08000000002,2,0,1518.14,45,11,2024,Autumn,Lighting,Cookware,2023-09-03,1333.43,1518.14,62,False
SKU034,2024-11-17,131,198876.34,2,0,1518.14,46,11,2024,Autumn,Lighting,Cookware,2023-09-03,1333.43,1518.14,63,False
SKU034,2024-11-24,121,183694.94,2,0,1518.14,47,11,2024,Autumn,Lighting,Cookware,2023-09-03,1333.43,1518.14,64,False
SKU034,2024-12-01,142,215575.88,1,0,1518.14,48,12,2024,Winter,Lighting,Cookware,2023-09-03,1333.43,1518.14,65,False
SKU034,2024-12-08,128,194321.91999999998,0,0,1518.14,49,12,2024,Winter,Lighting,Cookware,2023-09-03,1333.43,1518.14,66,False
SKU034,2024-12-15,137,207985.18,0,0,1518.14,50,12,2024,Winter,Lighting,Cookware,2023-09-03,1333.43,1518.14,67,False
SKU034,2024-12-22,114,173067.96000000002,0,0,1518.14,51,12,2024,Winter,Lighting,Cookware,2023-09-03,1333.43,1518.14,68,False
SKU034,2024-12-29,127,192803.78,0,1,1518.14,52,12,2024,Winter,Lighting,Cookware,2023-09-03,1333.43,1518.14,69,False
SKU034,2025-01-05,129,195840.06,0,0,1518.14,1,1,2025,Winter,Lighting,Cookware,2023-09-03,1333.43,1518.14,70,False
SKU034,2025-01-12,128,194321.92,0,0,1518.14,2,1,2025,Winter,Lighting,Cookware,2023-09-03,1333.43,1518.14,71,False
SKU034,2025-01-19,134,203430.76,0,0,1518.14,3,1,2025,Winter,Lighting,Cookware,2023-09-03,1333.43,1518.14,72,False
SKU034,2025-01-26,148,224684.72,0,1,1518.14,4,1,2025,Winter,Lighting,Cookware,2023-09-03,1333.43,1518.14,73,False
SKU034,2025-02-02,142,215575.88,0,0,1518.14,5,2,2025,Winter,Lighting,Cookware,2023-09-03,1333.43,1518.14,74,False
SKU034,2025-02-09,145,220130.3,0,0,1518.14,6,2,2025,Winter,Lighting,Cookware,2023-09-03,1333.43,1518.14,75,False
SKU034,2025-02-16,160,242902.4,0,0,1518.14,7,2,2025,Winter,Lighting,Cookware,2023-09-03,1333.43,1518.14,76,False
SKU034,2025-02-23,163,247456.82,0,0,1518.14,8,2,2025,Winter,Lighting,Cookware,2023-09-03,1333.43,1518.14,77,False
SKU034,2025-03-02,153,232275.41999999998,2,0,1518.14,9,3,2025,Spring,Lighting,Cookware,2023-09-03,1333.43,1518.14,78,False
SKU034,2025-03-09,176,267192.64,2,0,1518.14,10,3,2025,Spring,Lighting,Cookware,2023-09-03,1333.43,1518.14,79,False
SKU034,2025-03-16,197,299073.58,2,0,1518.14,11,3,2025,Spring,Lighting,Cookware,2023-09-03,1333.43,1518.14,80,False
SKU034,2025-03-23,170,258083.8,2,0,1518.14,12,3,2025,Spring,Lighting,Cookware,2023-09-03,1333.43,1518.14,81,False
SKU034,2025-03-30,176,267192.64,2,0,1518.14,13,3,2025,Spring,Lighting,Cookware,2023-09-03,1333.43,1518.14,82,False
SKU034,2025-04-06,159,241384.26,0,0,1518.14,14,4,2025,Spring,Lighting,Cookware,2023-09-03,1333.43,1518.14,83,False
SKU034,2025-04-13,150,227721.0,0,0,1518.14,15,4,2025,Spring,Lighting,Cookware,2023-09-03,1333.43,1518.14,84,False
SKU034,2025-04-20,156,236829.84,0,0,1518.14,16,4,2025,Spring,Lighting,Cookware,2023-09-03,1333.43,1518.14,85,False
SKU034,2025-04-27,170,258083.8,0,0,1518.14,17,4,2025,Spring,Lighting,Cookware,2023-09-03,1333.43,1518.14,86,False
SKU034,2025-05-04,150,227721.0,0,0,1518.14,18,5,2025,Summer,Lighting,Cookware,2023-09-03,1333.43,1518.14,87,False
SKU034,2025-05-11,127,192803.78,0,0,1518.14,19,5,2025,Summer,Lighting,Cookware,2023-09-03,1333.43,1518.14,88,False
SKU034,2025-05-18,171,259601.94,0,0,1518.14,20,5,2025,Summer,Lighting,Cookware,2023-09-03,1333.43,1518.14,89,False
SKU034,2025-05-25,162,245938.68,0,0,1518.14,21,5,2025,Summer,Lighting,Cookware,2023-09-03,1333.43,1518.14,90,False
SKU034,2025-06-01,180,273265.2,1,0,1518.14,22,6,2025,Summer,Lighting,Cookware,2023-09-03,1333.43,1518.14,91,False
SKU034,2025-06-08,163,247456.82,2,0,1518.14,23,6,2025,Summer,Lighting,Cookware,2023-09-03,1333.43,1518.14,92,False
SKU034,2025-06-15,162,245938.68,2,0,1518.14,24,6,2025,Summer,Lighting,Cookware,2023-09-03,1333.43,1518.14,93,False
SKU034,2025-06-22,163,247456.82,2,0,1518.14,25,6,2025,Summer,Lighting,Cookware,2023-09-03,1333.43,1518.14,94,False
SKU034,2025-06-29,172,261120.08000000002,2,0,1518.14,26,6,2025,Summer,Lighting,Cookware,2023-09-03,1333.43,1518.14,95,False
SKU034,2025-07-06,134,203430.76,0,0,1518.14,27,7,2025,Monsoon,Lighting,Cookware,2023-09-03,1333.43,1518.14,96,False
SKU034,2025-07-13,118,179140.52,0,0,1518.14,28,7,2025,Monsoon,Lighting,Cookware,2023-09-03,1333.43,1518.14,97,False
SKU034,2025-07-20,147,223166.58000000002,0,0,1518.14,29,7,2025,Monsoon,Lighting,Cookware,2023-09-03,1333.43,1518.14,98,False
SKU034,2025-07-27,152,230757.28,0,0,1518.14,30,7,2025,Monsoon,Lighting,Cookware,2023-09-03,1333.43,1518.14,99,False
SKU034,2025-08-03,124,188249.36,0,0,1518.14,31,8,2025,Monsoon,Lighting,Cookware,2023-09-03,1333.43,1518.14,100,False
SKU034,2025-08-10,111,168513.54,0,0,1518.14,32,8,2025,Monsoon,Lighting,Cookware,2023-09-03,1333.43,1518.14,101,False
SKU034,2025-08-17,135,204948.9,0,1,1518.14,33,8,2025,Monsoon,Lighting,Cookware,2023-09-03,1333.43,1518.14,102,False
SKU034,2025-08-24,103,156368.42,0,0,1518.14,34,8,2025,Monsoon,Lighting,Cookware,2023-09-03,1333.43,1518.14,103,False
SKU034,2025-08-31,138,209503.32,0,0,1518.14,35,8,2025,Monsoon,Lighting,Cookware,2023-09-03,1333.43,1518.14,104,False
SKU034,2025-09-07,150,227721.0,2,0,1518.14,36,9,2025,Monsoon,Lighting,Cookware,2023-09-03,1333.43,1518.14,105,False
SKU034,2025-09-14,115,174586.1,2,0,1518.14,37,9,2025,Monsoon,Lighting,Cookware,2023-09-03,1333.43,1518.14,106,False
SKU034,2025-09-21,110,166995.4,2,0,1518.14,38,9,2025,Monsoon,Lighting,Cookware,2023-09-03,1333.43,1518.14,107,False
SKU034,2025-09-28,148,224684.72,2,0,1518.14,39,9,2025,Monsoon,Lighting,Cookware,2023-09-03,1333.43,1518.14,108,False
SKU034,2025-10-05,106,160922.84,0,0,1518.14,40,10,2025,Autumn,Lighting,Cookware,2023-09-03,1333.43,1518.14,109,False
SKU034,2025-10-12,97,147259.58000000002,0,0,1518.14,41,10,2025,Autumn,Lighting,Cookware,2023-09-03,1333.43,1518.14,110,False
SKU034,2025-10-19,115,174586.1,0,0,1518.14,42,10,2025,Autumn,Lighting,Cookware,2023-09-03,1333.43,1518.14,111,False
SKU034,2025-10-26,101,153332.14,0,1,1518.14,43,10,2025,Autumn,Lighting,Cookware,2023-09-03,1333.43,1518.14,112,False
SKU034,2025-11-02,122,185213.08000000002,2,0,1518.14,44,11,2025,Autumn,Lighting,Cookware,2023-09-03,1333.43,1518.14,113,False
SKU034,2025-11-09,129,195840.06,2,0,1518.14,45,11,2025,Autumn,Lighting,Cookware,2023-09-03,1333.43,1518.14,114,False
SKU034,2025-11-16,118,179140.52000000002,2,0,1518.14,46,11,2025,Autumn,Lighting,Cookware,2023-09-03,1333.43,1518.14,115,False
SKU034,2025-11-23,133,201912.62,2,0,1518.14,47,11,2025,Autumn,Lighting,Cookware,2023-09-03,1333.43,1518.14,116,False
SKU034,2025-11-30,130,197358.2,2,0,1518.14,48,11,2025,Autumn,Lighting,Cookware,2023-09-03,1333.43,1518.14,117,False
SKU034,2025-12-07,147,223166.58000000002,0,0,1518.14,49,12,2025,Winter,Lighting,Cookware,2023-09-03,1333.43,1518.14,118,True
SKU034,2025-12-14,118,179140.52,0,0,1518.14,50,12,2025,Winter,Lighting,Cookware,2023-09-03,1333.43,1518.14,119,True
SKU034,2025-12-21,119,180658.66,0,0,1518.14,51,12,2025,Winter,Lighting,Cookware,2023-09-03,1333.43,1518.14,120,True
SKU034,2025-12-28,124,188249.36,0,1,1518.14,52,12,2025,Winter,Lighting,Cookware,2023-09-03,1333.43,1518.14,121,True
SKU035,2024-01-07,146,1587047.74,0,0,10870.19,1,1,2024,Winter,Storage,Lamp,2024-01-01,1137.61,10870.19,0,False
SKU035,2024-01-14,159,1728360.21,0,0,10870.19,2,1,2024,Winter,Storage,Lamp,2024-01-01,1137.61,10870.19,1,False
SKU035,2024-01-21,154,1674009.26,0,0,10870.19,3,1,2024,Winter,Storage,Lamp,2024-01-01,1137.61,10870.19,2,False
SKU035,2024-01-28,139,1510956.41,0,1,10870.19,4,1,2024,Winter,Storage,Lamp,2024-01-01,1137.61,10870.19,3,False
SKU035,2024-02-04,154,1674009.26,0,0,10870.19,5,2,2024,Winter,Storage,Lamp,2024-01-01,1137.61,10870.19,4,False
SKU035,2024-02-11,153,1663139.07,0,0,10870.19,6,2,2024,Winter,Storage,Lamp,2024-01-01,1137.61,10870.19,5,False
SKU035,2024-02-18,165,1793581.35,0,0,10870.19,7,2,2024,Winter,Storage,Lamp,2024-01-01,1137.61,10870.19,6,False
SKU035,2024-02-25,163,1771840.97,0,0,10870.19,8,2,2024,Winter,Storage,Lamp,2024-01-01,1137.61,10870.19,7,False
SKU035,2024-03-03,173,1880542.87,2,0,10870.19,9,3,2024,Spring,Storage,Lamp,2024-01-01,1137.61,10870.19,8,False
SKU035,2024-03-10,177,1924023.6300000001,2,0,10870.19,10,3,2024,Spring,Storage,Lamp,2024-01-01,1137.61,10870.19,9,False
SKU035,2024-03-17,177,1924023.63,2,0,10870.19,11,3,2024,Spring,Storage,Lamp,2024-01-01,1137.61,10870.19,10,False
SKU035,2024-03-24,185,2010985.15,2,0,10870.19,12,3,2024,Spring,Storage,Lamp,2024-01-01,1137.61,10870.19,11,False
SKU035,2024-03-31,176,1913153.44,2,0,10870.19,13,3,2024,Spring,Storage,Lamp,2024-01-01,1137.61,10870.19,12,False
SKU035,2024-04-07,165,1793581.35,0,0,10870.19,14,4,2024,Spring,Storage,Lamp,2024-01-01,1137.61,10870.19,13,False
SKU035,2024-04-14,187,2032725.53,0,0,10870.19,15,4,2024,Spring,Storage,Lamp,2024-01-01,1137.61,10870.19,14,False
SKU035,2024-04-21,159,1728360.21,0,0,10870.19,16,4,2024,Spring,Storage,Lamp,2024-01-01,1137.61,10870.19,15,False
SKU035,2024-04-28,201,2184908.19,0,0,10870.19,17,4,2024,Spring,Storage,Lamp,2024-01-01,1137.61,10870.19,16,False
SKU035,2024-05-05,169,1837062.11,0,0,10870.19,18,5,2024,Summer,Storage,Lamp,2024-01-01,1137.61,10870.19,17,False
SKU035,2024-05-12,159,1728360.21,0,0,10870.19,19,5,2024,Summer,Storage,Lamp,2024-01-01,1137.61,10870.19,18,False
SKU035,2024-05-19,158,1717490.02,0,0,10870.19,20,5,2024,Summer,Storage,Lamp,2024-01-01,1137.61,10870.19,19,False
SKU035,2024-05-26,174,1891413.06,0,0,10870.19,21,5,2024,Summer,Storage,Lamp,2024-01-01,1137.61,10870.19,20,False
SKU035,2024-06-02,176,1913153.44,2,0,10870.19,22,6,2024,Summer,Storage,Lamp,2024-01-01,1137.61,10870.19,21,False
SKU035,2024-06-09,166,1804451.54,2,0,10870.19,23,6,2024,Summer,Storage,Lamp,2024-01-01,1137.61,10870.19,22,False
SKU035,2024-06-16,195,2119687.05,2,0,10870.19,24,6,2024,Summer,Storage,Lamp,2024-01-01,1137.61,10870.19,23,False
SKU035,2024-06-23,159,1728360.21,2,0,10870.19,25,6,2024,Summer,Storage,Lamp,2024-01-01,1137.61,10870.19,24,False
SKU035,2024-06-30,177,1924023.63,2,0,10870.19,26,6,2024,Summer,Storage,Lamp,2024-01-01,1137.61,10870.19,25,False
SKU035,2024-07-07,143,1554437.17,0,0,10870.19,27,7,2024,Monsoon,Storage,Lamp,2024-01-01,1137.61,10870.19,26,False
SKU035,2024-07-14,159,1728360.21,0,0,10870.19,28,7,2024,Monsoon,Storage,Lamp,2024-01-01,1137.61,10870.19,27,False
SKU035,2024-07-21,132,1434865.08,0,0,10870.19,29,7,2024,Monsoon,Storage,Lamp,2024-01-01,1137.61,10870.19,28,False
SKU035,2024-07-28,159,1728360.21,0,0,10870.19,30,7,2024,Monsoon,Storage,Lamp,2024-01-01,1137.61,10870.19,29,False
SKU035,2024-08-04,144,1565307.36,0,0,10870.19,31,8,2024,Monsoon,Storage,Lamp,2024-01-01,1137.61,10870.19,30,False
SKU035,2024-08-11,137,1489216.03,0,0,10870.19,32,8,2024,Monsoon,Storage,Lamp,2024-01-01,1137.61,10870.19,31,False
SKU035,2024-08-18,137,1489216.03,0,1,10870.19,33,8,2024,Monsoon,Storage,Lamp,2024-01-01,1137.61,10870.19,32,False
SKU035,2024-08-25,125,1358773.75,0,0,10870.19,34,8,2024,Monsoon,Storage,Lamp,2024-01-01,1137.61,10870.19,33,False
SKU035,2024-09-01,135,1467475.65,1,0,10870.19,35,9,2024,Monsoon,Storage,Lamp,2024-01-01,1137.61,10870.19,34,False
SKU035,2024-09-08,120,1304422.8,2,0,10870.19,36,9,2024,Monsoon,Storage,Lamp,2024-01-01,1137.61,10870.19,35,False
SKU035,2024-09-15,134,1456605.46,2,0,10870.19,37,9,2024,Monsoon,Storage,Lamp,2024-01-01,1137.61,10870.19,36,False
SKU035,2024-09-22,133,1445735.27,2,0,10870.19,38,9,2024,Monsoon,Storage,Lamp,2024-01-01,1137.61,10870.19,37,False
SKU035,2024-09-29,130,1413124.7,2,0,10870.19,39,9,2024,Monsoon,Storage,Lamp,2024-01-01,1137.61,10870.19,38,False
SKU035,2024-10-06,114,1239201.6600000001,0,0,10870.19,40,10,2024,Autumn,Storage,Lamp,2024-01-01,1137.61,10870.19,39,False
SKU035,2024-10-13,102,1108759.38,0,0,10870.19,41,10,2024,Autumn,Storage,Lamp,2024-01-01,1137.61,10870.19,40,False
SKU035,2024-10-20,126,1369643.94,0,0,10870.19,42,10,2024,Autumn,Storage,Lamp,2024-01-01,1137.61,10870.19,41,False
SKU035,2024-10-27,102,1108759.38,0,0,10870.19,43,10,2024,Autumn,Storage,Lamp,2024-01-01,1137.61,10870.19,42,False
SKU035,2024-11-03,119,1293552.6099999999,2,1,10870.19,44,11,2024,Autumn,Storage,Lamp,2024-01-01,1137.61,10870.19,43,False
SKU035,2024-11-10,124,1347903.56,2,0,10870.19,45,11,2024,Autumn,Storage,Lamp,2024-01-01,1137.61,10870.19,44,False
SKU035,2024-11-17,117,1271812.23,2,0,10870.19,46,11,2024,Autumn,Storage,Lamp,2024-01-01,1137.61,10870.19,45,False
SKU035,2024-11-24,135,1467475.65,2,0,10870.19,47,11,2024,Autumn,Storage,Lamp,2024-01-01,1137.61,10870.19,46,False
SKU035,2024-12-01,132,1434865.08,1,0,10870.19,48,12,2024,Winter,Storage,Lamp,2024-01-01,1137.61,10870.19,47,False
SKU035,2024-12-08,135,1467475.65,0,0,10870.19,49,12,2024,Winter,Storage,Lamp,2024-01-01,1137.61,10870.19,48,False
SKU035,2024-12-15,133,1445735.27,0,0,10870.19,50,12,2024,Winter,Storage,Lamp,2024-01-01,1137.61,10870.19,49,False
SKU035,2024-12-22,134,1456605.46,0,0,10870.19,51,12,2024,Winter,Storage,Lamp,2024-01-01,1137.61,10870.19,50,False
SKU035,2024-12-29,126,1369643.94,0,1,10870.19,52,12,2024,Winter,Storage,Lamp,2024-01-01,1137.61,10870.19,51,False
SKU035,2025-01-05,139,1510956.4100000001,0,0,10870.19,1,1,2025,Winter,Storage,Lamp,2024-01-01,1137.61,10870.19,52,False
SKU035,2025-01-12,149,1619658.31,0,0,10870.19,2,1,2025,Winter,Storage,Lamp,2024-01-01,1137.61,10870.19,53,False
SKU035,2025-01-19,122,1326163.18,0,0,10870.19,3,1,2025,Winter,Storage,Lamp,2024-01-01,1137.61,10870.19,54,False
SKU035,2025-01-26,148,1608788.1199999999,0,1,10870.19,4,1,2025,Winter,Storage,Lamp,2024-01-01,1137.61,10870.19,55,False
SKU035,2025-02-02,140,1521826.6,0,0,10870.19,5,2,2025,Winter,Storage,Lamp,2024-01-01,1137.61,10870.19,56,False
SKU035,2025-02-09,179,1945764.01,0,0,10870.19,6,2,2025,Winter,Storage,Lamp,2024-01-01,1137.61,10870.19,57,False
SKU035,2025-02-16,184,2000114.96,0,0,10870.19,7,2,2025,Winter,Storage,Lamp,2024-01-01,1137.61,10870.19,58,False
SKU035,2025-02-23,165,1793581.35,0,0,10870.19,8,2,2025,Winter,Storage,Lamp,2024-01-01,1137.61,10870.19,59,False
SKU035,2025-03-02,189,2054465.9100000001,2,0,10870.19,9,3,2025,Spring,Storage,Lamp,2024-01-01,1137.61,10870.19,60,False
SKU035,2025-03-09,175,1902283.25,2,0,10870.19,10,3,2025,Spring,Storage,Lamp,2024-01-01,1137.61,10870.19,61,False
SKU035,2025-03-16,162,1760970.78,2,0,10870.19,11,3,2025,Spring,Storage,Lamp,2024-01-01,1137.61,10870.19,62,False
SKU035,2025-03-23,176,1913153.44,2,0,10870.19,12,3,2025,Spring,Storage,Lamp,2024-01-01,1137.61,10870.19,63,False
SKU035,2025-03-30,181,1967504.3900000001,2,0,10870.19,13,3,2025,Spring,Storage,Lamp,2024-01-01,1137.61,10870.19,64,False
SKU035,2025-04-06,164,1782711.16,0,0,10870.19,14,4,2025,Spring,Storage,Lamp,2024-01-01,1137.61,10870.19,65,False
SKU035,2025-04-13,187,2032725.53,0,0,10870.19,15,4,2025,Spring,Storage,Lamp,2024-01-01,1137.61,10870.19,66,False
SKU035,2025-04-20,173,1880542.87,0,0,10870.19,16,4,2025,Spring,Storage,Lamp,2024-01-01,1137.61,10870.19,67,False
SKU035,2025-04-27,160,1739230.4,0,0,10870.19,17,4,2025,Spring,Storage,Lamp,2024-01-01,1137.61,10870.19,68,False
SKU035,2025-05-04,176,1913153.44,0,0,10870.19,18,5,2025,Summer,Storage,Lamp,2024-01-01,1137.61,10870.19,69,False
SKU035,2025-05-11,180,1956634.2,0,0,10870.19,19,5,2025,Summer,Storage,Lamp,2024-01-01,1137.61,10870.19,70,False
SKU035,2025-05-18,181,1967504.3900000001,0,0,10870.19,20,5,2025,Summer,Storage,Lamp,2024-01-01,1137.61,10870.19,71,False
SKU035,2025-05-25,169,1837062.1099999999,0,0,10870.19,21,5,2025,Summer,Storage,Lamp,2024-01-01,1137.61,10870.19,72,False
SKU035,2025-06-01,183,1989244.77,1,0,10870.19,22,6,2025,Summer,Storage,Lamp,2024-01-01,1137.61,10870.19,73,False
SKU035,2025-06-08,190,2065336.1,2,0,10870.19,23,6,2025,Summer,Storage,Lamp,2024-01-01,1137.61,10870.19,74,False
SKU035,2025-06-15,163,1771840.97,2,0,10870.19,24,6,2025,Summer,Storage,Lamp,2024-01-01,1137.61,10870.19,75,False
SKU035,2025-06-22,152,1652268.88,2,0,10870.19,25,6,2025,Summer,Storage,Lamp,2024-01-01,1137.61,10870.19,76,False
SKU035,2025-06-29,177,1924023.63,2,0,10870.19,26,6,2025,Summer,Storage,Lamp,2024-01-01,1137.61,10870.19,77,False
SKU035,2025-07-06,148,1608788.12,0,0,10870.19,27,7,2025,Monsoon,Storage,Lamp,2024-01-01,1137.61,10870.19,78,False
SKU035,2025-07-13,123,1337033.37,0,0,10870.19,28,7,2025,Monsoon,Storage,Lamp,2024-01-01,1137.61,10870.19,79,False
SKU035,2025-07-20,132,1434865.08,0,0,10870.19,29,7,2025,Monsoon,Storage,Lamp,2024-01-01,1137.61,10870.19,80,False
SKU035,2025-07-27,154,1674009.26,0,0,10870.19,30,7,2025,Monsoon,Storage,Lamp,2024-01-01,1137.61,10870.19,81,False
SKU035,2025-08-03,137,1489216.03,0,0,10870.19,31,8,2025,Monsoon,Storage,Lamp,2024-01-01,1137.61,10870.19,82,False
SKU035,2025-08-10,134,1456605.46,0,0,10870.19,32,8,2025,Monsoon,Storage,Lamp,2024-01-01,1137.61,10870.19,83,False
SKU035,2025-08-17,146,1587047.74,0,1,10870.19,33,8,2025,Monsoon,Storage,Lamp,2024-01-01,1137.61,10870.19,84,False
SKU035,2025-08-24,117,1271812.23,0,0,10870.19,34,8,2025,Monsoon,Storage,Lamp,2024-01-01,1137.61,10870.19,85,False
SKU035,2025-08-31,132,1434865.08,0,0,10870.19,35,8,2025,Monsoon,Storage,Lamp,2024-01-01,1137.61,10870.19,86,False
SKU035,2025-09-07,147,1597917.93,2,0,10870.19,36,9,2025,Monsoon,Storage,Lamp,2024-01-01,1137.61,10870.19,87,False
SKU035,2025-09-14,119,1293552.61,2,0,10870.19,37,9,2025,Monsoon,Storage,Lamp,2024-01-01,1137.61,10870.19,88,False
SKU035,2025-09-21,138,1500086.22,2,0,10870.19,38,9,2025,Monsoon,Storage,Lamp,2024-01-01,1137.61,10870.19,89,False
SKU035,2025-09-28,123,1337033.37,2,0,10870.19,39,9,2025,Monsoon,Storage,Lamp,2024-01-01,1137.61,10870.19,90,False
SKU035,2025-10-05,134,1456605.46,0,0,10870.19,40,10,2025,Autumn,Storage,Lamp,2024-01-01,1137.61,10870.19,91,False
SKU035,2025-10-12,108,1173980.52,0,0,10870.19,41,10,2025,Autumn,Storage,Lamp,2024-01-01,1137.61,10870.19,92,False
SKU035,2025-10-19,129,1402254.51,0,0,10870.19,42,10,2025,Autumn,Storage,Lamp,2024-01-01,1137.61,10870.19,93,False
SKU035,2025-10-26,135,1467475.65,0,1,10870.19,43,10,2025,Autumn,Storage,Lamp,2024-01-01,1137.61,10870.19,94,False
SKU035,2025-11-02,117,1271812.23,2,0,10870.19,44,11,2025,Autumn,Storage,Lamp,2024-01-01,1137.61,10870.19,95,False
SKU035,2025-11-09,113,1228331.47,2,0,10870.19,45,11,2025,Autumn,Storage,Lamp,2024-01-01,1137.61,10870.19,96,False
SKU035,2025-11-16,124,1347903.56,2,0,10870.19,46,11,2025,Autumn,Storage,Lamp,2024-01-01,1137.61,10870.19,97,False
SKU035,2025-11-23,133,1445735.27,2,0,10870.19,47,11,2025,Autumn,Storage,Lamp,2024-01-01,1137.61,10870.19,98,False
SKU035,2025-11-30,131,1423994.8900000001,2,0,10870.19,48,11,2025,Autumn,Storage,Lamp,2024-01-01,1137.61,10870.19,99,False
SKU035,2025-12-07,128,1391384.32,0,0,10870.19,49,12,2025,Winter,Storage,Lamp,2024-01-01,1137.61,10870.19,100,True
SKU035,2025-12-14,128,1391384.32,0,0,10870.19,50,12,2025,Winter,Storage,Lamp,2024-01-01,1137.61,10870.19,101,True
SKU035,2025-12-21,127,1380514.13,0,0,10870.19,51,12,2025,Winter,Storage,Lamp,2024-01-01,1137.61,10870.19,102,True
SKU035,2025-12-28,148,1608788.12,0,1,10870.19,52,12,2025,Winter,Storage,Lamp,2024-01-01,1137.61,10870.19,103,True
SKU036,2024-01-07,25,142175.0,0,0,5687.0,1,1,2024,Winter,Furniture,Shelf,2022-03-12,5430.12,5687.0,95,False
SKU036,2024-01-14,28,159236.0,0,0,5687.0,2,1,2024,Winter,Furniture,Shelf,2022-03-12,5430.12,5687.0,96,False
SKU036,2024-01-21,40,227480.0,0,0,5687.0,3,1,2024,Winter,Furniture,Shelf,2022-03-12,5430.12,5687.0,97,False
SKU036,2024-01-28,39,221793.0,0,1,5687.0,4,1,2024,Winter,Furniture,Shelf,2022-03-12,5430.12,5687.0,98,False
SKU036,2024-02-04,46,261602.0,0,0,5687.0,5,2,2024,Winter,Furniture,Shelf,2022-03-12,5430.12,5687.0,99,False
SKU036,2024-02-11,29,164923.0,0,0,5687.0,6,2,2024,Winter,Furniture,Shelf,2022-03-12,5430.12,5687.0,100,False
SKU036,2024-02-18,41,233167.0,0,0,5687.0,7,2,2024,Winter,Furniture,Shelf,2022-03-12,5430.12,5687.0,101,False
SKU036,2024-02-25,33,187671.0,0,0,5687.0,8,2,2024,Winter,Furniture,Shelf,2022-03-12,5430.12,5687.0,102,False
SKU036,2024-03-03,47,267289.0,2,0,5687.0,9,3,2024,Spring,Furniture,Shelf,2022-03-12,5430.12,5687.0,103,False
SKU036,2024-03-10,53,301411.0,2,0,5687.0,10,3,2024,Spring,Furniture,Shelf,2022-03-12,5430.12,5687.0,104,False
SKU036,2024-03-17,33,187671.0,2,0,5687.0,11,3,2024,Spring,Furniture,Shelf,2022-03-12,5430.12,5687.0,105,False
SKU036,2024-03-24,49,278663.0,2,0,5687.0,12,3,2024,Spring,Furniture,Shelf,2022-03-12,5430.12,5687.0,106,False
SKU036,2024-03-31,41,233167.0,2,0,5687.0,13,3,2024,Spring,Furniture,Shelf,2022-03-12,5430.12,5687.0,107,False
SKU036,2024-04-07,49,278663.0,0,0,5687.0,14,4,2024,Spring,Furniture,Shelf,2022-03-12,5430.12,5687.0,108,False
SKU036,2024-04-14,44,250228.0,0,0,5687.0,15,4,2024,Spring,Furniture,Shelf,2022-03-12,5430.12,5687.0,109,False
SKU036,2024-04-21,44,250228.0,0,0,5687.0,16,4,2024,Spring,Furniture,Shelf,2022-03-12,5430.12,5687.0,110,False
SKU036,2024-04-28,33,187671.0,0,0,5687.0,17,4,2024,Spring,Furniture,Shelf,2022-03-12,5430.12,5687.0,111,False
SKU036,2024-05-05,28,159236.0,0,0,5687.0,18,5,2024,Summer,Furniture,Shelf,2022-03-12,5430.12,5687.0,112,False
SKU036,2024-05-12,24,136488.0,0,0,5687.0,19,5,2024,Summer,Furniture,Shelf,2022-03-12,5430.12,5687.0,113,False
SKU036,2024-05-19,39,221793.0,0,0,5687.0,20,5,2024,Summer,Furniture,Shelf,2022-03-12,5430.12,5687.0,114,False
SKU036,2024-05-26,30,170610.0,0,0,5687.0,21,5,2024,Summer,Furniture,Shelf,2022-03-12,5430.12,5687.0,115,False
SKU036,2024-06-02,45,255915.0,2,0,5687.0,22,6,2024,Summer,Furniture,Shelf,2022-03-12,5430.12,5687.0,116,False
SKU036,2024-06-09,43,244541.0,2,0,5687.0,23,6,2024,Summer,Furniture,Shelf,2022-03-12,5430.12,5687.0,117,False
SKU036,2024-06-16,41,233167.0,2,0,5687.0,24,6,2024,Summer,Furniture,Shelf,2022-03-12,5430.12,5687.0,118,False
SKU036,2024-06-23,27,153549.0,2,0,5687.0,25,6,2024,Summer,Furniture,Shelf,2022-03-12,5430.12,5687.0,119,False
SKU036,2024-06-30,39,221793.0,2,0,5687.0,26,6,2024,Summer,Furniture,Shelf,2022-03-12,5430.12,5687.0,120,False
SKU036,2024-07-07,21,119427.0,0,0,5687.0,27,7,2024,Monsoon,Furniture,Shelf,2022-03-12,5430.12,5687.0,121,False
SKU036,2024-07-14,21,119427.0,0,0,5687.0,28,7,2024,Monsoon,Furniture,Shelf,2022-03-12,5430.12,5687.0,122,False
SKU036,2024-07-21,49,278663.0,0,0,5687.0,29,7,2024,Monsoon,Furniture,Shelf,2022-03-12,5430.12,5687.0,123,False
SKU036,2024-07-28,31,176297.0,0,0,5687.0,30,7,2024,Monsoon,Furniture,Shelf,2022-03-12,5430.12,5687.0,124,False
SKU036,2024-08-04,25,142175.0,0,0,5687.0,31,8,2024,Monsoon,Furniture,Shelf,2022-03-12,5430.12,5687.0,125,False
SKU036,2024-08-11,21,119427.0,0,0,5687.0,32,8,2024,Monsoon,Furniture,Shelf,2022-03-12,5430.12,5687.0,126,False
SKU036,2024-08-18,24,136488.0,0,1,5687.0,33,8,2024,Monsoon,Furniture,Shelf,2022-03-12,5430.12,5687.0,127,False
SKU036,2024-08-25,34,193358.0,0,0,5687.0,34,8,2024,Monsoon,Furniture,Shelf,2022-03-12,5430.12,5687.0,128,False
SKU036,2024-09-01,28,159236.0,1,0,5687.0,35,9,2024,Monsoon,Furniture,Shelf,2022-03-12,5430.12,5687.0,129,False
SKU036,2024-09-08,33,187671.0,2,0,5687.0,36,9,2024,Monsoon,Furniture,Shelf,2022-03-12,5430.12,5687.0,130,False
SKU036,2024-09-15,30,170610.0,2,0,5687.0,37,9,2024,Monsoon,Furniture,Shelf,2022-03-12,5430.12,5687.0,131,False
SKU036,2024-09-22,28,159236.0,2,0,5687.0,38,9,2024,Monsoon,Furniture,Shelf,2022-03-12,5430.12,5687.0,132,False
SKU036,2024-09-29,32,181984.0,2,0,5687.0,39,9,2024,Monsoon,Furniture,Shelf,2022-03-12,5430.12,5687.0,133,False
SKU036,2024-10-06,27,153549.0,0,0,5687.0,40,10,2024,Autumn,Furniture,Shelf,2022-03-12,5430.12,5687.0,134,False
SKU036,2024-10-13,35,199045.0,0,0,5687.0,41,10,2024,Autumn,Furniture,Shelf,2022-03-12,5430.12,5687.0,135,False
SKU036,2024-10-20,29,164923.0,0,0,5687.0,42,10,2024,Autumn,Furniture,Shelf,2022-03-12,5430.12,5687.0,136,False
SKU036,2024-10-27,21,119427.0,0,0,5687.0,43,10,2024,Autumn,Furniture,Shelf,2022-03-12,5430.12,5687.0,137,False
SKU036,2024-11-03,28,159236.0,2,1,5687.0,44,11,2024,Autumn,Furniture,Shelf,2022-03-12,5430.12,5687.0,138,False
SKU036,2024-11-10,33,187671.0,2,0,5687.0,45,11,2024,Autumn,Furniture,Shelf,2022-03-12,5430.12,5687.0,139,False
SKU036,2024-11-17,40,227480.0,2,0,5687.0,46,11,2024,Autumn,Furniture,Shelf,2022-03-12,5430.12,5687.0,140,False
SKU036,2024-11-24,33,187671.0,2,0,5687.0,47,11,2024,Autumn,Furniture,Shelf,2022-03-12,5430.12,5687.0,141,False
SKU036,2024-12-01,25,142175.0,1,0,5687.0,48,12,2024,Winter,Furniture,Shelf,2022-03-12,5430.12,5687.0,142,False
SKU036,2024-12-08,26,147862.0,0,0,5687.0,49,12,2024,Winter,Furniture,Shelf,2022-03-12,5430.12,5687.0,143,False
SKU036,2024-12-15,36,204732.0,0,0,5687.0,50,12,2024,Winter,Furniture,Shelf,2022-03-12,5430.12,5687.0,144,False
SKU036,2024-12-22,25,142175.0,0,0,5687.0,51,12,2024,Winter,Furniture,Shelf,2022-03-12,5430.12,5687.0,145,False
SKU036,2024-12-29,37,210419.0,0,1,5687.0,52,12,2024,Winter,Furniture,Shelf,2022-03-12,5430.12,5687.0,146,False
SKU036,2025-01-05,22,125114.0,0,0,5687.0,1,1,2025,Winter,Furniture,Shelf,2022-03-12,5430.12,5687.0,147,False
SKU036,2025-01-12,32,181984.0,0,0,5687.0,2,1,2025,Winter,Furniture,Shelf,2022-03-12,5430.12,5687.0,148,False
SKU036,2025-01-19,36,204732.0,0,0,5687.0,3,1,2025,Winter,Furniture,Shelf,2022-03-12,5430.12,5687.0,149,False
SKU036,2025-01-26,38,216106.0,0,1,5687.0,4,1,2025,Winter,Furniture,Shelf,2022-03-12,5430.12,5687.0,150,False
SKU036,2025-02-02,39,221793.0,0,0,5687.0,5,2,2025,Winter,Furniture,Shelf,2022-03-12,5430.12,5687.0,151,False
SKU036,2025-02-09,39,221793.0,0,0,5687.0,6,2,2025,Winter,Furniture,Shelf,2022-03-12,5430.12,5687.0,152,False
SKU036,2025-02-16,30,170610.0,0,0,5687.0,7,2,2025,Winter,Furniture,Shelf,2022-03-12,5430.12,5687.0,153,False
SKU036,2025-02-23,40,227480.0,0,0,5687.0,8,2,2025,Winter,Furniture,Shelf,2022-03-12,5430.12,5687.0,154,False
SKU036,2025-03-02,34,193358.0,2,0,5687.0,9,3,2025,Spring,Furniture,Shelf,2022-03-12,5430.12,5687.0,155,False
SKU036,2025-03-09,35,199045.0,2,0,5687.0,10,3,2025,Spring,Furniture,Shelf,2022-03-12,5430.12,5687.0,156,False
SKU036,2025-03-16,27,153549.0,2,0,5687.0,11,3,2025,Spring,Furniture,Shelf,2022-03-12,5430.12,5687.0,157,False
SKU036,2025-03-23,34,193358.0,2,0,5687.0,12,3,2025,Spring,Furniture,Shelf,2022-03-12,5430.12,5687.0,158,False
SKU036,2025-03-30,41,233167.0,2,0,5687.0,13,3,2025,Spring,Furniture,Shelf,2022-03-12,5430.12,5687.0,159,False
SKU036,2025-04-06,40,227480.0,0,0,5687.0,14,4,2025,Spring,Furniture,Shelf,2022-03-12,5430.12,5687.0,160,False
SKU036,2025-04-13,46,261602.0,0,0,5687.0,15,4,2025,Spring,Furniture,Shelf,2022-03-12,5430.12,5687.0,161,False
SKU036,2025-04-20,33,187671.0,0,0,5687.0,16,4,2025,Spring,Furniture,Shelf,2022-03-12,5430.12,5687.0,162,False
SKU036,2025-04-27,47,267289.0,0,0,5687.0,17,4,2025,Spring,Furniture,Shelf,2022-03-12,5430.12,5687.0,163,False
SKU036,2025-05-04,43,244541.0,0,0,5687.0,18,5,2025,Summer,Furniture,Shelf,2022-03-12,5430.12,5687.0,164,False
SKU036,2025-05-11,44,250228.0,0,0,5687.0,19,5,2025,Summer,Furniture,Shelf,2022-03-12,5430.12,5687.0,165,False
SKU036,2025-05-18,45,255915.0,0,0,5687.0,20,5,2025,Summer,Furniture,Shelf,2022-03-12,5430.12,5687.0,166,False
SKU036,2025-05-25,28,159236.0,0,0,5687.0,21,5,2025,Summer,Furniture,Shelf,2022-03-12,5430.12,5687.0,167,False
SKU036,2025-06-01,44,250228.0,1,0,5687.0,22,6,2025,Summer,Furniture,Shelf,2022-03-12,5430.12,5687.0,168,False
SKU036,2025-06-08,31,176297.0,2,0,5687.0,23,6,2025,Summer,Furniture,Shelf,2022-03-12,5430.12,5687.0,169,False
SKU036,2025-06-15,30,170610.0,2,0,5687.0,24,6,2025,Summer,Furniture,Shelf,2022-03-12,5430.12,5687.0,170,False
SKU036,2025-06-22,42,238854.0,2,0,5687.0,25,6,2025,Summer,Furniture,Shelf,2022-03-12,5430.12,5687.0,171,False
SKU036,2025-06-29,40,227480.0,2,0,5687.0,26,6,2025,Summer,Furniture,Shelf,2022-03-12,5430.12,5687.0,172,False
SKU036,2025-07-06,33,187671.0,0,0,5687.0,27,7,2025,Monsoon,Furniture,Shelf,2022-03-12,5430.12,5687.0,173,False
SKU036,2025-07-13,33,187671.0,0,0,5687.0,28,7,2025,Monsoon,Furniture,Shelf,2022-03-12,5430.12,5687.0,174,False
SKU036,2025-07-20,37,210419.0,0,0,5687.0,29,7,2025,Monsoon,Furniture,Shelf,2022-03-12,5430.12,5687.0,175,False
SKU036,2025-07-27,26,147862.0,0,0,5687.0,30,7,2025,Monsoon,Furniture,Shelf,2022-03-12,5430.12,5687.0,176,False
SKU036,2025-08-03,33,187671.0,0,0,5687.0,31,8,2025,Monsoon,Furniture,Shelf,2022-03-12,5430.12,5687.0,177,False
SKU036,2025-08-10,26,147862.0,0,0,5687.0,32,8,2025,Monsoon,Furniture,Shelf,2022-03-12,5430.12,5687.0,178,False
SKU036,2025-08-17,22,125114.0,0,1,5687.0,33,8,2025,Monsoon,Furniture,Shelf,2022-03-12,5430.12,5687.0,179,False
SKU036,2025-08-24,27,153549.0,0,0,5687.0,34,8,2025,Monsoon,Furniture,Shelf,2022-03-12,5430.12,5687.0,180,False
SKU036,2025-08-31,43,244541.0,0,0,5687.0,35,8,2025,Monsoon,Furniture,Shelf,2022-03-12,5430.12,5687.0,181,False
SKU036,2025-09-07,28,159236.0,2,0,5687.0,36,9,2025,Monsoon,Furniture,Shelf,2022-03-12,5430.12,5687.0,182,False
SKU036,2025-09-14,26,147862.0,2,0,5687.0,37,9,2025,Monsoon,Furniture,Shelf,2022-03-12,5430.12,5687.0,183,False
SKU036,2025-09-21,35,199045.0,2,0,5687.0,38,9,2025,Monsoon,Furniture,Shelf,2022-03-12,5430.12,5687.0,184,False
SKU036,2025-09-28,27,153549.0,2,0,5687.0,39,9,2025,Monsoon,Furniture,Shelf,2022-03-12,5430.12,5687.0,185,False
SKU036,2025-10-05,33,187671.0,0,0,5687.0,40,10,2025,Autumn,Furniture,Shelf,2022-03-12,5430.12,5687.0,186,False
SKU036,2025-10-12,19,108053.0,0,0,5687.0,41,10,2025,Autumn,Furniture,Shelf,2022-03-12,5430.12,5687.0,187,False
SKU036,2025-10-19,19,108053.0,0,0,5687.0,42,10,2025,Autumn,Furniture,Shelf,2022-03-12,5430.12,5687.0,188,False
SKU036,2025-10-26,34,193358.0,0,1,5687.0,43,10,2025,Autumn,Furniture,Shelf,2022-03-12,5430.12,5687.0,189,False
SKU036,2025-11-02,29,164923.0,2,0,5687.0,44,11,2025,Autumn,Furniture,Shelf,2022-03-12,5430.12,5687.0,190,False
SKU036,2025-11-09,27,153549.0,2,0,5687.0,45,11,2025,Autumn,Furniture,Shelf,2022-03-12,5430.12,5687.0,191,False
SKU036,2025-11-16,30,170610.0,2,0,5687.0,46,11,2025,Autumn,Furniture,Shelf,2022-03-12,5430.12,5687.0,192,False
SKU036,2025-11-23,35,199045.0,2,0,5687.0,47,11,2025,Autumn,Furniture,Shelf,2022-03-12,5430.12,5687.0,193,False
SKU036,2025-11-30,31,176297.0,2,0,5687.0,48,11,2025,Autumn,Furniture,Shelf,2022-03-12,5430.12,5687.0,194,False
SKU036,2025-12-07,27,153549.0,0,0,5687.0,49,12,2025,Winter,Furniture,Shelf,2022-03-12,5430.12,5687.0,195,True
SKU036,2025-12-14,31,176297.0,0,0,5687.0,50,12,2025,Winter,Furniture,Shelf,2022-03-12,5430.12,5687.0,196,True
SKU036,2025-12-21,36,204732.0,0,0,5687.0,51,12,2025,Winter,Furniture,Shelf,2022-03-12,5430.12,5687.0,197,True
SKU036,2025-12-28,30,170610.0,0,1,5687.0,52,12,2025,Winter,Furniture,Shelf,2022-03-12,5430.12,5687.0,198,True
SKU037,2024-01-07,168,461566.56,0,0,2747.4200000000005,1,1,2024,Winter,Home Decor,Cabinet,2024-01-01,3901.0,2747.42,0,False
SKU037,2024-01-14,160,439587.2,0,0,2747.4200000000005,2,1,2024,Winter,Home Decor,Cabinet,2024-01-01,3901.0,2747.42,1,False
SKU037,2024-01-21,169,464313.98,0,0,2747.4200000000005,3,1,2024,Winter,Home Decor,Cabinet,2024-01-01,3901.0,2747.42,2,False
SKU037,2024-01-28,185,508272.7,0,1,2747.4200000000005,4,1,2024,Winter,Home Decor,Cabinet,2024-01-01,3901.0,2747.42,3,False
SKU037,2024-02-04,155,425850.1,0,0,2747.4200000000005,5,2,2024,Winter,Home Decor,Cabinet,2024-01-01,3901.0,2747.42,4,False
SKU037,2024-02-11,171,469808.82,0,0,2747.4200000000005,6,2,2024,Winter,Home Decor,Cabinet,2024-01-01,3901.0,2747.42,5,False
SKU037,2024-02-18,189,519262.38,0,0,2747.4200000000005,7,2,2024,Winter,Home Decor,Cabinet,2024-01-01,3901.0,2747.42,6,False
SKU037,2024-02-25,188,516514.95999999996,0,0,2747.4200000000005,8,2,2024,Winter,Home Decor,Cabinet,2024-01-01,3901.0,2747.42,7,False
SKU037,2024-03-03,194,532999.48,2,0,2747.4200000000005,9,3,2024,Spring,Home Decor,Cabinet,2024-01-01,3901.0,2747.42,8,False
SKU037,2024-03-10,213,585200.46,2,0,2747.4200000000005,10,3,2024,Spring,Home Decor,Cabinet,2024-01-01,3901.0,2747.42,9,False
SKU037,2024-03-17,221,607179.82,2,0,2747.4200000000005,11,3,2024,Spring,Home Decor,Cabinet,2024-01-01,3901.0,2747.42,10,False
SKU037,2024-03-24,197,541241.74,2,0,2747.4200000000005,12,3,2024,Spring,Home Decor,Cabinet,2024-01-01,3901.0,2747.42,11,False
SKU037,2024-03-31,203,557726.26,2,0,2747.4200000000005,13,3,2024,Spring,Home Decor,Cabinet,2024-01-01,3901.0,2747.42,12,False
SKU037,2024-04-07,184,505525.28,0,0,2747.4200000000005,14,4,2024,Spring,Home Decor,Cabinet,2024-01-01,3901.0,2747.42,13,False
SKU037,2024-04-14,221,607179.8200000001,0,0,2747.4200000000005,15,4,2024,Spring,Home Decor,Cabinet,2024-01-01,3901.0,2747.42,14,False
SKU037,2024-04-21,196,538494.32,0,0,2747.4200000000005,16,4,2024,Spring,Home Decor,Cabinet,2024-01-01,3901.0,2747.42,15,False
SKU037,2024-04-28,183,502777.86,0,0,2747.4200000000005,17,4,2024,Spring,Home Decor,Cabinet,2024-01-01,3901.0,2747.42,16,False
SKU037,2024-05-05,204,560473.68,0,0,2747.4200000000005,18,5,2024,Summer,Home Decor,Cabinet,2024-01-01,3901.0,2747.42,17,False
SKU037,2024-05-12,194,532999.48,0,0,2747.4200000000005,19,5,2024,Summer,Home Decor,Cabinet,2024-01-01,3901.0,2747.42,18,False
SKU037,2024-05-19,198,543989.1599999999,0,0,2747.4200000000005,20,5,2024,Summer,Home Decor,Cabinet,2024-01-01,3901.0,2747.42,19,False
SKU037,2024-05-26,190,522009.8,0,0,2747.4200000000005,21,5,2024,Summer,Home Decor,Cabinet,2024-01-01,3901.0,2747.42,20,False
SKU037,2024-06-02,207,568715.94,2,0,2747.4200000000005,22,6,2024,Summer,Home Decor,Cabinet,2024-01-01,3901.0,2747.42,21,False
SKU037,2024-06-09,203,557726.26,2,0,2747.4200000000005,23,6,2024,Summer,Home Decor,Cabinet,2024-01-01,3901.0,2747.42,22,False
SKU037,2024-06-16,186,511020.12,2,0,2747.4200000000005,24,6,2024,Summer,Home Decor,Cabinet,2024-01-01,3901.0,2747.42,23,False
SKU037,2024-06-23,191,524757.22,2,0,2747.4200000000005,25,6,2024,Summer,Home Decor,Cabinet,2024-01-01,3901.0,2747.42,24,False
SKU037,2024-06-30,211,579705.62,2,0,2747.4200000000005,26,6,2024,Summer,Home Decor,Cabinet,2024-01-01,3901.0,2747.42,25,False
SKU037,2024-07-07,166,456071.72,0,0,2747.4200000000005,27,7,2024,Monsoon,Home Decor,Cabinet,2024-01-01,3901.0,2747.42,26,False
SKU037,2024-07-14,181,497283.02,0,0,2747.4200000000005,28,7,2024,Monsoon,Home Decor,Cabinet,2024-01-01,3901.0,2747.42,27,False
SKU037,2024-07-21,178,489040.76,0,0,2747.4200000000005,29,7,2024,Monsoon,Home Decor,Cabinet,2024-01-01,3901.0,2747.42,28,False
SKU037,2024-07-28,169,464313.98,0,0,2747.4200000000005,30,7,2024,Monsoon,Home Decor,Cabinet,2024-01-01,3901.0,2747.42,29,False
SKU037,2024-08-04,179,491788.18,0,0,2747.4200000000005,31,8,2024,Monsoon,Home Decor,Cabinet,2024-01-01,3901.0,2747.42,30,False
SKU037,2024-08-11,144,395628.48,0,0,2747.4200000000005,32,8,2024,Monsoon,Home Decor,Cabinet,2024-01-01,3901.0,2747.42,31,False
SKU037,2024-08-18,156,428597.52,0,1,2747.4200000000005,33,8,2024,Monsoon,Home Decor,Cabinet,2024-01-01,3901.0,2747.42,32,False
SKU037,2024-08-25,134,368154.28,0,0,2747.4200000000005,34,8,2024,Monsoon,Home Decor,Cabinet,2024-01-01,3901.0,2747.42,33,False
SKU037,2024-09-01,156,428597.52,1,0,2747.4200000000005,35,9,2024,Monsoon,Home Decor,Cabinet,2024-01-01,3901.0,2747.42,34,False
SKU037,2024-09-08,155,425850.1,2,0,2747.4200000000005,36,9,2024,Monsoon,Home Decor,Cabinet,2024-01-01,3901.0,2747.42,35,False
SKU037,2024-09-15,149,409365.58,2,0,2747.4200000000005,37,9,2024,Monsoon,Home Decor,Cabinet,2024-01-01,3901.0,2747.42,36,False
SKU037,2024-09-22,163,447829.46,2,0,2747.4200000000005,38,9,2024,Monsoon,Home Decor,Cabinet,2024-01-01,3901.0,2747.42,37,False
SKU037,2024-09-29,132,362659.44,2,0,2747.4200000000005,39,9,2024,Monsoon,Home Decor,Cabinet,2024-01-01,3901.0,2747.42,38,False
SKU037,2024-10-06,143,392881.06,0,0,2747.4200000000005,40,10,2024,Autumn,Home Decor,Cabinet,2024-01-01,3901.0,2747.42,39,False
SKU037,2024-10-13,132,362659.44,0,0,2747.4200000000005,41,10,2024,Autumn,Home Decor,Cabinet,2024-01-01,3901.0,2747.42,40,False
SKU037,2024-10-20,129,354417.18,0,0,2747.4200000000005,42,10,2024,Autumn,Home Decor,Cabinet,2024-01-01,3901.0,2747.42,41,False
SKU037,2024-10-27,141,387386.22,0,0,2747.4200000000005,43,10,2024,Autumn,Home Decor,Cabinet,2024-01-01,3901.0,2747.42,42,False
SKU037,2024-11-03,153,420355.26,2,1,2747.4200000000005,44,11,2024,Autumn,Home Decor,Cabinet,2024-01-01,3901.0,2747.42,43,False
SKU037,2024-11-10,162,445082.04000000004,2,0,2747.4200000000005,45,11,2024,Autumn,Home Decor,Cabinet,2024-01-01,3901.0,2747.42,44,False
SKU037,2024-11-17,161,442334.62,2,0,2747.4200000000005,46,11,2024,Autumn,Home Decor,Cabinet,2024-01-01,3901.0,2747.42,45,False
SKU037,2024-11-24,147,403870.74,2,0,2747.4200000000005,47,11,2024,Autumn,Home Decor,Cabinet,2024-01-01,3901.0,2747.42,46,False
SKU037,2024-12-01,133,365406.86,1,0,2747.4200000000005,48,12,2024,Winter,Home Decor,Cabinet,2024-01-01,3901.0,2747.42,47,False
SKU037,2024-12-08,171,469808.82,0,0,2747.4200000000005,49,12,2024,Winter,Home Decor,Cabinet,2024-01-01,3901.0,2747.42,48,False
SKU037,2024-12-15,173,475303.66000000003,0,0,2747.4200000000005,50,12,2024,Winter,Home Decor,Cabinet,2024-01-01,3901.0,2747.42,49,False
SKU037,2024-12-22,177,486293.33999999997,0,0,2747.4200000000005,51,12,2024,Winter,Home Decor,Cabinet,2024-01-01,3901.0,2747.42,50,False
SKU037,2024-12-29,137,376396.54000000004,0,1,2747.4200000000005,52,12,2024,Winter,Home Decor,Cabinet,2024-01-01,3901.0,2747.42,51,False
SKU037,2025-01-05,159,436839.78,0,0,2747.4200000000005,1,1,2025,Winter,Home Decor,Cabinet,2024-01-01,3901.0,2747.42,52,False
SKU037,2025-01-12,156,428597.52,0,0,2747.4200000000005,2,1,2025,Winter,Home Decor,Cabinet,2024-01-01,3901.0,2747.42,53,False
SKU037,2025-01-19,158,434092.36,0,0,2747.4200000000005,3,1,2025,Winter,Home Decor,Cabinet,2024-01-01,3901.0,2747.42,54,False
SKU037,2025-01-26,163,447829.46,0,1,2747.4200000000005,4,1,2025,Winter,Home Decor,Cabinet,2024-01-01,3901.0,2747.42,55,False
SKU037,2025-02-02,167,458819.14,0,0,2747.4200000000005,5,2,2025,Winter,Home Decor,Cabinet,2024-01-01,3901.0,2747.42,56,False
SKU037,2025-02-09,181,497283.02,0,0,2747.4200000000005,6,2,2025,Winter,Home Decor,Cabinet,2024-01-01,3901.0,2747.42,57,False
SKU037,2025-02-16,165,453324.3,0,0,2747.4200000000005,7,2,2025,Winter,Home Decor,Cabinet,2024-01-01,3901.0,2747.42,58,False
SKU037,2025-02-23,181,497283.01999999996,0,0,2747.4200000000005,8,2,2025,Winter,Home Decor,Cabinet,2024-01-01,3901.0,2747.42,59,False
SKU037,2025-03-02,220,604432.4,2,0,2747.4200000000005,9,3,2025,Spring,Home Decor,Cabinet,2024-01-01,3901.0,2747.42,60,False
SKU037,2025-03-09,220,604432.4,2,0,2747.4200000000005,10,3,2025,Spring,Home Decor,Cabinet,2024-01-01,3901.0,2747.42,61,False
SKU037,2025-03-16,206,565968.52,2,0,2747.4200000000005,11,3,2025,Spring,Home Decor,Cabinet,2024-01-01,3901.0,2747.42,62,False
SKU037,2025-03-23,217,596190.14,2,0,2747.4200000000005,12,3,2025,Spring,Home Decor,Cabinet,2024-01-01,3901.0,2747.42,63,False
SKU037,2025-03-30,231,634654.02,2,0,2747.4200000000005,13,3,2025,Spring,Home Decor,Cabinet,2024-01-01,3901.0,2747.42,64,False
SKU037,2025-04-06,204,560473.6799999999,0,0,2747.4200000000005,14,4,2025,Spring,Home Decor,Cabinet,2024-01-01,3901.0,2747.42,65,False
SKU037,2025-04-13,195,535746.9,0,0,2747.4200000000005,15,4,2025,Spring,Home Decor,Cabinet,2024-01-01,3901.0,2747.42,66,False
SKU037,2025-04-20,189,519262.38,0,0,2747.4200000000005,16,4,2025,Spring,Home Decor,Cabinet,2024-01-01,3901.0,2747.42,67,False
SKU037,2025-04-27,182,500030.44,0,0,2747.4200000000005,17,4,2025,Spring,Home Decor,Cabinet,2024-01-01,3901.0,2747.42,68,False
SKU037,2025-05-04,225,618169.5,0,0,2747.4200000000005,18,5,2025,Summer,Home Decor,Cabinet,2024-01-01,3901.0,2747.42,69,False
SKU037,2025-05-11,201,552231.4199999999,0,0,2747.4200000000005,19,5,2025,Summer,Home Decor,Cabinet,2024-01-01,3901.0,2747.42,70,False
SKU037,2025-05-18,193,530252.06,0,0,2747.4200000000005,20,5,2025,Summer,Home Decor,Cabinet,2024-01-01,3901.0,2747.42,71,False
SKU037,2025-05-25,199,546736.58,0,0,2747.4200000000005,21,5,2025,Summer,Home Decor,Cabinet,2024-01-01,3901.0,2747.42,72,False
SKU037,2025-06-01,216,593442.72,1,0,2747.4200000000005,22,6,2025,Summer,Home Decor,Cabinet,2024-01-01,3901.0,2747.42,73,False
SKU037,2025-06-08,212,582453.04,2,0,2747.4200000000005,23,6,2025,Summer,Home Decor,Cabinet,2024-01-01,3901.0,2747.42,74,False
SKU037,2025-06-15,195,535746.9,2,0,2747.4200000000005,24,6,2025,Summer,Home Decor,Cabinet,2024-01-01,3901.0,2747.42,75,False
SKU037,2025-06-22,200,549484.0,2,0,2747.4200000000005,25,6,2025,Summer,Home Decor,Cabinet,2024-01-01,3901.0,2747.42,76,False
SKU037,2025-06-29,202,554978.84,2,0,2747.4200000000005,26,6,2025,Summer,Home Decor,Cabinet,2024-01-01,3901.0,2747.42,77,False
SKU037,2025-07-06,188,516514.96,0,0,2747.4200000000005,27,7,2025,Monsoon,Home Decor,Cabinet,2024-01-01,3901.0,2747.42,78,False
SKU037,2025-07-13,210,576958.2,0,0,2747.4200000000005,28,7,2025,Monsoon,Home Decor,Cabinet,2024-01-01,3901.0,2747.42,79,False
SKU037,2025-07-20,182,500030.44,0,0,2747.4200000000005,29,7,2025,Monsoon,Home Decor,Cabinet,2024-01-01,3901.0,2747.42,80,False
SKU037,2025-07-27,149,409365.57999999996,0,0,2747.4200000000005,30,7,2025,Monsoon,Home Decor,Cabinet,2024-01-01,3901.0,2747.42,81,False
SKU037,2025-08-03,143,392881.06,0,0,2747.4200000000005,31,8,2025,Monsoon,Home Decor,Cabinet,2024-01-01,3901.0,2747.42,82,False
SKU037,2025-08-10,162,445082.04,0,0,2747.4200000000005,32,8,2025,Monsoon,Home Decor,Cabinet,2024-01-01,3901.0,2747.42,83,False
SKU037,2025-08-17,146,401123.32,0,1,2747.4200000000005,33,8,2025,Monsoon,Home Decor,Cabinet,2024-01-01,3901.0,2747.42,84,False
SKU037,2025-08-24,170,467061.4,0,0,2747.4200000000005,34,8,2025,Monsoon,Home Decor,Cabinet,2024-01-01,3901.0,2747.42,85,False
SKU037,2025-08-31,171,469808.82,0,0,2747.4200000000005,35,8,2025,Monsoon,Home Decor,Cabinet,2024-01-01,3901.0,2747.42,86,False
SKU037,2025-09-07,133,365406.86,2,0,2747.4200000000005,36,9,2025,Monsoon,Home Decor,Cabinet,2024-01-01,3901.0,2747.42,87,False
SKU037,2025-09-14,154,423102.68,2,0,2747.4200000000005,37,9,2025,Monsoon,Home Decor,Cabinet,2024-01-01,3901.0,2747.42,88,False
SKU037,2025-09-21,165,453324.3,2,0,2747.4200000000005,38,9,2025,Monsoon,Home Decor,Cabinet,2024-01-01,3901.0,2747.42,89,False
SKU037,2025-09-28,157,431344.94,2,0,2747.4200000000005,39,9,2025,Monsoon,Home Decor,Cabinet,2024-01-01,3901.0,2747.42,90,False
SKU037,2025-10-05,140,384638.8,0,0,2747.4200000000005,40,10,2025,Autumn,Home Decor,Cabinet,2024-01-01,3901.0,2747.42,91,False
SKU037,2025-10-12,128,351669.76,0,0,2747.4200000000005,41,10,2025,Autumn,Home Decor,Cabinet,2024-01-01,3901.0,2747.42,92,False
SKU037,2025-10-19,147,403870.74,0,0,2747.4200000000005,42,10,2025,Autumn,Home Decor,Cabinet,2024-01-01,3901.0,2747.42,93,False
SKU037,2025-10-26,139,381891.38,0,1,2747.4200000000005,43,10,2025,Autumn,Home Decor,Cabinet,2024-01-01,3901.0,2747.42,94,False
SKU037,2025-11-02,154,423102.68,2,0,2747.4200000000005,44,11,2025,Autumn,Home Decor,Cabinet,2024-01-01,3901.0,2747.42,95,False
SKU037,2025-11-09,171,469808.82,2,0,2747.4200000000005,45,11,2025,Autumn,Home Decor,Cabinet,2024-01-01,3901.0,2747.42,96,False
SKU037,2025-11-16,150,412113.0,2,0,2747.4200000000005,46,11,2025,Autumn,Home Decor,Cabinet,2024-01-01,3901.0,2747.42,97,False
SKU037,2025-11-23,166,456071.72,2,0,2747.4200000000005,47,11,2025,Autumn,Home Decor,Cabinet,2024-01-01,3901.0,2747.42,98,False
SKU037,2025-11-30,144,395628.48,2,0,2747.4200000000005,48,11,2025,Autumn,Home Decor,Cabinet,2024-01-01,3901.0,2747.42,99,False
SKU037,2025-12-07,155,425850.10000000003,0,0,2747.4200000000005,49,12,2025,Winter,Home Decor,Cabinet,2024-01-01,3901.0,2747.42,100,True
SKU037,2025-12-14,133,365406.86,0,0,2747.4200000000005,50,12,2025,Winter,Home Decor,Cabinet,2024-01-01,3901.0,2747.42,101,True
SKU037,2025-12-21,139,381891.38,0,0,2747.4200000000005,51,12,2025,Winter,Home Decor,Cabinet,2024-01-01,3901.0,2747.42,102,True
SKU037,2025-12-28,161,442334.62,0,1,2747.4200000000005,52,12,2025,Winter,Home Decor,Cabinet,2024-01-01,3901.0,2747.42,103,True
SKU038,2024-01-07,50,197455.0,0,0,3949.1,1,1,2024,Winter,Kitchen,Rug,2024-01-01,4630.58,3949.1,0,False
SKU038,2024-01-14,62,244844.2,0,0,3949.1,2,1,2024,Winter,Kitchen,Rug,2024-01-01,4630.58,3949.1,1,False
SKU038,2024-01-21,50,197455.0,0,0,3949.1,3,1,2024,Winter,Kitchen,Rug,2024-01-01,4630.58,3949.1,2,False
SKU038,2024-01-28,39,154014.9,0,1,3949.1,4,1,2024,Winter,Kitchen,Rug,2024-01-01,4630.58,3949.1,3,False
SKU038,2024-02-04,58,229047.8,0,0,3949.1,5,2,2024,Winter,Kitchen,Rug,2024-01-01,4630.58,3949.1,4,False
SKU038,2024-02-11,48,189556.8,0,0,3949.1,6,2,2024,Winter,Kitchen,Rug,2024-01-01,4630.58,3949.1,5,False
SKU038,2024-02-18,56,221149.6,0,0,3949.1,7,2,2024,Winter,Kitchen,Rug,2024-01-01,4630.58,3949.1,6,False
SKU038,2024-02-25,55,217200.5,0,0,3949.1,8,2,2024,Winter,Kitchen,Rug,2024-01-01,4630.58,3949.1,7,False
SKU038,2024-03-03,54,213251.4,2,0,3949.1,9,3,2024,Spring,Kitchen,Rug,2024-01-01,4630.58,3949.1,8,False
SKU038,2024-03-10,68,268538.8,2,0,3949.1,10,3,2024,Spring,Kitchen,Rug,2024-01-01,4630.58,3949.1,9,False
SKU038,2024-03-17,70,276437.0,2,0,3949.1,11,3,2024,Spring,Kitchen,Rug,2024-01-01,4630.58,3949.1,10,False
SKU038,2024-03-24,64,252742.4,2,0,3949.1,12,3,2024,Spring,Kitchen,Rug,2024-01-01,4630.58,3949.1,11,False
SKU038,2024-03-31,67,264589.7,2,0,3949.1,13,3,2024,Spring,Kitchen,Rug,2024-01-01,4630.58,3949.1,12,False
SKU038,2024-04-07,45,177709.5,0,0,3949.1,14,4,2024,Spring,Kitchen,Rug,2024-01-01,4630.58,3949.1,13,False
SKU038,2024-04-14,74,292233.4,0,0,3949.1,15,4,2024,Spring,Kitchen,Rug,2024-01-01,4630.58,3949.1,14,False
SKU038,2024-04-21,56,221149.6,0,0,3949.1,16,4,2024,Spring,Kitchen,Rug,2024-01-01,4630.58,3949.1,15,False
SKU038,2024-04-28,52,205353.2,0,0,3949.1,17,4,2024,Spring,Kitchen,Rug,2024-01-01,4630.58,3949.1,16,False
SKU038,2024-05-05,56,221149.6,0,0,3949.1,18,5,2024,Summer,Kitchen,Rug,2024-01-01,4630.58,3949.1,17,False
SKU038,2024-05-12,62,244844.19999999998,0,0,3949.1,19,5,2024,Summer,Kitchen,Rug,2024-01-01,4630.58,3949.1,18,False
SKU038,2024-05-19,66,260640.6,0,0,3949.1,20,5,2024,Summer,Kitchen,Rug,2024-01-01,4630.58,3949.1,19,False
SKU038,2024-05-26,54,213251.4,0,0,3949.1,21,5,2024,Summer,Kitchen,Rug,2024-01-01,4630.58,3949.1,20,False
SKU038,2024-06-02,67,264589.7,2,0,3949.1,22,6,2024,Summer,Kitchen,Rug,2024-01-01,4630.58,3949.1,21,False
SKU038,2024-06-09,63,248793.3,2,0,3949.1,23,6,2024,Summer,Kitchen,Rug,2024-01-01,4630.58,3949.1,22,False
SKU038,2024-06-16,65,256691.5,2,0,3949.1,24,6,2024,Summer,Kitchen,Rug,2024-01-01,4630.58,3949.1,23,False
SKU038,2024-06-23,50,197455.0,2,0,3949.1,25,6,2024,Summer,Kitchen,Rug,2024-01-01,4630.58,3949.1,24,False
SKU038,2024-06-30,74,292233.4,2,0,3949.1,26,6,2024,Summer,Kitchen,Rug,2024-01-01,4630.58,3949.1,25,False
SKU038,2024-07-07,52,205353.2,0,0,3949.1,27,7,2024,Monsoon,Kitchen,Rug,2024-01-01,4630.58,3949.1,26,False
SKU038,2024-07-14,46,181658.59999999998,0,0,3949.1,28,7,2024,Monsoon,Kitchen,Rug,2024-01-01,4630.58,3949.1,27,False
SKU038,2024-07-21,54,213251.4,0,0,3949.1,29,7,2024,Monsoon,Kitchen,Rug,2024-01-01,4630.58,3949.1,28,False
SKU038,2024-07-28,60,236946.0,0,0,3949.1,30,7,2024,Monsoon,Kitchen,Rug,2024-01-01,4630.58,3949.1,29,False
SKU038,2024-08-04,52,205353.2,0,0,3949.1,31,8,2024,Monsoon,Kitchen,Rug,2024-01-01,4630.58,3949.1,30,False
SKU038,2024-08-11,51,201404.09999999998,0,0,3949.1,32,8,2024,Monsoon,Kitchen,Rug,2024-01-01,4630.58,3949.1,31,False
SKU038,2024-08-18,51,201404.09999999998,0,1,3949.1,33,8,2024,Monsoon,Kitchen,Rug,2024-01-01,4630.58,3949.1,32,False
SKU038,2024-08-25,42,165862.2,0,0,3949.1,34,8,2024,Monsoon,Kitchen,Rug,2024-01-01,4630.58,3949.1,33,False
SKU038,2024-09-01,48,189556.8,1,0,3949.1,35,9,2024,Monsoon,Kitchen,Rug,2024-01-01,4630.58,3949.1,34,False
SKU038,2024-09-08,58,229047.8,2,0,3949.1,36,9,2024,Monsoon,Kitchen,Rug,2024-01-01,4630.58,3949.1,35,False
SKU038,2024-09-15,47,185607.7,2,0,3949.1,37,9,2024,Monsoon,Kitchen,Rug,2024-01-01,4630.58,3949.1,36,False
SKU038,2024-09-22,43,169811.3,2,0,3949.1,38,9,2024,Monsoon,Kitchen,Rug,2024-01-01,4630.58,3949.1,37,False
SKU038,2024-09-29,37,146116.7,2,0,3949.1,39,9,2024,Monsoon,Kitchen,Rug,2024-01-01,4630.58,3949.1,38,False
SKU038,2024-10-06,41,161913.1,0,0,3949.1,40,10,2024,Autumn,Kitchen,Rug,2024-01-01,4630.58,3949.1,39,False
SKU038,2024-10-13,37,146116.7,0,0,3949.1,41,10,2024,Autumn,Kitchen,Rug,2024-01-01,4630.58,3949.1,40,False
SKU038,2024-10-20,52,205353.2,0,0,3949.1,42,10,2024,Autumn,Kitchen,Rug,2024-01-01,4630.58,3949.1,41,False
SKU038,2024-10-27,45,177709.5,0,0,3949.1,43,10,2024,Autumn,Kitchen,Rug,2024-01-01,4630.58,3949.1,42,False
SKU038,2024-11-03,55,217200.5,2,1,3949.1,44,11,2024,Autumn,Kitchen,Rug,2024-01-01,4630.58,3949.1,43,False
SKU038,2024-11-10,34,134269.4,2,0,3949.1,45,11,2024,Autumn,Kitchen,Rug,2024-01-01,4630.58,3949.1,44,False
SKU038,2024-11-17,52,205353.2,2,0,3949.1,46,11,2024,Autumn,Kitchen,Rug,2024-01-01,4630.58,3949.1,45,False
SKU038,2024-11-24,49,193505.9,2,0,3949.1,47,11,2024,Autumn,Kitchen,Rug,2024-01-01,4630.58,3949.1,46,False
SKU038,2024-12-01,34,134269.4,1,0,3949.1,48,12,2024,Winter,Kitchen,Rug,2024-01-01,4630.58,3949.1,47,False
SKU038,2024-12-08,55,217200.5,0,0,3949.1,49,12,2024,Winter,Kitchen,Rug,2024-01-01,4630.58,3949.1,48,False
SKU038,2024-12-15,56,221149.6,0,0,3949.1,50,12,2024,Winter,Kitchen,Rug,2024-01-01,4630.58,3949.1,49,False
SKU038,2024-12-22,45,177709.5,0,0,3949.1,51,12,2024,Winter,Kitchen,Rug,2024-01-01,4630.58,3949.1,50,False
SKU038,2024-12-29,45,177709.5,0,1,3949.1,52,12,2024,Winter,Kitchen,Rug,2024-01-01,4630.58,3949.1,51,False
SKU038,2025-01-05,57,225098.7,0,0,3949.1,1,1,2025,Winter,Kitchen,Rug,2024-01-01,4630.58,3949.1,52,False
SKU038,2025-01-12,48,189556.8,0,0,3949.1,2,1,2025,Winter,Kitchen,Rug,2024-01-01,4630.58,3949.1,53,False
SKU038,2025-01-19,48,189556.8,0,0,3949.1,3,1,2025,Winter,Kitchen,Rug,2024-01-01,4630.58,3949.1,54,False
SKU038,2025-01-26,42,165862.2,0,1,3949.1,4,1,2025,Winter,Kitchen,Rug,2024-01-01,4630.58,3949.1,55,False
SKU038,2025-02-02,46,181658.6,0,0,3949.1,5,2,2025,Winter,Kitchen,Rug,2024-01-01,4630.58,3949.1,56,False
SKU038,2025-02-09,47,185607.7,0,0,3949.1,6,2,2025,Winter,Kitchen,Rug,2024-01-01,4630.58,3949.1,57,False
SKU038,2025-02-16,55,217200.5,0,0,3949.1,7,2,2025,Winter,Kitchen,Rug,2024-01-01,4630.58,3949.1,58,False
SKU038,2025-02-23,61,240895.1,0,0,3949.1,8,2,2025,Winter,Kitchen,Rug,2024-01-01,4630.58,3949.1,59,False
SKU038,2025-03-02,53,209302.3,2,0,3949.1,9,3,2025,Spring,Kitchen,Rug,2024-01-01,4630.58,3949.1,60,False
SKU038,2025-03-09,59,232996.9,2,0,3949.1,10,3,2025,Spring,Kitchen,Rug,2024-01-01,4630.58,3949.1,61,False
SKU038,2025-03-16,77,304080.7,2,0,3949.1,11,3,2025,Spring,Kitchen,Rug,2024-01-01,4630.58,3949.1,62,False
SKU038,2025-03-23,65,256691.5,2,0,3949.1,12,3,2025,Spring,Kitchen,Rug,2024-01-01,4630.58,3949.1,63,False
SKU038,2025-03-30,59,232996.9,2,0,3949.1,13,3,2025,Spring,Kitchen,Rug,2024-01-01,4630.58,3949.1,64,False
SKU038,2025-04-06,73,288284.3,0,0,3949.1,14,4,2025,Spring,Kitchen,Rug,2024-01-01,4630.58,3949.1,65,False
SKU038,2025-04-13,73,288284.3,0,0,3949.1,15,4,2025,Spring,Kitchen,Rug,2024-01-01,4630.58,3949.1,66,False
SKU038,2025-04-20,71,280386.1,0,0,3949.1,16,4,2025,Spring,Kitchen,Rug,2024-01-01,4630.58,3949.1,67,False
SKU038,2025-04-27,63,248793.3,0,0,3949.1,17,4,2025,Spring,Kitchen,Rug,2024-01-01,4630.58,3949.1,68,False
SKU038,2025-05-04,51,201404.1,0,0,3949.1,18,5,2025,Summer,Kitchen,Rug,2024-01-01,4630.58,3949.1,69,False
SKU038,2025-05-11,67,264589.7,0,0,3949.1,19,5,2025,Summer,Kitchen,Rug,2024-01-01,4630.58,3949.1,70,False
SKU038,2025-05-18,62,244844.2,0,0,3949.1,20,5,2025,Summer,Kitchen,Rug,2024-01-01,4630.58,3949.1,71,False
SKU038,2025-05-25,76,300131.6,0,0,3949.1,21,5,2025,Summer,Kitchen,Rug,2024-01-01,4630.58,3949.1,72,False
SKU038,2025-06-01,60,236946.0,1,0,3949.1,22,6,2025,Summer,Kitchen,Rug,2024-01-01,4630.58,3949.1,73,False
SKU038,2025-06-08,62,244844.2,2,0,3949.1,23,6,2025,Summer,Kitchen,Rug,2024-01-01,4630.58,3949.1,74,False
SKU038,2025-06-15,58,229047.8,2,0,3949.1,24,6,2025,Summer,Kitchen,Rug,2024-01-01,4630.58,3949.1,75,False
SKU038,2025-06-22,60,236946.0,2,0,3949.1,25,6,2025,Summer,Kitchen,Rug,2024-01-01,4630.58,3949.1,76,False
SKU038,2025-06-29,75,296182.5,2,0,3949.1,26,6,2025,Summer,Kitchen,Rug,2024-01-01,4630.58,3949.1,77,False
SKU038,2025-07-06,57,225098.69999999998,0,0,3949.1,27,7,2025,Monsoon,Kitchen,Rug,2024-01-01,4630.58,3949.1,78,False
SKU038,2025-07-13,57,225098.7,0,0,3949.1,28,7,2025,Monsoon,Kitchen,Rug,2024-01-01,4630.58,3949.1,79,False
SKU038,2025-07-20,59,232996.9,0,0,3949.1,29,7,2025,Monsoon,Kitchen,Rug,2024-01-01,4630.58,3949.1,80,False
SKU038,2025-07-27,50,197455.0,0,0,3949.1,30,7,2025,Monsoon,Kitchen,Rug,2024-01-01,4630.58,3949.1,81,False
SKU038,2025-08-03,45,177709.5,0,0,3949.1,31,8,2025,Monsoon,Kitchen,Rug,2024-01-01,4630.58,3949.1,82,False
SKU038,2025-08-10,42,165862.2,0,0,3949.1,32,8,2025,Monsoon,Kitchen,Rug,2024-01-01,4630.58,3949.1,83,False
SKU038,2025-08-17,60,236946.0,0,1,3949.1,33,8,2025,Monsoon,Kitchen,Rug,2024-01-01,4630.58,3949.1,84,False
SKU038,2025-08-24,47,185607.7,0,0,3949.1,34,8,2025,Monsoon,Kitchen,Rug,2024-01-01,4630.58,3949.1,85,False
SKU038,2025-08-31,49,193505.9,0,0,3949.1,35,8,2025,Monsoon,Kitchen,Rug,2024-01-01,4630.58,3949.1,86,False
SKU038,2025-09-07,48,189556.8,2,0,3949.1,36,9,2025,Monsoon,Kitchen,Rug,2024-01-01,4630.58,3949.1,87,False
SKU038,2025-09-14,47,185607.7,2,0,3949.1,37,9,2025,Monsoon,Kitchen,Rug,2024-01-01,4630.58,3949.1,88,False
SKU038,2025-09-21,40,157964.0,2,0,3949.1,38,9,2025,Monsoon,Kitchen,Rug,2024-01-01,4630.58,3949.1,89,False
SKU038,2025-09-28,49,193505.9,2,0,3949.1,39,9,2025,Monsoon,Kitchen,Rug,2024-01-01,4630.58,3949.1,90,False
SKU038,2025-10-05,40,157964.0,0,0,3949.1,40,10,2025,Autumn,Kitchen,Rug,2024-01-01,4630.58,3949.1,91,False
SKU038,2025-10-12,48,189556.8,0,0,3949.1,41,10,2025,Autumn,Kitchen,Rug,2024-01-01,4630.58,3949.1,92,False
SKU038,2025-10-19,44,173760.4,0,0,3949.1,42,10,2025,Autumn,Kitchen,Rug,2024-01-01,4630.58,3949.1,93,False
SKU038,2025-10-26,44,173760.4,0,1,3949.1,43,10,2025,Autumn,Kitchen,Rug,2024-01-01,4630.58,3949.1,94,False
SKU038,2025-11-02,37,146116.69999999998,2,0,3949.1,44,11,2025,Autumn,Kitchen,Rug,2024-01-01,4630.58,3949.1,95,False
SKU038,2025-11-09,50,197455.0,2,0,3949.1,45,11,2025,Autumn,Kitchen,Rug,2024-01-01,4630.58,3949.1,96,False
SKU038,2025-11-16,48,189556.8,2,0,3949.1,46,11,2025,Autumn,Kitchen,Rug,2024-01-01,4630.58,3949.1,97,False
SKU038,2025-11-23,61,240895.1,2,0,3949.1,47,11,2025,Autumn,Kitchen,Rug,2024-01-01,4630.58,3949.1,98,False
SKU038,2025-11-30,61,240895.1,2,0,3949.1,48,11,2025,Autumn,Kitchen,Rug,2024-01-01,4630.58,3949.1,99,False
SKU038,2025-12-07,39,154014.9,0,0,3949.1,49,12,2025,Winter,Kitchen,Rug,2024-01-01,4630.58,3949.1,100,True
SKU038,2025-12-14,49,193505.9,0,0,3949.1,50,12,2025,Winter,Kitchen,Rug,2024-01-01,4630.58,3949.1,101,True
SKU038,2025-12-21,49,193505.9,0,0,3949.1,51,12,2025,Winter,Kitchen,Rug,2024-01-01,4630.58,3949.1,102,True
SKU038,2025-12-28,56,221149.59999999998,0,1,3949.1,52,12,2025,Winter,Kitchen,Rug,2024-01-01,4630.58,3949.1,103,True
SKU039,2024-01-07,24,170854.8,0,0,7118.95,1,1,2024,Winter,Lighting,Organizer,2022-11-01,6178.74,7118.95,61,False
SKU039,2024-01-14,16,113903.2,0,0,7118.95,2,1,2024,Winter,Lighting,Organizer,2022-11-01,6178.74,7118.95,62,False
SKU039,2024-01-21,16,113903.2,0,0,7118.95,3,1,2024,Winter,Lighting,Organizer,2022-11-01,6178.74,7118.95,63,False
SKU039,2024-01-28,20,142379.0,0,1,7118.95,4,1,2024,Winter,Lighting,Organizer,2022-11-01,6178.74,7118.95,64,False
SKU039,2024-02-04,27,192211.65,0,0,7118.95,5,2,2024,Winter,Lighting,Organizer,2022-11-01,6178.74,7118.95,65,False
SKU039,2024-02-11,21,149497.95,0,0,7118.95,6,2,2024,Winter,Lighting,Organizer,2022-11-01,6178.74,7118.95,66,False
SKU039,2024-02-18,28,199330.59999999998,0,0,7118.95,7,2,2024,Winter,Lighting,Organizer,2022-11-01,6178.74,7118.95,67,False
SKU039,2024-02-25,30,213568.5,0,0,7118.95,8,2,2024,Winter,Lighting,Organizer,2022-11-01,6178.74,7118.95,68,False
SKU039,2024-03-03,25,177973.75,2,0,7118.95,9,3,2024,Spring,Lighting,Organizer,2022-11-01,6178.74,7118.95,69,False
SKU039,2024-03-10,24,170854.8,2,0,7118.95,10,3,2024,Spring,Lighting,Organizer,2022-11-01,6178.74,7118.95,70,False
SKU039,2024-03-17,34,242044.3,2,0,7118.95,11,3,2024,Spring,Lighting,Organizer,2022-11-01,6178.74,7118.95,71,False
SKU039,2024-03-24,27,192211.65,2,0,7118.95,12,3,2024,Spring,Lighting,Organizer,2022-11-01,6178.74,7118.95,72,False
SKU039,2024-03-31,22,156616.9,2,0,7118.95,13,3,2024,Spring,Lighting,Organizer,2022-11-01,6178.74,7118.95,73,False
SKU039,2024-04-07,30,213568.5,0,0,7118.95,14,4,2024,Spring,Lighting,Organizer,2022-11-01,6178.74,7118.95,74,False
SKU039,2024-04-14,31,220687.45,0,0,7118.95,15,4,2024,Spring,Lighting,Organizer,2022-11-01,6178.74,7118.95,75,False
SKU039,2024-04-21,17,121022.15,0,0,7118.95,16,4,2024,Spring,Lighting,Organizer,2022-11-01,6178.74,7118.95,76,False
SKU039,2024-04-28,29,206449.55,0,0,7118.95,17,4,2024,Spring,Lighting,Organizer,2022-11-01,6178.74,7118.95,77,False
SKU039,2024-05-05,21,149497.95,0,0,7118.95,18,5,2024,Summer,Lighting,Organizer,2022-11-01,6178.74,7118.95,78,False
SKU039,2024-05-12,29,206449.55,0,0,7118.95,19,5,2024,Summer,Lighting,Organizer,2022-11-01,6178.74,7118.95,79,False
SKU039,2024-05-19,27,192211.65,0,0,7118.95,20,5,2024,Summer,Lighting,Organizer,2022-11-01,6178.74,7118.95,80,False
SKU039,2024-05-26,25,177973.75,0,0,7118.95,21,5,2024,Summer,Lighting,Organizer,2022-11-01,6178.74,7118.95,81,False
SKU039,2024-06-02,27,192211.65,2,0,7118.95,22,6,2024,Summer,Lighting,Organizer,2022-11-01,6178.74,7118.95,82,False
SKU039,2024-06-09,25,177973.75,2,0,7118.95,23,6,2024,Summer,Lighting,Organizer,2022-11-01,6178.74,7118.95,83,False
SKU039,2024-06-16,24,170854.8,2,0,7118.95,24,6,2024,Summer,Lighting,Organizer,2022-11-01,6178.74,7118.95,84,False
SKU039,2024-06-23,25,177973.75,2,0,7118.95,25,6,2024,Summer,Lighting,Organizer,2022-11-01,6178.74,7118.95,85,False
SKU039,2024-06-30,21,149497.94999999998,2,0,7118.95,26,6,2024,Summer,Lighting,Organizer,2022-11-01,6178.74,7118.95,86,False
SKU039,2024-07-07,21,149497.94999999998,0,0,7118.95,27,7,2024,Monsoon,Lighting,Organizer,2022-11-01,6178.74,7118.95,87,False
SKU039,2024-07-14,18,128141.09999999999,0,0,7118.95,28,7,2024,Monsoon,Lighting,Organizer,2022-11-01,6178.74,7118.95,88,False
SKU039,2024-07-21,18,128141.09999999999,0,0,7118.95,29,7,2024,Monsoon,Lighting,Organizer,2022-11-01,6178.74,7118.95,89,False
SKU039,2024-07-28,16,113903.2,0,0,7118.95,30,7,2024,Monsoon,Lighting,Organizer,2022-11-01,6178.74,7118.95,90,False
SKU039,2024-08-04,15,106784.25,0,0,7118.95,31,8,2024,Monsoon,Lighting,Organizer,2022-11-01,6178.74,7118.95,91,False
SKU039,2024-08-11,16,113903.2,0,0,7118.95,32,8,2024,Monsoon,Lighting,Organizer,2022-11-01,6178.74,7118.95,92,False
SKU039,2024-08-18,24,170854.8,0,1,7118.95,33,8,2024,Monsoon,Lighting,Organizer,2022-11-01,6178.74,7118.95,93,False
SKU039,2024-08-25,29,206449.55,0,0,7118.95,34,8,2024,Monsoon,Lighting,Organizer,2022-11-01,6178.74,7118.95,94,False
SKU039,2024-09-01,16,113903.2,1,0,7118.95,35,9,2024,Monsoon,Lighting,Organizer,2022-11-01,6178.74,7118.95,95,False
SKU039,2024-09-08,26,185092.69999999998,2,0,7118.95,36,9,2024,Monsoon,Lighting,Organizer,2022-11-01,6178.74,7118.95,96,False
SKU039,2024-09-15,22,156616.9,2,0,7118.95,37,9,2024,Monsoon,Lighting,Organizer,2022-11-01,6178.74,7118.95,97,False
SKU039,2024-09-22,22,156616.9,2,0,7118.95,38,9,2024,Monsoon,Lighting,Organizer,2022-11-01,6178.74,7118.95,98,False
SKU039,2024-09-29,24,170854.8,2,0,7118.95,39,9,2024,Monsoon,Lighting,Organizer,2022-11-01,6178.74,7118.95,99,False
SKU039,2024-10-06,16,113903.2,0,0,7118.95,40,10,2024,Autumn,Lighting,Organizer,2022-11-01,6178.74,7118.95,100,False
SKU039,2024-10-13,9,64070.55,0,0,7118.95,41,10,2024,Autumn,Lighting,Organizer,2022-11-01,6178.74,7118.95,101,False
SKU039,2024-10-20,18,128141.1,0,0,7118.95,42,10,2024,Autumn,Lighting,Organizer,2022-11-01,6178.74,7118.95,102,False
SKU039,2024-10-27,19,135260.05,0,0,7118.95,43,10,2024,Autumn,Lighting,Organizer,2022-11-01,6178.74,7118.95,103,False
SKU039,2024-11-03,21,149497.95,2,1,7118.95,44,11,2024,Autumn,Lighting,Organizer,2022-11-01,6178.74,7118.95,104,False
SKU039,2024-11-10,24,170854.8,2,0,7118.95,45,11,2024,Autumn,Lighting,Organizer,2022-11-01,6178.74,7118.95,105,False
SKU039,2024-11-17,18,128141.09999999999,2,0,7118.95,46,11,2024,Autumn,Lighting,Organizer,2022-11-01,6178.74,7118.95,106,False
SKU039,2024-11-24,24,170854.8,2,0,7118.95,47,11,2024,Autumn,Lighting,Organizer,2022-11-01,6178.74,7118.95,107,False
SKU039,2024-12-01,11,78308.45,1,0,7118.95,48,12,2024,Winter,Lighting,Organizer,2022-11-01,6178.74,7118.95,108,False
SKU039,2024-12-08,14,99665.29999999999,0,0,7118.95,49,12,2024,Winter,Lighting,Organizer,2022-11-01,6178.74,7118.95,109,False
SKU039,2024-12-15,17,121022.15,0,0,7118.95,50,12,2024,Winter,Lighting,Organizer,2022-11-01,6178.74,7118.95,110,False
SKU039,2024-12-22,13,92546.35,0,0,7118.95,51,12,2024,Winter,Lighting,Organizer,2022-11-01,6178.74,7118.95,111,False
SKU039,2024-12-29,16,113903.2,0,1,7118.95,52,12,2024,Winter,Lighting,Organizer,2022-11-01,6178.74,7118.95,112,False
SKU039,2025-01-05,13,92546.34999999999,0,0,7118.95,1,1,2025,Winter,Lighting,Organizer,2022-11-01,6178.74,7118.95,113,False
SKU039,2025-01-12,25,177973.75,0,0,7118.95,2,1,2025,Winter,Lighting,Organizer,2022-11-01,6178.74,7118.95,114,False
SKU039,2025-01-19,25,177973.75,0,0,7118.95,3,1,2025,Winter,Lighting,Organizer,2022-11-01,6178.74,7118.95,115,False
SKU039,2025-01-26,24,170854.8,0,1,7118.95,4,1,2025,Winter,Lighting,Organizer,2022-11-01,6178.74,7118.95,116,False
SKU039,2025-02-02,25,177973.75,0,0,7118.95,5,2,2025,Winter,Lighting,Organizer,2022-11-01,6178.74,7118.95,117,False
SKU039,2025-02-09,26,185092.7,0,0,7118.95,6,2,2025,Winter,Lighting,Organizer,2022-11-01,6178.74,7118.95,118,False
SKU039,2025-02-16,29,206449.55,0,0,7118.95,7,2,2025,Winter,Lighting,Organizer,2022-11-01,6178.74,7118.95,119,False
SKU039,2025-02-23,18,128141.09999999999,0,0,7118.95,8,2,2025,Winter,Lighting,Organizer,2022-11-01,6178.74,7118.95,120,False
SKU039,2025-03-02,28,199330.6,2,0,7118.95,9,3,2025,Spring,Lighting,Organizer,2022-11-01,6178.74,7118.95,121,False
SKU039,2025-03-09,31,220687.45,2,0,7118.95,10,3,2025,Spring,Lighting,Organizer,2022-11-01,6178.74,7118.95,122,False
SKU039,2025-03-16,20,142379.0,2,0,7118.95,11,3,2025,Spring,Lighting,Organizer,2022-11-01,6178.74,7118.95,123,False
SKU039,2025-03-23,23,163735.85,2,0,7118.95,12,3,2025,Spring,Lighting,Organizer,2022-11-01,6178.74,7118.95,124,False
SKU039,2025-03-30,20,142379.0,2,0,7118.95,13,3,2025,Spring,Lighting,Organizer,2022-11-01,6178.74,7118.95,125,False
SKU039,2025-04-06,27,192211.65,0,0,7118.95,14,4,2025,Spring,Lighting,Organizer,2022-11-01,6178.74,7118.95,126,False
SKU039,2025-04-13,24,170854.8,0,0,7118.95,15,4,2025,Spring,Lighting,Organizer,2022-11-01,6178.74,7118.95,127,False
SKU039,2025-04-20,24,170854.8,0,0,7118.95,16,4,2025,Spring,Lighting,Organizer,2022-11-01,6178.74,7118.95,128,False
SKU039,2025-04-27,18,128141.09999999999,0,0,7118.95,17,4,2025,Spring,Lighting,Organizer,2022-11-01,6178.74,7118.95,129,False
SKU039,2025-05-04,23,163735.85,0,0,7118.95,18,5,2025,Summer,Lighting,Organizer,2022-11-01,6178.74,7118.95,130,False
SKU039,2025-05-11,33,234925.35,0,0,7118.95,19,5,2025,Summer,Lighting,Organizer,2022-11-01,6178.74,7118.95,131,False
SKU039,2025-05-18,29,206449.55,0,0,7118.95,20,5,2025,Summer,Lighting,Organizer,2022-11-01,6178.74,7118.95,132,False
SKU039,2025-05-25,24,170854.8,0,0,7118.95,21,5,2025,Summer,Lighting,Organizer,2022-11-01,6178.74,7118.95,133,False
SKU039,2025-06-01,20,142379.0,1,0,7118.95,22,6,2025,Summer,Lighting,Organizer,2022-11-01,6178.74,7118.95,134,False
SKU039,2025-06-08,26,185092.7,2,0,7118.95,23,6,2025,Summer,Lighting,Organizer,2022-11-01,6178.74,7118.95,135,False
SKU039,2025-06-15,26,185092.69999999998,2,0,7118.95,24,6,2025,Summer,Lighting,Organizer,2022-11-01,6178.74,7118.95,136,False
SKU039,2025-06-22,32,227806.4,2,0,7118.95,25,6,2025,Summer,Lighting,Organizer,2022-11-01,6178.74,7118.95,137,False
SKU039,2025-06-29,31,220687.44999999998,2,0,7118.95,26,6,2025,Summer,Lighting,Organizer,2022-11-01,6178.74,7118.95,138,False
SKU039,2025-07-06,19,135260.05,0,0,7118.95,27,7,2025,Monsoon,Lighting,Organizer,2022-11-01,6178.74,7118.95,139,False
SKU039,2025-07-13,24,170854.8,0,0,7118.95,28,7,2025,Monsoon,Lighting,Organizer,2022-11-01,6178.74,7118.95,140,False
SKU039,2025-07-20,18,128141.09999999999,0,0,7118.95,29,7,2025,Monsoon,Lighting,Organizer,2022-11-01,6178.74,7118.95,141,False
SKU039,2025-07-27,34,242044.3,0,0,7118.95,30,7,2025,Monsoon,Lighting,Organizer,2022-11-01,6178.74,7118.95,142,False
SKU039,2025-08-03,23,163735.85,0,0,7118.95,31,8,2025,Monsoon,Lighting,Organizer,2022-11-01,6178.74,7118.95,143,False
SKU039,2025-08-10,23,163735.85,0,0,7118.95,32,8,2025,Monsoon,Lighting,Organizer,2022-11-01,6178.74,7118.95,144,False
SKU039,2025-08-17,20,142379.0,0,1,7118.95,33,8,2025,Monsoon,Lighting,Organizer,2022-11-01,6178.74,7118.95,145,False
SKU039,2025-08-24,18,128141.1,0,0,7118.95,34,8,2025,Monsoon,Lighting,Organizer,2022-11-01,6178.74,7118.95,146,False
SKU039,2025-08-31,13,92546.34999999999,0,0,7118.95,35,8,2025,Monsoon,Lighting,Organizer,2022-11-01,6178.74,7118.95,147,False
SKU039,2025-09-07,17,121022.15,2,0,7118.95,36,9,2025,Monsoon,Lighting,Organizer,2022-11-01,6178.74,7118.95,148,False
SKU039,2025-09-14,20,142379.0,2,0,7118.95,37,9,2025,Monsoon,Lighting,Organizer,2022-11-01,6178.74,7118.95,149,False
SKU039,2025-09-21,18,128141.09999999999,2,0,7118.95,38,9,2025,Monsoon,Lighting,Organizer,2022-11-01,6178.74,7118.95,150,False
SKU039,2025-09-28,25,177973.75,2,0,7118.95,39,9,2025,Monsoon,Lighting,Organizer,2022-11-01,6178.74,7118.95,151,False
SKU039,2025-10-05,26,185092.69999999998,0,0,7118.95,40,10,2025,Autumn,Lighting,Organizer,2022-11-01,6178.74,7118.95,152,False
SKU039,2025-10-12,17,121022.15,0,0,7118.95,41,10,2025,Autumn,Lighting,Organizer,2022-11-01,6178.74,7118.95,153,False
SKU039,2025-10-19,16,113903.2,0,0,7118.95,42,10,2025,Autumn,Lighting,Organizer,2022-11-01,6178.74,7118.95,154,False
SKU039,2025-10-26,19,135260.05,0,1,7118.95,43,10,2025,Autumn,Lighting,Organizer,2022-11-01,6178.74,7118.95,155,False
SKU039,2025-11-02,18,128141.09999999999,2,0,7118.95,44,11,2025,Autumn,Lighting,Organizer,2022-11-01,6178.74,7118.95,156,False
SKU039,2025-11-09,18,128141.09999999999,2,0,7118.95,45,11,2025,Autumn,Lighting,Organizer,2022-11-01,6178.74,7118.95,157,False
SKU039,2025-11-16,24,170854.8,2,0,7118.95,46,11,2025,Autumn,Lighting,Organizer,2022-11-01,6178.74,7118.95,158,False
SKU039,2025-11-23,18,128141.1,2,0,7118.95,47,11,2025,Autumn,Lighting,Organizer,2022-11-01,6178.74,7118.95,159,False
SKU039,2025-11-30,13,92546.35,2,0,7118.95,48,11,2025,Autumn,Lighting,Organizer,2022-11-01,6178.74,7118.95,160,False
SKU039,2025-12-07,23,163735.85,0,0,7118.95,49,12,2025,Winter,Lighting,Organizer,2022-11-01,6178.74,7118.95,161,True
SKU039,2025-12-14,15,106784.25,0,0,7118.95,50,12,2025,Winter,Lighting,Organizer,2022-11-01,6178.74,7118.95,162,True
SKU039,2025-12-21,12,85427.4,0,0,7118.95,51,12,2025,Winter,Lighting,Organizer,2022-11-01,6178.74,7118.95,163,True
SKU039,2025-12-28,21,149497.94999999998,0,1,7118.95,52,12,2025,Winter,Lighting,Organizer,2022-11-01,6178.74,7118.95,164,True
SKU040,2024-01-07,104,254858.24,0,0,2450.56,1,1,2024,Winter,Storage,Sofa,2023-11-26,5169.07,2450.56,6,False
SKU040,2024-01-14,116,284264.95999999996,0,0,2450.56,2,1,2024,Winter,Storage,Sofa,2023-11-26,5169.07,2450.56,7,False
SKU040,2024-01-21,105,257308.8,0,0,2450.56,3,1,2024,Winter,Storage,Sofa,2023-11-26,5169.07,2450.56,8,False
SKU040,2024-01-28,92,225451.52,0,1,2450.56,4,1,2024,Winter,Storage,Sofa,2023-11-26,5169.07,2450.56,9,False
SKU040,2024-02-04,118,289166.08,0,0,2450.56,5,2,2024,Winter,Storage,Sofa,2023-11-26,5169.07,2450.56,10,False
SKU040,2024-02-11,117,286715.51999999996,0,0,2450.56,6,2,2024,Winter,Storage,Sofa,2023-11-26,5169.07,2450.56,11,False
SKU040,2024-02-18,122,298968.32,0,0,2450.56,7,2,2024,Winter,Storage,Sofa,2023-11-26,5169.07,2450.56,12,False
SKU040,2024-02-25,110,269561.6,0,0,2450.56,8,2,2024,Winter,Storage,Sofa,2023-11-26,5169.07,2450.56,13,False
SKU040,2024-03-03,137,335726.72,2,0,2450.56,9,3,2024,Spring,Storage,Sofa,2023-11-26,5169.07,2450.56,14,False
SKU040,2024-03-10,114,279363.83999999997,2,0,2450.56,10,3,2024,Spring,Storage,Sofa,2023-11-26,5169.07,2450.56,15,False
SKU040,2024-03-17,140,343078.4,2,0,2450.56,11,3,2024,Spring,Storage,Sofa,2023-11-26,5169.07,2450.56,16,False
SKU040,2024-03-24,173,423946.88,2,0,2450.56,12,3,2024,Spring,Storage,Sofa,2023-11-26,5169.07,2450.56,17,False
SKU040,2024-03-31,147,360232.32,2,0,2450.56,13,3,2024,Spring,Storage,Sofa,2023-11-26,5169.07,2450.56,18,False
SKU040,2024-04-07,109,267111.04,0,0,2450.56,14,4,2024,Spring,Storage,Sofa,2023-11-26,5169.07,2450.56,19,False
SKU040,2024-04-14,126,308770.56,0,0,2450.56,15,4,2024,Spring,Storage,Sofa,2023-11-26,5169.07,2450.56,20,False
SKU040,2024-04-21,131,321023.36,0,0,2450.56,16,4,2024,Spring,Storage,Sofa,2023-11-26,5169.07,2450.56,21,False
SKU040,2024-04-28,117,286715.52,0,0,2450.56,17,4,2024,Spring,Storage,Sofa,2023-11-26,5169.07,2450.56,22,False
SKU040,2024-05-05,119,291616.64,0,0,2450.56,18,5,2024,Summer,Storage,Sofa,2023-11-26,5169.07,2450.56,23,False
SKU040,2024-05-12,125,306320.0,0,0,2450.56,19,5,2024,Summer,Storage,Sofa,2023-11-26,5169.07,2450.56,24,False
SKU040,2024-05-19,108,264660.48,0,0,2450.56,20,5,2024,Summer,Storage,Sofa,2023-11-26,5169.07,2450.56,25,False
SKU040,2024-05-26,119,291616.64,0,0,2450.56,21,5,2024,Summer,Storage,Sofa,2023-11-26,5169.07,2450.56,26,False
SKU040,2024-06-02,135,330825.6,2,0,2450.56,22,6,2024,Summer,Storage,Sofa,2023-11-26,5169.07,2450.56,27,False
SKU040,2024-06-09,128,313671.68,2,0,2450.56,23,6,2024,Summer,Storage,Sofa,2023-11-26,5169.07,2450.56,28,False
SKU040,2024-06-16,128,313671.68,2,0,2450.56,24,6,2024,Summer,Storage,Sofa,2023-11-26,5169.07,2450.56,29,False
SKU040,2024-06-23,124,303869.44,2,0,2450.56,25,6,2024,Summer,Storage,Sofa,2023-11-26,5169.07,2450.56,30,False
SKU040,2024-06-30,97,237704.32,2,0,2450.56,26,6,2024,Summer,Storage,Sofa,2023-11-26,5169.07,2450.56,31,False
SKU040,2024-07-07,103,252407.68,0,0,2450.56,27,7,2024,Monsoon,Storage,Sofa,2023-11-26,5169.07,2450.56,32,False
SKU040,2024-07-14,116,284264.96,0,0,2450.56,28,7,2024,Monsoon,Storage,Sofa,2023-11-26,5169.07,2450.56,33,False
SKU040,2024-07-21,102,249957.12,0,0,2450.56,29,7,2024,Monsoon,Storage,Sofa,2023-11-26,5169.07,2450.56,34,False
SKU040,2024-07-28,109,267111.04,0,0,2450.56,30,7,2024,Monsoon,Storage,Sofa,2023-11-26,5169.07,2450.56,35,False
SKU040,2024-08-04,109,267111.04,0,0,2450.56,31,8,2024,Monsoon,Storage,Sofa,2023-11-26,5169.07,2450.56,36,False
SKU040,2024-08-11,103,252407.68,0,0,2450.56,32,8,2024,Monsoon,Storage,Sofa,2023-11-26,5169.07,2450.56,37,False
SKU040,2024-08-18,109,267111.04,0,1,2450.56,33,8,2024,Monsoon,Storage,Sofa,2023-11-26,5169.07,2450.56,38,False
SKU040,2024-08-25,110,269561.6,0,0,2450.56,34,8,2024,Monsoon,Storage,Sofa,2023-11-26,5169.07,2450.56,39,False
SKU040,2024-09-01,85,208297.6,1,0,2450.56,35,9,2024,Monsoon,Storage,Sofa,2023-11-26,5169.07,2450.56,40,False
SKU040,2024-09-08,94,230352.64,2,0,2450.56,36,9,2024,Monsoon,Storage,Sofa,2023-11-26,5169.07,2450.56,41,False
SKU040,2024-09-15,109,267111.04,2,0,2450.56,37,9,2024,Monsoon,Storage,Sofa,2023-11-26,5169.07,2450.56,42,False
SKU040,2024-09-22,89,218099.84,2,0,2450.56,38,9,2024,Monsoon,Storage,Sofa,2023-11-26,5169.07,2450.56,43,False
SKU040,2024-09-29,84,205847.04,2,0,2450.56,39,9,2024,Monsoon,Storage,Sofa,2023-11-26,5169.07,2450.56,44,False
SKU040,2024-10-06,91,223000.96,0,0,2450.56,40,10,2024,Autumn,Storage,Sofa,2023-11-26,5169.07,2450.56,45,False
SKU040,2024-10-13,93,227902.08,0,0,2450.56,41,10,2024,Autumn,Storage,Sofa,2023-11-26,5169.07,2450.56,46,False
SKU040,2024-10-20,96,235253.76,0,0,2450.56,42,10,2024,Autumn,Storage,Sofa,2023-11-26,5169.07,2450.56,47,False
SKU040,2024-10-27,92,225451.52,0,0,2450.56,43,10,2024,Autumn,Storage,Sofa,2023-11-26,5169.07,2450.56,48,False
SKU040,2024-11-03,89,218099.84,2,1,2450.56,44,11,2024,Autumn,Storage,Sofa,2023-11-26,5169.07,2450.56,49,False
SKU040,2024-11-10,114,279363.83999999997,2,0,2450.56,45,11,2024,Autumn,Storage,Sofa,2023-11-26,5169.07,2450.56,50,False
SKU040,2024-11-17,101,247506.56,2,0,2450.56,46,11,2024,Autumn,Storage,Sofa,2023-11-26,5169.07,2450.56,51,False
SKU040,2024-11-24,92,225451.52,2,0,2450.56,47,11,2024,Autumn,Storage,Sofa,2023-11-26,5169.07,2450.56,52,False
SKU040,2024-12-01,92,225451.52,1,0,2450.56,48,12,2024,Winter,Storage,Sofa,2023-11-26,5169.07,2450.56,53,False
SKU040,2024-12-08,97,237704.32,0,0,2450.56,49,12,2024,Winter,Storage,Sofa,2023-11-26,5169.07,2450.56,54,False
SKU040,2024-12-15,90,220550.4,0,0,2450.56,50,12,2024,Winter,Storage,Sofa,2023-11-26,5169.07,2450.56,55,False
SKU040,2024-12-22,99,242605.44,0,0,2450.56,51,12,2024,Winter,Storage,Sofa,2023-11-26,5169.07,2450.56,56,False
SKU040,2024-12-29,103,252407.68,0,1,2450.56,52,12,2024,Winter,Storage,Sofa,2023-11-26,5169.07,2450.56,57,False
SKU040,2025-01-05,101,247506.56,0,0,2450.56,1,1,2025,Winter,Storage,Sofa,2023-11-26,5169.07,2450.56,58,False
SKU040,2025-01-12,115,281814.4,0,0,2450.56,2,1,2025,Winter,Storage,Sofa,2023-11-26,5169.07,2450.56,59,False
SKU040,2025-01-19,112,274462.72,0,0,2450.56,3,1,2025,Winter,Storage,Sofa,2023-11-26,5169.07,2450.56,60,False
SKU040,2025-01-26,101,247506.56,0,1,2450.56,4,1,2025,Winter,Storage,Sofa,2023-11-26,5169.07,2450.56,61,False
SKU040,2025-02-02,110,269561.6,0,0,2450.56,5,2,2025,Winter,Storage,Sofa,2023-11-26,5169.07,2450.56,62,False
SKU040,2025-02-09,102,249957.12,0,0,2450.56,6,2,2025,Winter,Storage,Sofa,2023-11-26,5169.07,2450.56,63,False
SKU040,2025-02-16,125,306320.0,0,0,2450.56,7,2,2025,Winter,Storage,Sofa,2023-11-26,5169.07,2450.56,64,False
SKU040,2025-02-23,111,272012.16000000003,0,0,2450.56,8,2,2025,Winter,Storage,Sofa,2023-11-26,5169.07,2450.56,65,False
SKU040,2025-03-02,136,333276.16,2,0,2450.56,9,3,2025,Spring,Storage,Sofa,2023-11-26,5169.07,2450.56,66,False
SKU040,2025-03-09,126,308770.56,2,0,2450.56,10,3,2025,Spring,Storage,Sofa,2023-11-26,5169.07,2450.56,67,False
SKU040,2025-03-16,146,357781.76,2,0,2450.56,11,3,2025,Spring,Storage,Sofa,2023-11-26,5169.07,2450.56,68,False
SKU040,2025-03-23,151,370034.56,2,0,2450.56,12,3,2025,Spring,Storage,Sofa,2023-11-26,5169.07,2450.56,69,False
SKU040,2025-03-30,120,294067.2,2,0,2450.56,13,3,2025,Spring,Storage,Sofa,2023-11-26,5169.07,2450.56,70,False
SKU040,2025-04-06,135,330825.6,0,0,2450.56,14,4,2025,Spring,Storage,Sofa,2023-11-26,5169.07,2450.56,71,False
SKU040,2025-04-13,122,298968.32,0,0,2450.56,15,4,2025,Spring,Storage,Sofa,2023-11-26,5169.07,2450.56,72,False
SKU040,2025-04-20,116,284264.95999999996,0,0,2450.56,16,4,2025,Spring,Storage,Sofa,2023-11-26,5169.07,2450.56,73,False
SKU040,2025-04-27,100,245056.0,0,0,2450.56,17,4,2025,Spring,Storage,Sofa,2023-11-26,5169.07,2450.56,74,False
SKU040,2025-05-04,136,333276.16,0,0,2450.56,18,5,2025,Summer,Storage,Sofa,2023-11-26,5169.07,2450.56,75,False
SKU040,2025-05-11,129,316122.24,0,0,2450.56,19,5,2025,Summer,Storage,Sofa,2023-11-26,5169.07,2450.56,76,False
SKU040,2025-05-18,122,298968.32,0,0,2450.56,20,5,2025,Summer,Storage,Sofa,2023-11-26,5169.07,2450.56,77,False
SKU040,2025-05-25,123,301418.88,0,0,2450.56,21,5,2025,Summer,Storage,Sofa,2023-11-26,5169.07,2450.56,78,False
SKU040,2025-06-01,134,328375.04,1,0,2450.56,22,6,2025,Summer,Storage,Sofa,2023-11-26,5169.07,2450.56,79,False
SKU040,2025-06-08,124,303869.44,2,0,2450.56,23,6,2025,Summer,Storage,Sofa,2023-11-26,5169.07,2450.56,80,False
SKU040,2025-06-15,113,276913.28,2,0,2450.56,24,6,2025,Summer,Storage,Sofa,2023-11-26,5169.07,2450.56,81,False
SKU040,2025-06-22,125,306320.0,2,0,2450.56,25,6,2025,Summer,Storage,Sofa,2023-11-26,5169.07,2450.56,82,False
SKU040,2025-06-29,119,291616.64,2,0,2450.56,26,6,2025,Summer,Storage,Sofa,2023-11-26,5169.07,2450.56,83,False
SKU040,2025-07-06,117,286715.52,0,0,2450.56,27,7,2025,Monsoon,Storage,Sofa,2023-11-26,5169.07,2450.56,84,False
SKU040,2025-07-13,106,259759.36,0,0,2450.56,28,7,2025,Monsoon,Storage,Sofa,2023-11-26,5169.07,2450.56,85,False
SKU040,2025-07-20,99,242605.44,0,0,2450.56,29,7,2025,Monsoon,Storage,Sofa,2023-11-26,5169.07,2450.56,86,False
SKU040,2025-07-27,97,237704.32,0,0,2450.56,30,7,2025,Monsoon,Storage,Sofa,2023-11-26,5169.07,2450.56,87,False
SKU040,2025-08-03,108,264660.48,0,0,2450.56,31,8,2025,Monsoon,Storage,Sofa,2023-11-26,5169.07,2450.56,88,False
SKU040,2025-08-10,90,220550.4,0,0,2450.56,32,8,2025,Monsoon,Storage,Sofa,2023-11-26,5169.07,2450.56,89,False
SKU040,2025-08-17,92,225451.52000000002,0,1,2450.56,33,8,2025,Monsoon,Storage,Sofa,2023-11-26,5169.07,2450.56,90,False
SKU040,2025-08-24,110,269561.6,0,0,2450.56,34,8,2025,Monsoon,Storage,Sofa,2023-11-26,5169.07,2450.56,91,False
SKU040,2025-08-31,99,242605.44,0,0,2450.56,35,8,2025,Monsoon,Storage,Sofa,2023-11-26,5169.07,2450.56,92,False
SKU040,2025-09-07,105,257308.8,2,0,2450.56,36,9,2025,Monsoon,Storage,Sofa,2023-11-26,5169.07,2450.56,93,False
SKU040,2025-09-14,106,259759.36,2,0,2450.56,37,9,2025,Monsoon,Storage,Sofa,2023-11-26,5169.07,2450.56,94,False
SKU040,2025-09-21,109,267111.04,2,0,2450.56,38,9,2025,Monsoon,Storage,Sofa,2023-11-26,5169.07,2450.56,95,False
SKU040,2025-09-28,87,213198.72,2,0,2450.56,39,9,2025,Monsoon,Storage,Sofa,2023-11-26,5169.07,2450.56,96,False
SKU040,2025-10-05,76,186242.56,0,0,2450.56,40,10,2025,Autumn,Storage,Sofa,2023-11-26,5169.07,2450.56,97,False
SKU040,2025-10-12,82,200945.91999999998,0,0,2450.56,41,10,2025,Autumn,Storage,Sofa,2023-11-26,5169.07,2450.56,98,False
SKU040,2025-10-19,81,198495.36,0,0,2450.56,42,10,2025,Autumn,Storage,Sofa,2023-11-26,5169.07,2450.56,99,False
SKU040,2025-10-26,91,223000.96,0,1,2450.56,43,10,2025,Autumn,Storage,Sofa,2023-11-26,5169.07,2450.56,100,False
SKU040,2025-11-02,103,252407.68,2,0,2450.56,44,11,2025,Autumn,Storage,Sofa,2023-11-26,5169.07,2450.56,101,False
SKU040,2025-11-09,89,218099.84,2,0,2450.56,45,11,2025,Autumn,Storage,Sofa,2023-11-26,5169.07,2450.56,102,False
SKU040,2025-11-16,98,240154.88,2,0,2450.56,46,11,2025,Autumn,Storage,Sofa,2023-11-26,5169.07,2450.56,103,False
SKU040,2025-11-23,86,210748.15999999997,2,0,2450.56,47,11,2025,Autumn,Storage,Sofa,2023-11-26,5169.07,2450.56,104,False
SKU040,2025-11-30,76,186242.56,2,0,2450.56,48,11,2025,Autumn,Storage,Sofa,2023-11-26,5169.07,2450.56,105,False
SKU040,2025-12-07,103,252407.68,0,0,2450.56,49,12,2025,Winter,Storage,Sofa,2023-11-26,5169.07,2450.56,106,True
SKU040,2025-12-14,101,247506.56,0,0,2450.56,50,12,2025,Winter,Storage,Sofa,2023-11-26,5169.07,2450.56,107,True
SKU040,2025-12-21,93,227902.08,0,0,2450.56,51,12,2025,Winter,Storage,Sofa,2023-11-26,5169.07,2450.56,108,True
SKU040,2025-12-28,76,186242.56,0,1,2450.56,52,12,2025,Winter,Storage,Sofa,2023-11-26,5169.07,2450.56,109,True
SKU041,2024-01-07,73,754581.29,0,0,10336.73,1,1,2024,Winter,Furniture,Chair,2022-07-01,4540.24,10336.73,79,False
SKU041,2024-01-14,80,826938.3999999999,0,0,10336.73,2,1,2024,Winter,Furniture,Chair,2022-07-01,4540.24,10336.73,80,False
SKU041,2024-01-21,66,682224.18,0,0,10336.73,3,1,2024,Winter,Furniture,Chair,2022-07-01,4540.24,10336.73,81,False
SKU041,2024-01-28,82,847611.86,0,1,10336.73,4,1,2024,Winter,Furniture,Chair,2022-07-01,4540.24,10336.73,82,False
SKU041,2024-02-04,83,857948.59,0,0,10336.73,5,2,2024,Winter,Furniture,Chair,2022-07-01,4540.24,10336.73,83,False
SKU041,2024-02-11,76,785591.48,0,0,10336.73,6,2,2024,Winter,Furniture,Chair,2022-07-01,4540.24,10336.73,84,False
SKU041,2024-02-18,77,795928.21,0,0,10336.73,7,2,2024,Winter,Furniture,Chair,2022-07-01,4540.24,10336.73,85,False
SKU041,2024-02-25,72,744244.5599999999,0,0,10336.73,8,2,2024,Winter,Furniture,Chair,2022-07-01,4540.24,10336.73,86,False
SKU041,2024-03-03,94,971652.62,2,0,10336.73,9,3,2024,Spring,Furniture,Chair,2022-07-01,4540.24,10336.73,87,False
SKU041,2024-03-10,91,940642.43,2,0,10336.73,10,3,2024,Spring,Furniture,Chair,2022-07-01,4540.24,10336.73,88,False
SKU041,2024-03-17,101,1044009.73,2,0,10336.73,11,3,2024,Spring,Furniture,Chair,2022-07-01,4540.24,10336.73,89,False
SKU041,2024-03-24,110,1137040.3,2,0,10336.73,12,3,2024,Spring,Furniture,Chair,2022-07-01,4540.24,10336.73,90,False
SKU041,2024-03-31,115,1188723.95,2,0,10336.73,13,3,2024,Spring,Furniture,Chair,2022-07-01,4540.24,10336.73,91,False
SKU041,2024-04-07,95,981989.35,0,0,10336.73,14,4,2024,Spring,Furniture,Chair,2022-07-01,4540.24,10336.73,92,False
SKU041,2024-04-14,78,806264.94,0,0,10336.73,15,4,2024,Spring,Furniture,Chair,2022-07-01,4540.24,10336.73,93,False
SKU041,2024-04-21,99,1023336.27,0,0,10336.73,16,4,2024,Spring,Furniture,Chair,2022-07-01,4540.24,10336.73,94,False
SKU041,2024-04-28,73,754581.29,0,0,10336.73,17,4,2024,Spring,Furniture,Chair,2022-07-01,4540.24,10336.73,95,False
SKU041,2024-05-05,98,1012999.54,0,0,10336.73,18,5,2024,Summer,Furniture,Chair,2022-07-01,4540.24,10336.73,96,False
SKU041,2024-05-12,101,1044009.73,0,0,10336.73,19,5,2024,Summer,Furniture,Chair,2022-07-01,4540.24,10336.73,97,False
SKU041,2024-05-19,78,806264.94,0,0,10336.73,20,5,2024,Summer,Furniture,Chair,2022-07-01,4540.24,10336.73,98,False
SKU041,2024-05-26,79,816601.67,0,0,10336.73,21,5,2024,Summer,Furniture,Chair,2022-07-01,4540.24,10336.73,99,False
SKU041,2024-06-02,100,1033673.0,2,0,10336.73,22,6,2024,Summer,Furniture,Chair,2022-07-01,4540.24,10336.73,100,False
SKU041,2024-06-09,89,919968.97,2,0,10336.73,23,6,2024,Summer,Furniture,Chair,2022-07-01,4540.24,10336.73,101,False
SKU041,2024-06-16,90,930305.7000000001,2,0,10336.73,24,6,2024,Summer,Furniture,Chair,2022-07-01,4540.24,10336.73,102,False
SKU041,2024-06-23,89,919968.97,2,0,10336.73,25,6,2024,Summer,Furniture,Chair,2022-07-01,4540.24,10336.73,103,False
SKU041,2024-06-30,88,909632.24,2,0,10336.73,26,6,2024,Summer,Furniture,Chair,2022-07-01,4540.24,10336.73,104,False
SKU041,2024-07-07,62,640877.26,0,0,10336.73,27,7,2024,Monsoon,Furniture,Chair,2022-07-01,4540.24,10336.73,105,False
SKU041,2024-07-14,63,651213.99,0,0,10336.73,28,7,2024,Monsoon,Furniture,Chair,2022-07-01,4540.24,10336.73,106,False
SKU041,2024-07-21,70,723571.1,0,0,10336.73,29,7,2024,Monsoon,Furniture,Chair,2022-07-01,4540.24,10336.73,107,False
SKU041,2024-07-28,66,682224.1799999999,0,0,10336.73,30,7,2024,Monsoon,Furniture,Chair,2022-07-01,4540.24,10336.73,108,False
SKU041,2024-08-04,71,733907.83,0,0,10336.73,31,8,2024,Monsoon,Furniture,Chair,2022-07-01,4540.24,10336.73,109,False
SKU041,2024-08-11,71,733907.8300000001,0,0,10336.73,32,8,2024,Monsoon,Furniture,Chair,2022-07-01,4540.24,10336.73,110,False
SKU041,2024-08-18,71,733907.83,0,1,10336.73,33,8,2024,Monsoon,Furniture,Chair,2022-07-01,4540.24,10336.73,111,False
SKU041,2024-08-25,67,692560.9099999999,0,0,10336.73,34,8,2024,Monsoon,Furniture,Chair,2022-07-01,4540.24,10336.73,112,False
SKU041,2024-09-01,77,795928.21,1,0,10336.73,35,9,2024,Monsoon,Furniture,Chair,2022-07-01,4540.24,10336.73,113,False
SKU041,2024-09-08,63,651213.99,2,0,10336.73,36,9,2024,Monsoon,Furniture,Chair,2022-07-01,4540.24,10336.73,114,False
SKU041,2024-09-15,66,682224.1799999999,2,0,10336.73,37,9,2024,Monsoon,Furniture,Chair,2022-07-01,4540.24,10336.73,115,False
SKU041,2024-09-22,74,764918.02,2,0,10336.73,38,9,2024,Monsoon,Furniture,Chair,2022-07-01,4540.24,10336.73,116,False
SKU041,2024-09-29,62,640877.26,2,0,10336.73,39,9,2024,Monsoon,Furniture,Chair,2022-07-01,4540.24,10336.73,117,False
SKU041,2024-10-06,62,640877.26,0,0,10336.73,40,10,2024,Autumn,Furniture,Chair,2022-07-01,4540.24,10336.73,118,False
SKU041,2024-10-13,82,847611.86,0,0,10336.73,41,10,2024,Autumn,Furniture,Chair,2022-07-01,4540.24,10336.73,119,False
SKU041,2024-10-20,63,651213.99,0,0,10336.73,42,10,2024,Autumn,Furniture,Chair,2022-07-01,4540.24,10336.73,120,False
SKU041,2024-10-27,63,651213.99,0,0,10336.73,43,10,2024,Autumn,Furniture,Chair,2022-07-01,4540.24,10336.73,121,False
SKU041,2024-11-03,66,682224.1799999999,2,1,10336.73,44,11,2024,Autumn,Furniture,Chair,2022-07-01,4540.24,10336.73,122,False
SKU041,2024-11-10,75,775254.75,2,0,10336.73,45,11,2024,Autumn,Furniture,Chair,2022-07-01,4540.24,10336.73,123,False
SKU041,2024-11-17,65,671887.45,2,0,10336.73,46,11,2024,Autumn,Furniture,Chair,2022-07-01,4540.24,10336.73,124,False
SKU041,2024-11-24,62,640877.26,2,0,10336.73,47,11,2024,Autumn,Furniture,Chair,2022-07-01,4540.24,10336.73,125,False
SKU041,2024-12-01,66,682224.18,1,0,10336.73,48,12,2024,Winter,Furniture,Chair,2022-07-01,4540.24,10336.73,126,False
SKU041,2024-12-08,75,775254.75,0,0,10336.73,49,12,2024,Winter,Furniture,Chair,2022-07-01,4540.24,10336.73,127,False
SKU041,2024-12-15,54,558183.42,0,0,10336.73,50,12,2024,Winter,Furniture,Chair,2022-07-01,4540.24,10336.73,128,False
SKU041,2024-12-22,79,816601.67,0,0,10336.73,51,12,2024,Winter,Furniture,Chair,2022-07-01,4540.24,10336.73,129,False
SKU041,2024-12-29,80,826938.4,0,1,10336.73,52,12,2024,Winter,Furniture,Chair,2022-07-01,4540.24,10336.73,130,False
SKU041,2025-01-05,74,764918.02,0,0,10336.73,1,1,2025,Winter,Furniture,Chair,2022-07-01,4540.24,10336.73,131,False
SKU041,2025-01-12,98,1012999.54,0,0,10336.73,2,1,2025,Winter,Furniture,Chair,2022-07-01,4540.24,10336.73,132,False
SKU041,2025-01-19,74,764918.02,0,0,10336.73,3,1,2025,Winter,Furniture,Chair,2022-07-01,4540.24,10336.73,133,False
SKU041,2025-01-26,72,744244.56,0,1,10336.73,4,1,2025,Winter,Furniture,Chair,2022-07-01,4540.24,10336.73,134,False
SKU041,2025-02-02,80,826938.3999999999,0,0,10336.73,5,2,2025,Winter,Furniture,Chair,2022-07-01,4540.24,10336.73,135,False
SKU041,2025-02-09,77,795928.21,0,0,10336.73,6,2,2025,Winter,Furniture,Chair,2022-07-01,4540.24,10336.73,136,False
SKU041,2025-02-16,76,785591.48,0,0,10336.73,7,2,2025,Winter,Furniture,Chair,2022-07-01,4540.24,10336.73,137,False
SKU041,2025-02-23,96,992326.0800000001,0,0,10336.73,8,2,2025,Winter,Furniture,Chair,2022-07-01,4540.24,10336.73,138,False
SKU041,2025-03-02,99,1023336.27,2,0,10336.73,9,3,2025,Spring,Furniture,Chair,2022-07-01,4540.24,10336.73,139,False
SKU041,2025-03-09,101,1044009.73,2,0,10336.73,10,3,2025,Spring,Furniture,Chair,2022-07-01,4540.24,10336.73,140,False
SKU041,2025-03-16,101,1044009.73,2,0,10336.73,11,3,2025,Spring,Furniture,Chair,2022-07-01,4540.24,10336.73,141,False
SKU041,2025-03-23,90,930305.7,2,0,10336.73,12,3,2025,Spring,Furniture,Chair,2022-07-01,4540.24,10336.73,142,False
SKU041,2025-03-30,105,1085356.65,2,0,10336.73,13,3,2025,Spring,Furniture,Chair,2022-07-01,4540.24,10336.73,143,False
SKU041,2025-04-06,93,961315.89,0,0,10336.73,14,4,2025,Spring,Furniture,Chair,2022-07-01,4540.24,10336.73,144,False
SKU041,2025-04-13,96,992326.08,0,0,10336.73,15,4,2025,Spring,Furniture,Chair,2022-07-01,4540.24,10336.73,145,False
SKU041,2025-04-20,91,940642.4299999999,0,0,10336.73,16,4,2025,Spring,Furniture,Chair,2022-07-01,4540.24,10336.73,146,False
SKU041,2025-04-27,97,1002662.81,0,0,10336.73,17,4,2025,Spring,Furniture,Chair,2022-07-01,4540.24,10336.73,147,False
SKU041,2025-05-04,99,1023336.27,0,0,10336.73,18,5,2025,Summer,Furniture,Chair,2022-07-01,4540.24,10336.73,148,False
SKU041,2025-05-11,67,692560.91,0,0,10336.73,19,5,2025,Summer,Furniture,Chair,2022-07-01,4540.24,10336.73,149,False
SKU041,2025-05-18,89,919968.97,0,0,10336.73,20,5,2025,Summer,Furniture,Chair,2022-07-01,4540.24,10336.73,150,False
SKU041,2025-05-25,79,816601.67,0,0,10336.73,21,5,2025,Summer,Furniture,Chair,2022-07-01,4540.24,10336.73,151,False
SKU041,2025-06-01,81,837275.13,1,0,10336.73,22,6,2025,Summer,Furniture,Chair,2022-07-01,4540.24,10336.73,152,False
SKU041,2025-06-08,93,961315.89,2,0,10336.73,23,6,2025,Summer,Furniture,Chair,2022-07-01,4540.24,10336.73,153,False
SKU041,2025-06-15,98,1012999.54,2,0,10336.73,24,6,2025,Summer,Furniture,Chair,2022-07-01,4540.24,10336.73,154,False
SKU041,2025-06-22,78,806264.94,2,0,10336.73,25,6,2025,Summer,Furniture,Chair,2022-07-01,4540.24,10336.73,155,False
SKU041,2025-06-29,72,744244.56,2,0,10336.73,26,6,2025,Summer,Furniture,Chair,2022-07-01,4540.24,10336.73,156,False
SKU041,2025-07-06,79,816601.6699999999,0,0,10336.73,27,7,2025,Monsoon,Furniture,Chair,2022-07-01,4540.24,10336.73,157,False
SKU041,2025-07-13,73,754581.29,0,0,10336.73,28,7,2025,Monsoon,Furniture,Chair,2022-07-01,4540.24,10336.73,158,False
SKU041,2025-07-20,93,961315.89,0,0,10336.73,29,7,2025,Monsoon,Furniture,Chair,2022-07-01,4540.24,10336.73,159,False
SKU041,2025-07-27,69,713234.37,0,0,10336.73,30,7,2025,Monsoon,Furniture,Chair,2022-07-01,4540.24,10336.73,160,False
SKU041,2025-08-03,63,651213.99,0,0,10336.73,31,8,2025,Monsoon,Furniture,Chair,2022-07-01,4540.24,10336.73,161,False
SKU041,2025-08-10,72,744244.56,0,0,10336.73,32,8,2025,Monsoon,Furniture,Chair,2022-07-01,4540.24,10336.73,162,False
SKU041,2025-08-17,81,837275.13,0,1,10336.73,33,8,2025,Monsoon,Furniture,Chair,2022-07-01,4540.24,10336.73,163,False
SKU041,2025-08-24,66,682224.1799999999,0,0,10336.73,34,8,2025,Monsoon,Furniture,Chair,2022-07-01,4540.24,10336.73,164,False
SKU041,2025-08-31,80,826938.4,0,0,10336.73,35,8,2025,Monsoon,Furniture,Chair,2022-07-01,4540.24,10336.73,165,False
SKU041,2025-09-07,72,744244.56,2,0,10336.73,36,9,2025,Monsoon,Furniture,Chair,2022-07-01,4540.24,10336.73,166,False
SKU041,2025-09-14,58,599530.34,2,0,10336.73,37,9,2025,Monsoon,Furniture,Chair,2022-07-01,4540.24,10336.73,167,False
SKU041,2025-09-21,66,682224.1799999999,2,0,10336.73,38,9,2025,Monsoon,Furniture,Chair,2022-07-01,4540.24,10336.73,168,False
SKU041,2025-09-28,62,640877.26,2,0,10336.73,39,9,2025,Monsoon,Furniture,Chair,2022-07-01,4540.24,10336.73,169,False
SKU041,2025-10-05,67,692560.9099999999,0,0,10336.73,40,10,2025,Autumn,Furniture,Chair,2022-07-01,4540.24,10336.73,170,False
SKU041,2025-10-12,54,558183.42,0,0,10336.73,41,10,2025,Autumn,Furniture,Chair,2022-07-01,4540.24,10336.73,171,False
SKU041,2025-10-19,62,640877.26,0,0,10336.73,42,10,2025,Autumn,Furniture,Chair,2022-07-01,4540.24,10336.73,172,False
SKU041,2025-10-26,52,537509.96,0,1,10336.73,43,10,2025,Autumn,Furniture,Chair,2022-07-01,4540.24,10336.73,173,False
SKU041,2025-11-02,67,692560.91,2,0,10336.73,44,11,2025,Autumn,Furniture,Chair,2022-07-01,4540.24,10336.73,174,False
SKU041,2025-11-09,79,816601.67,2,0,10336.73,45,11,2025,Autumn,Furniture,Chair,2022-07-01,4540.24,10336.73,175,False
SKU041,2025-11-16,65,671887.45,2,0,10336.73,46,11,2025,Autumn,Furniture,Chair,2022-07-01,4540.24,10336.73,176,False
SKU041,2025-11-23,52,537509.96,2,0,10336.73,47,11,2025,Autumn,Furniture,Chair,2022-07-01,4540.24,10336.73,177,False
SKU041,2025-11-30,83,857948.59,2,0,10336.73,48,11,2025,Autumn,Furniture,Chair,2022-07-01,4540.24,10336.73,178,False
SKU041,2025-12-07,78,806264.94,0,0,10336.73,49,12,2025,Winter,Furniture,Chair,2022-07-01,4540.24,10336.73,179,True
SKU041,2025-12-14,66,682224.18,0,0,10336.73,50,12,2025,Winter,Furniture,Chair,2022-07-01,4540.24,10336.73,180,True
SKU041,2025-12-21,71,733907.8300000001,0,0,10336.73,51,12,2025,Winter,Furniture,Chair,2022-07-01,4540.24,10336.73,181,True
SKU041,2025-12-28,70,723571.1,0,1,10336.73,52,12,2025,Winter,Furniture,Chair,2022-07-01,4540.24,10336.73,182,True
SKU042,2024-01-07,166,1527005.78,0,0,9198.83,1,1,2024,Winter,Home Decor,Table,2024-01-01,4583.86,9198.83,0,False
SKU042,2024-01-14,157,1444216.31,0,0,9198.83,2,1,2024,Winter,Home Decor,Table,2024-01-01,4583.86,9198.83,1,False
SKU042,2024-01-21,136,1251040.88,0,0,9198.83,3,1,2024,Winter,Home Decor,Table,2024-01-01,4583.86,9198.83,2,False
SKU042,2024-01-28,155,1425818.65,0,1,9198.83,4,1,2024,Winter,Home Decor,Table,2024-01-01,4583.86,9198.83,3,False
SKU042,2024-02-04,157,1444216.31,0,0,9198.83,5,2,2024,Winter,Home Decor,Table,2024-01-01,4583.86,9198.83,4,False
SKU042,2024-02-11,165,1517806.95,0,0,9198.83,6,2,2024,Winter,Home Decor,Table,2024-01-01,4583.86,9198.83,5,False
SKU042,2024-02-18,148,1361426.84,0,0,9198.83,7,2,2024,Winter,Home Decor,Table,2024-01-01,4583.86,9198.83,6,False
SKU042,2024-02-25,162,1490210.46,0,0,9198.83,8,2,2024,Winter,Home Decor,Table,2024-01-01,4583.86,9198.83,7,False
SKU042,2024-03-03,208,1913356.6400000001,2,0,9198.83,9,3,2024,Spring,Home Decor,Table,2024-01-01,4583.86,9198.83,8,False
SKU042,2024-03-10,182,1674187.06,2,0,9198.83,10,3,2024,Spring,Home Decor,Table,2024-01-01,4583.86,9198.83,9,False
SKU042,2024-03-17,181,1664988.23,2,0,9198.83,11,3,2024,Spring,Home Decor,Table,2024-01-01,4583.86,9198.83,10,False
SKU042,2024-03-24,189,1738578.87,2,0,9198.83,12,3,2024,Spring,Home Decor,Table,2024-01-01,4583.86,9198.83,11,False
SKU042,2024-03-31,196,1802970.68,2,0,9198.83,13,3,2024,Spring,Home Decor,Table,2024-01-01,4583.86,9198.83,12,False
SKU042,2024-04-07,193,1775374.19,0,0,9198.83,14,4,2024,Spring,Home Decor,Table,2024-01-01,4583.86,9198.83,13,False
SKU042,2024-04-14,194,1784573.02,0,0,9198.83,15,4,2024,Spring,Home Decor,Table,2024-01-01,4583.86,9198.83,14,False
SKU042,2024-04-21,163,1499409.29,0,0,9198.83,16,4,2024,Spring,Home Decor,Table,2024-01-01,4583.86,9198.83,15,False
SKU042,2024-04-28,199,1830567.17,0,0,9198.83,17,4,2024,Spring,Home Decor,Table,2024-01-01,4583.86,9198.83,16,False
SKU042,2024-05-05,201,1848964.83,0,0,9198.83,18,5,2024,Summer,Home Decor,Table,2024-01-01,4583.86,9198.83,17,False
SKU042,2024-05-12,166,1527005.78,0,0,9198.83,19,5,2024,Summer,Home Decor,Table,2024-01-01,4583.86,9198.83,18,False
SKU042,2024-05-19,191,1756976.53,0,0,9198.83,20,5,2024,Summer,Home Decor,Table,2024-01-01,4583.86,9198.83,19,False
SKU042,2024-05-26,172,1582198.76,0,0,9198.83,21,5,2024,Summer,Home Decor,Table,2024-01-01,4583.86,9198.83,20,False
SKU042,2024-06-02,212,1950151.96,2,0,9198.83,22,6,2024,Summer,Home Decor,Table,2024-01-01,4583.86,9198.83,21,False
SKU042,2024-06-09,158,1453415.1400000001,2,0,9198.83,23,6,2024,Summer,Home Decor,Table,2024-01-01,4583.86,9198.83,22,False
SKU042,2024-06-16,195,1793771.85,2,0,9198.83,24,6,2024,Summer,Home Decor,Table,2024-01-01,4583.86,9198.83,23,False
SKU042,2024-06-23,184,1692584.72,2,0,9198.83,25,6,2024,Summer,Home Decor,Table,2024-01-01,4583.86,9198.83,24,False
SKU042,2024-06-30,159,1462613.97,2,0,9198.83,26,6,2024,Summer,Home Decor,Table,2024-01-01,4583.86,9198.83,25,False
SKU042,2024-07-07,142,1306233.86,0,0,9198.83,27,7,2024,Monsoon,Home Decor,Table,2024-01-01,4583.86,9198.83,26,False
SKU042,2024-07-14,145,1333830.35,0,0,9198.83,28,7,2024,Monsoon,Home Decor,Table,2024-01-01,4583.86,9198.83,27,False
SKU042,2024-07-21,147,1352228.01,0,0,9198.83,29,7,2024,Monsoon,Home Decor,Table,2024-01-01,4583.86,9198.83,28,False
SKU042,2024-07-28,158,1453415.1400000001,0,0,9198.83,30,7,2024,Monsoon,Home Decor,Table,2024-01-01,4583.86,9198.83,29,False
SKU042,2024-08-04,143,1315432.69,0,0,9198.83,31,8,2024,Monsoon,Home Decor,Table,2024-01-01,4583.86,9198.83,30,False
SKU042,2024-08-11,139,1278637.37,0,0,9198.83,32,8,2024,Monsoon,Home Decor,Table,2024-01-01,4583.86,9198.83,31,False
SKU042,2024-08-18,141,1297035.03,0,1,9198.83,33,8,2024,Monsoon,Home Decor,Table,2024-01-01,4583.86,9198.83,32,False
SKU042,2024-08-25,126,1159052.58,0,0,9198.83,34,8,2024,Monsoon,Home Decor,Table,2024-01-01,4583.86,9198.83,33,False
SKU042,2024-09-01,147,1352228.01,1,0,9198.83,35,9,2024,Monsoon,Home Decor,Table,2024-01-01,4583.86,9198.83,34,False
SKU042,2024-09-08,147,1352228.01,2,0,9198.83,36,9,2024,Monsoon,Home Decor,Table,2024-01-01,4583.86,9198.83,35,False
SKU042,2024-09-15,126,1159052.58,2,0,9198.83,37,9,2024,Monsoon,Home Decor,Table,2024-01-01,4583.86,9198.83,36,False
SKU042,2024-09-22,147,1352228.01,2,0,9198.83,38,9,2024,Monsoon,Home Decor,Table,2024-01-01,4583.86,9198.83,37,False
SKU042,2024-09-29,133,1223444.39,2,0,9198.83,39,9,2024,Monsoon,Home Decor,Table,2024-01-01,4583.86,9198.83,38,False
SKU042,2024-10-06,120,1103859.6,0,0,9198.83,40,10,2024,Autumn,Home Decor,Table,2024-01-01,4583.86,9198.83,39,False
SKU042,2024-10-13,125,1149853.75,0,0,9198.83,41,10,2024,Autumn,Home Decor,Table,2024-01-01,4583.86,9198.83,40,False
SKU042,2024-10-20,131,1205046.73,0,0,9198.83,42,10,2024,Autumn,Home Decor,Table,2024-01-01,4583.86,9198.83,41,False
SKU042,2024-10-27,114,1048666.62,0,0,9198.83,43,10,2024,Autumn,Home Decor,Table,2024-01-01,4583.86,9198.83,42,False
SKU042,2024-11-03,136,1251040.88,2,1,9198.83,44,11,2024,Autumn,Home Decor,Table,2024-01-01,4583.86,9198.83,43,False
SKU042,2024-11-10,121,1113058.43,2,0,9198.83,45,11,2024,Autumn,Home Decor,Table,2024-01-01,4583.86,9198.83,44,False
SKU042,2024-11-17,148,1361426.84,2,0,9198.83,46,11,2024,Autumn,Home Decor,Table,2024-01-01,4583.86,9198.83,45,False
SKU042,2024-11-24,138,1269438.54,2,0,9198.83,47,11,2024,Autumn,Home Decor,Table,2024-01-01,4583.86,9198.83,46,False
SKU042,2024-12-01,133,1223444.3900000001,1,0,9198.83,48,12,2024,Winter,Home Decor,Table,2024-01-01,4583.86,9198.83,47,False
SKU042,2024-12-08,159,1462613.97,0,0,9198.83,49,12,2024,Winter,Home Decor,Table,2024-01-01,4583.86,9198.83,48,False
SKU042,2024-12-15,132,1214245.56,0,0,9198.83,50,12,2024,Winter,Home Decor,Table,2024-01-01,4583.86,9198.83,49,False
SKU042,2024-12-22,122,1122257.26,0,0,9198.83,51,12,2024,Winter,Home Decor,Table,2024-01-01,4583.86,9198.83,50,False
SKU042,2024-12-29,158,1453415.14,0,1,9198.83,52,12,2024,Winter,Home Decor,Table,2024-01-01,4583.86,9198.83,51,False
SKU042,2025-01-05,157,1444216.31,0,0,9198.83,1,1,2025,Winter,Home Decor,Table,2024-01-01,4583.86,9198.83,52,False
SKU042,2025-01-12,137,1260239.71,0,0,9198.83,2,1,2025,Winter,Home Decor,Table,2024-01-01,4583.86,9198.83,53,False
SKU042,2025-01-19,155,1425818.65,0,0,9198.83,3,1,2025,Winter,Home Decor,Table,2024-01-01,4583.86,9198.83,54,False
SKU042,2025-01-26,149,1370625.67,0,1,9198.83,4,1,2025,Winter,Home Decor,Table,2024-01-01,4583.86,9198.83,55,False
SKU042,2025-02-02,162,1490210.46,0,0,9198.83,5,2,2025,Winter,Home Decor,Table,2024-01-01,4583.86,9198.83,56,False
SKU042,2025-02-09,151,1389023.33,0,0,9198.83,6,2,2025,Winter,Home Decor,Table,2024-01-01,4583.86,9198.83,57,False
SKU042,2025-02-16,179,1646590.57,0,0,9198.83,7,2,2025,Winter,Home Decor,Table,2024-01-01,4583.86,9198.83,58,False
SKU042,2025-02-23,165,1517806.95,0,0,9198.83,8,2,2025,Winter,Home Decor,Table,2024-01-01,4583.86,9198.83,59,False
SKU042,2025-03-02,175,1609795.25,2,0,9198.83,9,3,2025,Spring,Home Decor,Table,2024-01-01,4583.86,9198.83,60,False
SKU042,2025-03-09,193,1775374.19,2,0,9198.83,10,3,2025,Spring,Home Decor,Table,2024-01-01,4583.86,9198.83,61,False
SKU042,2025-03-16,194,1784573.02,2,0,9198.83,11,3,2025,Spring,Home Decor,Table,2024-01-01,4583.86,9198.83,62,False
SKU042,2025-03-23,182,1674187.06,2,0,9198.83,12,3,2025,Spring,Home Decor,Table,2024-01-01,4583.86,9198.83,63,False
SKU042,2025-03-30,183,1683385.8900000001,2,0,9198.83,13,3,2025,Spring,Home Decor,Table,2024-01-01,4583.86,9198.83,64,False
SKU042,2025-04-06,201,1848964.83,0,0,9198.83,14,4,2025,Spring,Home Decor,Table,2024-01-01,4583.86,9198.83,65,False
SKU042,2025-04-13,168,1545403.44,0,0,9198.83,15,4,2025,Spring,Home Decor,Table,2024-01-01,4583.86,9198.83,66,False
SKU042,2025-04-20,174,1600596.42,0,0,9198.83,16,4,2025,Spring,Home Decor,Table,2024-01-01,4583.86,9198.83,67,False
SKU042,2025-04-27,180,1655789.4,0,0,9198.83,17,4,2025,Spring,Home Decor,Table,2024-01-01,4583.86,9198.83,68,False
SKU042,2025-05-04,194,1784573.02,0,0,9198.83,18,5,2025,Summer,Home Decor,Table,2024-01-01,4583.86,9198.83,69,False
SKU042,2025-05-11,192,1766175.3599999999,0,0,9198.83,19,5,2025,Summer,Home Decor,Table,2024-01-01,4583.86,9198.83,70,False
SKU042,2025-05-18,202,1858163.66,0,0,9198.83,20,5,2025,Summer,Home Decor,Table,2024-01-01,4583.86,9198.83,71,False
SKU042,2025-05-25,180,1655789.4,0,0,9198.83,21,5,2025,Summer,Home Decor,Table,2024-01-01,4583.86,9198.83,72,False
SKU042,2025-06-01,172,1582198.76,1,0,9198.83,22,6,2025,Summer,Home Decor,Table,2024-01-01,4583.86,9198.83,73,False
SKU042,2025-06-08,199,1830567.17,2,0,9198.83,23,6,2025,Summer,Home Decor,Table,2024-01-01,4583.86,9198.83,74,False
SKU042,2025-06-15,181,1664988.23,2,0,9198.83,24,6,2025,Summer,Home Decor,Table,2024-01-01,4583.86,9198.83,75,False
SKU042,2025-06-22,179,1646590.5699999998,2,0,9198.83,25,6,2025,Summer,Home Decor,Table,2024-01-01,4583.86,9198.83,76,False
SKU042,2025-06-29,197,1812169.5099999998,2,0,9198.83,26,6,2025,Summer,Home Decor,Table,2024-01-01,4583.86,9198.83,77,False
SKU042,2025-07-06,163,1499409.29,0,0,9198.83,27,7,2025,Monsoon,Home Decor,Table,2024-01-01,4583.86,9198.83,78,False
SKU042,2025-07-13,158,1453415.1400000001,0,0,9198.83,28,7,2025,Monsoon,Home Decor,Table,2024-01-01,4583.86,9198.83,79,False
SKU042,2025-07-20,161,1481011.63,0,0,9198.83,29,7,2025,Monsoon,Home Decor,Table,2024-01-01,4583.86,9198.83,80,False
SKU042,2025-07-27,157,1444216.31,0,0,9198.83,30,7,2025,Monsoon,Home Decor,Table,2024-01-01,4583.86,9198.83,81,False
SKU042,2025-08-03,167,1536204.61,0,0,9198.83,31,8,2025,Monsoon,Home Decor,Table,2024-01-01,4583.86,9198.83,82,False
SKU042,2025-08-10,141,1297035.03,0,0,9198.83,32,8,2025,Monsoon,Home Decor,Table,2024-01-01,4583.86,9198.83,83,False
SKU042,2025-08-17,142,1306233.8599999999,0,1,9198.83,33,8,2025,Monsoon,Home Decor,Table,2024-01-01,4583.86,9198.83,84,False
SKU042,2025-08-24,154,1416619.8199999998,0,0,9198.83,34,8,2025,Monsoon,Home Decor,Table,2024-01-01,4583.86,9198.83,85,False
SKU042,2025-08-31,162,1490210.46,0,0,9198.83,35,8,2025,Monsoon,Home Decor,Table,2024-01-01,4583.86,9198.83,86,False
SKU042,2025-09-07,146,1343029.18,2,0,9198.83,36,9,2025,Monsoon,Home Decor,Table,2024-01-01,4583.86,9198.83,87,False
SKU042,2025-09-14,149,1370625.67,2,0,9198.83,37,9,2025,Monsoon,Home Decor,Table,2024-01-01,4583.86,9198.83,88,False
SKU042,2025-09-21,169,1554602.27,2,0,9198.83,38,9,2025,Monsoon,Home Decor,Table,2024-01-01,4583.86,9198.83,89,False
SKU042,2025-09-28,123,1131456.09,2,0,9198.83,39,9,2025,Monsoon,Home Decor,Table,2024-01-01,4583.86,9198.83,90,False
SKU042,2025-10-05,132,1214245.56,0,0,9198.83,40,10,2025,Autumn,Home Decor,Table,2024-01-01,4583.86,9198.83,91,False
SKU042,2025-10-12,137,1260239.71,0,0,9198.83,41,10,2025,Autumn,Home Decor,Table,2024-01-01,4583.86,9198.83,92,False
SKU042,2025-10-19,138,1269438.54,0,0,9198.83,42,10,2025,Autumn,Home Decor,Table,2024-01-01,4583.86,9198.83,93,False
SKU042,2025-10-26,117,1076263.1099999999,0,1,9198.83,43,10,2025,Autumn,Home Decor,Table,2024-01-01,4583.86,9198.83,94,False
SKU042,2025-11-02,134,1232643.22,2,0,9198.83,44,11,2025,Autumn,Home Decor,Table,2024-01-01,4583.86,9198.83,95,False
SKU042,2025-11-09,141,1297035.03,2,0,9198.83,45,11,2025,Autumn,Home Decor,Table,2024-01-01,4583.86,9198.83,96,False
SKU042,2025-11-16,132,1214245.56,2,0,9198.83,46,11,2025,Autumn,Home Decor,Table,2024-01-01,4583.86,9198.83,97,False
SKU042,2025-11-23,124,1140654.92,2,0,9198.83,47,11,2025,Autumn,Home Decor,Table,2024-01-01,4583.86,9198.83,98,False
SKU042,2025-11-30,142,1306233.8599999999,2,0,9198.83,48,11,2025,Autumn,Home Decor,Table,2024-01-01,4583.86,9198.83,99,False
SKU042,2025-12-07,156,1435017.48,0,0,9198.83,49,12,2025,Winter,Home Decor,Table,2024-01-01,4583.86,9198.83,100,True
SKU042,2025-12-14,125,1149853.75,0,0,9198.83,50,12,2025,Winter,Home Decor,Table,2024-01-01,4583.86,9198.83,101,True
SKU042,2025-12-21,173,1591397.5899999999,0,0,9198.83,51,12,2025,Winter,Home Decor,Table,2024-01-01,4583.86,9198.83,102,True
SKU042,2025-12-28,148,1361426.8399999999,0,1,9198.83,52,12,2025,Winter,Home Decor,Table,2024-01-01,4583.86,9198.83,103,True
SKU043,2024-01-07,157,1373085.8900000001,0,0,8745.77,1,1,2024,Winter,Kitchen,Cushion,2024-01-01,2605.61,8745.77,0,False
SKU043,2024-01-14,141,1233153.57,0,0,8745.77,2,1,2024,Winter,Kitchen,Cushion,2024-01-01,2605.61,8745.77,1,False
SKU043,2024-01-21,140,1224407.8,0,0,8745.77,3,1,2024,Winter,Kitchen,Cushion,2024-01-01,2605.61,8745.77,2,False
SKU043,2024-01-28,166,1451797.82,0,1,8745.77,4,1,2024,Winter,Kitchen,Cushion,2024-01-01,2605.61,8745.77,3,False
SKU043,2024-02-04,173,1513018.21,0,0,8745.77,5,2,2024,Winter,Kitchen,Cushion,2024-01-01,2605.61,8745.77,4,False
SKU043,2024-02-11,177,1548001.29,0,0,8745.77,6,2,2024,Winter,Kitchen,Cushion,2024-01-01,2605.61,8745.77,5,False
SKU043,2024-02-18,152,1329357.04,0,0,8745.77,7,2,2024,Winter,Kitchen,Cushion,2024-01-01,2605.61,8745.77,6,False
SKU043,2024-02-25,168,1469289.36,0,0,8745.77,8,2,2024,Winter,Kitchen,Cushion,2024-01-01,2605.61,8745.77,7,False
SKU043,2024-03-03,182,1591730.1400000001,2,0,8745.77,9,3,2024,Spring,Kitchen,Cushion,2024-01-01,2605.61,8745.77,8,False
SKU043,2024-03-10,175,1530509.75,2,0,8745.77,10,3,2024,Spring,Kitchen,Cushion,2024-01-01,2605.61,8745.77,9,False
SKU043,2024-03-17,175,1530509.75,2,0,8745.77,11,3,2024,Spring,Kitchen,Cushion,2024-01-01,2605.61,8745.77,10,False
SKU043,2024-03-24,171,1495526.67,2,0,8745.77,12,3,2024,Spring,Kitchen,Cushion,2024-01-01,2605.61,8745.77,11,False
SKU043,2024-03-31,177,1548001.29,2,0,8745.77,13,3,2024,Spring,Kitchen,Cushion,2024-01-01,2605.61,8745.77,12,False
SKU043,2024-04-07,172,1504272.44,0,0,8745.77,14,4,2024,Spring,Kitchen,Cushion,2024-01-01,2605.61,8745.77,13,False
SKU043,2024-04-14,170,1486780.9,0,0,8745.77,15,4,2024,Spring,Kitchen,Cushion,2024-01-01,2605.61,8745.77,14,False
SKU043,2024-04-21,187,1635458.99,0,0,8745.77,16,4,2024,Spring,Kitchen,Cushion,2024-01-01,2605.61,8745.77,15,False
SKU043,2024-04-28,192,1679187.8399999999,0,0,8745.77,17,4,2024,Spring,Kitchen,Cushion,2024-01-01,2605.61,8745.77,16,False
SKU043,2024-05-05,174,1521763.98,0,0,8745.77,18,5,2024,Summer,Kitchen,Cushion,2024-01-01,2605.61,8745.77,17,False
SKU043,2024-05-12,179,1565492.83,0,0,8745.77,19,5,2024,Summer,Kitchen,Cushion,2024-01-01,2605.61,8745.77,18,False
SKU043,2024-05-19,181,1582984.3699999999,0,0,8745.77,20,5,2024,Summer,Kitchen,Cushion,2024-01-01,2605.61,8745.77,19,False
SKU043,2024-05-26,178,1556747.06,0,0,8745.77,21,5,2024,Summer,Kitchen,Cushion,2024-01-01,2605.61,8745.77,20,False
SKU043,2024-06-02,191,1670442.07,2,0,8745.77,22,6,2024,Summer,Kitchen,Cushion,2024-01-01,2605.61,8745.77,21,False
SKU043,2024-06-09,169,1478035.13,2,0,8745.77,23,6,2024,Summer,Kitchen,Cushion,2024-01-01,2605.61,8745.77,22,False
SKU043,2024-06-16,179,1565492.83,2,0,8745.77,24,6,2024,Summer,Kitchen,Cushion,2024-01-01,2605.61,8745.77,23,False
SKU043,2024-06-23,169,1478035.13,2,0,8745.77,25,6,2024,Summer,Kitchen,Cushion,2024-01-01,2605.61,8745.77,24,False
SKU043,2024-06-30,172,1504272.44,2,0,8745.77,26,6,2024,Summer,Kitchen,Cushion,2024-01-01,2605.61,8745.77,25,False
SKU043,2024-07-07,136,1189424.72,0,0,8745.77,27,7,2024,Monsoon,Kitchen,Cushion,2024-01-01,2605.61,8745.77,26,False
SKU043,2024-07-14,172,1504272.44,0,0,8745.77,28,7,2024,Monsoon,Kitchen,Cushion,2024-01-01,2605.61,8745.77,27,False
SKU043,2024-07-21,141,1233153.57,0,0,8745.77,29,7,2024,Monsoon,Kitchen,Cushion,2024-01-01,2605.61,8745.77,28,False
SKU043,2024-07-28,160,1399323.2,0,0,8745.77,30,7,2024,Monsoon,Kitchen,Cushion,2024-01-01,2605.61,8745.77,29,False
SKU043,2024-08-04,160,1399323.2,0,0,8745.77,31,8,2024,Monsoon,Kitchen,Cushion,2024-01-01,2605.61,8745.77,30,False
SKU043,2024-08-11,123,1075729.71,0,0,8745.77,32,8,2024,Monsoon,Kitchen,Cushion,2024-01-01,2605.61,8745.77,31,False
SKU043,2024-08-18,136,1189424.72,0,1,8745.77,33,8,2024,Monsoon,Kitchen,Cushion,2024-01-01,2605.61,8745.77,32,False
SKU043,2024-08-25,123,1075729.71,0,0,8745.77,34,8,2024,Monsoon,Kitchen,Cushion,2024-01-01,2605.61,8745.77,33,False
SKU043,2024-09-01,140,1224407.8,1,0,8745.77,35,9,2024,Monsoon,Kitchen,Cushion,2024-01-01,2605.61,8745.77,34,False
SKU043,2024-09-08,148,1294373.96,2,0,8745.77,36,9,2024,Monsoon,Kitchen,Cushion,2024-01-01,2605.61,8745.77,35,False
SKU043,2024-09-15,124,1084475.48,2,0,8745.77,37,9,2024,Monsoon,Kitchen,Cushion,2024-01-01,2605.61,8745.77,36,False
SKU043,2024-09-22,136,1189424.72,2,0,8745.77,38,9,2024,Monsoon,Kitchen,Cushion,2024-01-01,2605.61,8745.77,37,False
SKU043,2024-09-29,140,1224407.8,2,0,8745.77,39,9,2024,Monsoon,Kitchen,Cushion,2024-01-01,2605.61,8745.77,38,False
SKU043,2024-10-06,130,1136950.1,0,0,8745.77,40,10,2024,Autumn,Kitchen,Cushion,2024-01-01,2605.61,8745.77,39,False
SKU043,2024-10-13,113,988272.01,0,0,8745.77,41,10,2024,Autumn,Kitchen,Cushion,2024-01-01,2605.61,8745.77,40,False
SKU043,2024-10-20,121,1058238.17,0,0,8745.77,42,10,2024,Autumn,Kitchen,Cushion,2024-01-01,2605.61,8745.77,41,False
SKU043,2024-10-27,132,1154441.6400000001,0,0,8745.77,43,10,2024,Autumn,Kitchen,Cushion,2024-01-01,2605.61,8745.77,42,False
SKU043,2024-11-03,130,1136950.0999999999,2,1,8745.77,44,11,2024,Autumn,Kitchen,Cushion,2024-01-01,2605.61,8745.77,43,False
SKU043,2024-11-10,128,1119458.56,2,0,8745.77,45,11,2024,Autumn,Kitchen,Cushion,2024-01-01,2605.61,8745.77,44,False
SKU043,2024-11-17,140,1224407.8,2,0,8745.77,46,11,2024,Autumn,Kitchen,Cushion,2024-01-01,2605.61,8745.77,45,False
SKU043,2024-11-24,142,1241899.3399999999,2,0,8745.77,47,11,2024,Autumn,Kitchen,Cushion,2024-01-01,2605.61,8745.77,46,False
SKU043,2024-12-01,127,1110712.79,1,0,8745.77,48,12,2024,Winter,Kitchen,Cushion,2024-01-01,2605.61,8745.77,47,False
SKU043,2024-12-08,147,1285628.19,0,0,8745.77,49,12,2024,Winter,Kitchen,Cushion,2024-01-01,2605.61,8745.77,48,False
SKU043,2024-12-15,133,1163187.41,0,0,8745.77,50,12,2024,Winter,Kitchen,Cushion,2024-01-01,2605.61,8745.77,49,False
SKU043,2024-12-22,133,1163187.41,0,0,8745.77,51,12,2024,Winter,Kitchen,Cushion,2024-01-01,2605.61,8745.77,50,False
SKU043,2024-12-29,131,1145695.8699999999,0,1,8745.77,52,12,2024,Winter,Kitchen,Cushion,2024-01-01,2605.61,8745.77,51,False
SKU043,2025-01-05,169,1478035.1300000001,0,0,8745.77,1,1,2025,Winter,Kitchen,Cushion,2024-01-01,2605.61,8745.77,52,False
SKU043,2025-01-12,166,1451797.82,0,0,8745.77,2,1,2025,Winter,Kitchen,Cushion,2024-01-01,2605.61,8745.77,53,False
SKU043,2025-01-19,157,1373085.89,0,0,8745.77,3,1,2025,Winter,Kitchen,Cushion,2024-01-01,2605.61,8745.77,54,False
SKU043,2025-01-26,155,1355594.3499999999,0,1,8745.77,4,1,2025,Winter,Kitchen,Cushion,2024-01-01,2605.61,8745.77,55,False
SKU043,2025-02-02,161,1408068.97,0,0,8745.77,5,2,2025,Winter,Kitchen,Cushion,2024-01-01,2605.61,8745.77,56,False
SKU043,2025-02-09,191,1670442.07,0,0,8745.77,6,2,2025,Winter,Kitchen,Cushion,2024-01-01,2605.61,8745.77,57,False
SKU043,2025-02-16,168,1469289.3599999999,0,0,8745.77,7,2,2025,Winter,Kitchen,Cushion,2024-01-01,2605.61,8745.77,58,False
SKU043,2025-02-23,153,1338102.81,0,0,8745.77,8,2,2025,Winter,Kitchen,Cushion,2024-01-01,2605.61,8745.77,59,False
SKU043,2025-03-02,193,1687933.6099999999,2,0,8745.77,9,3,2025,Spring,Kitchen,Cushion,2024-01-01,2605.61,8745.77,60,False
SKU043,2025-03-09,186,1626713.22,2,0,8745.77,10,3,2025,Spring,Kitchen,Cushion,2024-01-01,2605.61,8745.77,61,False
SKU043,2025-03-16,184,1609221.68,2,0,8745.77,11,3,2025,Spring,Kitchen,Cushion,2024-01-01,2605.61,8745.77,62,False
SKU043,2025-03-23,191,1670442.07,2,0,8745.77,12,3,2025,Spring,Kitchen,Cushion,2024-01-01,2605.61,8745.77,63,False
SKU043,2025-03-30,200,1749154.0,2,0,8745.77,13,3,2025,Spring,Kitchen,Cushion,2024-01-01,2605.61,8745.77,64,False
SKU043,2025-04-06,188,1644204.76,0,0,8745.77,14,4,2025,Spring,Kitchen,Cushion,2024-01-01,2605.61,8745.77,65,False
SKU043,2025-04-13,176,1539255.52,0,0,8745.77,15,4,2025,Spring,Kitchen,Cushion,2024-01-01,2605.61,8745.77,66,False
SKU043,2025-04-20,184,1609221.6800000002,0,0,8745.77,16,4,2025,Spring,Kitchen,Cushion,2024-01-01,2605.61,8745.77,67,False
SKU043,2025-04-27,176,1539255.52,0,0,8745.77,17,4,2025,Spring,Kitchen,Cushion,2024-01-01,2605.61,8745.77,68,False
SKU043,2025-05-04,179,1565492.83,0,0,8745.77,18,5,2025,Summer,Kitchen,Cushion,2024-01-01,2605.61,8745.77,69,False
SKU043,2025-05-11,165,1443052.05,0,0,8745.77,19,5,2025,Summer,Kitchen,Cushion,2024-01-01,2605.61,8745.77,70,False
SKU043,2025-05-18,170,1486780.9,0,0,8745.77,20,5,2025,Summer,Kitchen,Cushion,2024-01-01,2605.61,8745.77,71,False
SKU043,2025-05-25,184,1609221.68,0,0,8745.77,21,5,2025,Summer,Kitchen,Cushion,2024-01-01,2605.61,8745.77,72,False
SKU043,2025-06-01,192,1679187.84,1,0,8745.77,22,6,2025,Summer,Kitchen,Cushion,2024-01-01,2605.61,8745.77,73,False
SKU043,2025-06-08,194,1696679.38,2,0,8745.77,23,6,2025,Summer,Kitchen,Cushion,2024-01-01,2605.61,8745.77,74,False
SKU043,2025-06-15,178,1556747.06,2,0,8745.77,24,6,2025,Summer,Kitchen,Cushion,2024-01-01,2605.61,8745.77,75,False
SKU043,2025-06-22,180,1574238.6,2,0,8745.77,25,6,2025,Summer,Kitchen,Cushion,2024-01-01,2605.61,8745.77,76,False
SKU043,2025-06-29,179,1565492.83,2,0,8745.77,26,6,2025,Summer,Kitchen,Cushion,2024-01-01,2605.61,8745.77,77,False
SKU043,2025-07-06,155,1355594.35,0,0,8745.77,27,7,2025,Monsoon,Kitchen,Cushion,2024-01-01,2605.61,8745.77,78,False
SKU043,2025-07-13,161,1408068.97,0,0,8745.77,28,7,2025,Monsoon,Kitchen,Cushion,2024-01-01,2605.61,8745.77,79,False
SKU043,2025-07-20,161,1408068.97,0,0,8745.77,29,7,2025,Monsoon,Kitchen,Cushion,2024-01-01,2605.61,8745.77,80,False
SKU043,2025-07-27,132,1154441.64,0,0,8745.77,30,7,2025,Monsoon,Kitchen,Cushion,2024-01-01,2605.61,8745.77,81,False
SKU043,2025-08-03,149,1303119.73,0,0,8745.77,31,8,2025,Monsoon,Kitchen,Cushion,2024-01-01,2605.61,8745.77,82,False
SKU043,2025-08-10,156,1364340.12,0,0,8745.77,32,8,2025,Monsoon,Kitchen,Cushion,2024-01-01,2605.61,8745.77,83,False
SKU043,2025-08-17,142,1241899.34,0,1,8745.77,33,8,2025,Monsoon,Kitchen,Cushion,2024-01-01,2605.61,8745.77,84,False
SKU043,2025-08-24,130,1136950.1,0,0,8745.77,34,8,2025,Monsoon,Kitchen,Cushion,2024-01-01,2605.61,8745.77,85,False
SKU043,2025-08-31,139,1215662.03,0,0,8745.77,35,8,2025,Monsoon,Kitchen,Cushion,2024-01-01,2605.61,8745.77,86,False
SKU043,2025-09-07,133,1163187.4100000001,2,0,8745.77,36,9,2025,Monsoon,Kitchen,Cushion,2024-01-01,2605.61,8745.77,87,False
SKU043,2025-09-14,143,1250645.1099999999,2,0,8745.77,37,9,2025,Monsoon,Kitchen,Cushion,2024-01-01,2605.61,8745.77,88,False
SKU043,2025-09-21,143,1250645.1099999999,2,0,8745.77,38,9,2025,Monsoon,Kitchen,Cushion,2024-01-01,2605.61,8745.77,89,False
SKU043,2025-09-28,121,1058238.17,2,0,8745.77,39,9,2025,Monsoon,Kitchen,Cushion,2024-01-01,2605.61,8745.77,90,False
SKU043,2025-10-05,115,1005763.55,0,0,8745.77,40,10,2025,Autumn,Kitchen,Cushion,2024-01-01,2605.61,8745.77,91,False
SKU043,2025-10-12,125,1093221.25,0,0,8745.77,41,10,2025,Autumn,Kitchen,Cushion,2024-01-01,2605.61,8745.77,92,False
SKU043,2025-10-19,123,1075729.71,0,0,8745.77,42,10,2025,Autumn,Kitchen,Cushion,2024-01-01,2605.61,8745.77,93,False
SKU043,2025-10-26,117,1023255.09,0,1,8745.77,43,10,2025,Autumn,Kitchen,Cushion,2024-01-01,2605.61,8745.77,94,False
SKU043,2025-11-02,147,1285628.19,2,0,8745.77,44,11,2025,Autumn,Kitchen,Cushion,2024-01-01,2605.61,8745.77,95,False
SKU043,2025-11-09,148,1294373.96,2,0,8745.77,45,11,2025,Autumn,Kitchen,Cushion,2024-01-01,2605.61,8745.77,96,False
SKU043,2025-11-16,145,1268136.65,2,0,8745.77,46,11,2025,Autumn,Kitchen,Cushion,2024-01-01,2605.61,8745.77,97,False
SKU043,2025-11-23,144,1259390.88,2,0,8745.77,47,11,2025,Autumn,Kitchen,Cushion,2024-01-01,2605.61,8745.77,98,False
SKU043,2025-11-30,113,988272.01,2,0,8745.77,48,11,2025,Autumn,Kitchen,Cushion,2024-01-01,2605.61,8745.77,99,False
SKU043,2025-12-07,127,1110712.79,0,0,8745.77,49,12,2025,Winter,Kitchen,Cushion,2024-01-01,2605.61,8745.77,100,True
SKU043,2025-12-14,142,1241899.34,0,0,8745.77,50,12,2025,Winter,Kitchen,Cushion,2024-01-01,2605.61,8745.77,101,True
SKU043,2025-12-21,132,1154441.6400000001,0,0,8745.77,51,12,2025,Winter,Kitchen,Cushion,2024-01-01,2605.61,8745.77,102,True
SKU043,2025-12-28,126,1101967.02,0,1,8745.77,52,12,2025,Winter,Kitchen,Cushion,2024-01-01,2605.61,8745.77,103,True
SKU044,2024-01-07,66,357210.48,0,0,5412.28,1,1,2024,Winter,Lighting,Cookware,2023-01-25,488.84,5412.28,49,False
SKU044,2024-01-14,83,449219.24,0,0,5412.28,2,1,2024,Winter,Lighting,Cookware,2023-01-25,488.84,5412.28,50,False
SKU044,2024-01-21,71,384271.88,0,0,5412.28,3,1,2024,Winter,Lighting,Cookware,2023-01-25,488.84,5412.28,51,False
SKU044,2024-01-28,64,346385.92,0,1,5412.28,4,1,2024,Winter,Lighting,Cookware,2023-01-25,488.84,5412.28,52,False
SKU044,2024-02-04,76,411333.28,0,0,5412.28,5,2,2024,Winter,Lighting,Cookware,2023-01-25,488.84,5412.28,53,False
SKU044,2024-02-11,65,351798.2,0,0,5412.28,6,2,2024,Winter,Lighting,Cookware,2023-01-25,488.84,5412.28,54,False
SKU044,2024-02-18,77,416745.56,0,0,5412.28,7,2,2024,Winter,Lighting,Cookware,2023-01-25,488.84,5412.28,55,False
SKU044,2024-02-25,70,378859.6,0,0,5412.28,8,2,2024,Winter,Lighting,Cookware,2023-01-25,488.84,5412.28,56,False
SKU044,2024-03-03,89,481692.92,2,0,5412.28,9,3,2024,Spring,Lighting,Cookware,2023-01-25,488.84,5412.28,57,False
SKU044,2024-03-10,69,373447.32,2,0,5412.28,10,3,2024,Spring,Lighting,Cookware,2023-01-25,488.84,5412.28,58,False
SKU044,2024-03-17,94,508754.32,2,0,5412.28,11,3,2024,Spring,Lighting,Cookware,2023-01-25,488.84,5412.28,59,False
SKU044,2024-03-24,78,422157.83999999997,2,0,5412.28,12,3,2024,Spring,Lighting,Cookware,2023-01-25,488.84,5412.28,60,False
SKU044,2024-03-31,88,476280.64,2,0,5412.28,13,3,2024,Spring,Lighting,Cookware,2023-01-25,488.84,5412.28,61,False
SKU044,2024-04-07,81,438394.68,0,0,5412.28,14,4,2024,Spring,Lighting,Cookware,2023-01-25,488.84,5412.28,62,False
SKU044,2024-04-14,76,411333.28,0,0,5412.28,15,4,2024,Spring,Lighting,Cookware,2023-01-25,488.84,5412.28,63,False
SKU044,2024-04-21,77,416745.56,0,0,5412.28,16,4,2024,Spring,Lighting,Cookware,2023-01-25,488.84,5412.28,64,False
SKU044,2024-04-28,84,454631.52,0,0,5412.28,17,4,2024,Spring,Lighting,Cookware,2023-01-25,488.84,5412.28,65,False
SKU044,2024-05-05,79,427570.12,0,0,5412.28,18,5,2024,Summer,Lighting,Cookware,2023-01-25,488.84,5412.28,66,False
SKU044,2024-05-12,84,454631.51999999996,0,0,5412.28,19,5,2024,Summer,Lighting,Cookware,2023-01-25,488.84,5412.28,67,False
SKU044,2024-05-19,70,378859.6,0,0,5412.28,20,5,2024,Summer,Lighting,Cookware,2023-01-25,488.84,5412.28,68,False
SKU044,2024-05-26,77,416745.56,0,0,5412.28,21,5,2024,Summer,Lighting,Cookware,2023-01-25,488.84,5412.28,69,False
SKU044,2024-06-02,85,460043.8,2,0,5412.28,22,6,2024,Summer,Lighting,Cookware,2023-01-25,488.84,5412.28,70,False
SKU044,2024-06-09,78,422157.83999999997,2,0,5412.28,23,6,2024,Summer,Lighting,Cookware,2023-01-25,488.84,5412.28,71,False
SKU044,2024-06-16,81,438394.68,2,0,5412.28,24,6,2024,Summer,Lighting,Cookware,2023-01-25,488.84,5412.28,72,False
SKU044,2024-06-23,77,416745.56,2,0,5412.28,25,6,2024,Summer,Lighting,Cookware,2023-01-25,488.84,5412.28,73,False
SKU044,2024-06-30,90,487105.2,2,0,5412.28,26,6,2024,Summer,Lighting,Cookware,2023-01-25,488.84,5412.28,74,False
SKU044,2024-07-07,71,384271.88,0,0,5412.28,27,7,2024,Monsoon,Lighting,Cookware,2023-01-25,488.84,5412.28,75,False
SKU044,2024-07-14,71,384271.88,0,0,5412.28,28,7,2024,Monsoon,Lighting,Cookware,2023-01-25,488.84,5412.28,76,False
SKU044,2024-07-21,78,422157.83999999997,0,0,5412.28,29,7,2024,Monsoon,Lighting,Cookware,2023-01-25,488.84,5412.28,77,False
SKU044,2024-07-28,78,422157.83999999997,0,0,5412.28,30,7,2024,Monsoon,Lighting,Cookware,2023-01-25,488.84,5412.28,78,False
SKU044,2024-08-04,66,357210.48,0,0,5412.28,31,8,2024,Monsoon,Lighting,Cookware,2023-01-25,488.84,5412.28,79,False
SKU044,2024-08-11,60,324736.8,0,0,5412.28,32,8,2024,Monsoon,Lighting,Cookware,2023-01-25,488.84,5412.28,80,False
SKU044,2024-08-18,76,411333.28,0,1,5412.28,33,8,2024,Monsoon,Lighting,Cookware,2023-01-25,488.84,5412.28,81,False
SKU044,2024-08-25,55,297675.39999999997,0,0,5412.28,34,8,2024,Monsoon,Lighting,Cookware,2023-01-25,488.84,5412.28,82,False
SKU044,2024-09-01,70,378859.6,1,0,5412.28,35,9,2024,Monsoon,Lighting,Cookware,2023-01-25,488.84,5412.28,83,False
SKU044,2024-09-08,60,324736.8,2,0,5412.28,36,9,2024,Monsoon,Lighting,Cookware,2023-01-25,488.84,5412.28,84,False
SKU044,2024-09-15,63,340973.64,2,0,5412.28,37,9,2024,Monsoon,Lighting,Cookware,2023-01-25,488.84,5412.28,85,False
SKU044,2024-09-22,56,303087.68,2,0,5412.28,38,9,2024,Monsoon,Lighting,Cookware,2023-01-25,488.84,5412.28,86,False
SKU044,2024-09-29,68,368035.04,2,0,5412.28,39,9,2024,Monsoon,Lighting,Cookware,2023-01-25,488.84,5412.28,87,False
SKU044,2024-10-06,48,259789.44,0,0,5412.28,40,10,2024,Autumn,Lighting,Cookware,2023-01-25,488.84,5412.28,88,False
SKU044,2024-10-13,57,308499.95999999996,0,0,5412.28,41,10,2024,Autumn,Lighting,Cookware,2023-01-25,488.84,5412.28,89,False
SKU044,2024-10-20,61,330149.08,0,0,5412.28,42,10,2024,Autumn,Lighting,Cookware,2023-01-25,488.84,5412.28,90,False
SKU044,2024-10-27,57,308499.96,0,0,5412.28,43,10,2024,Autumn,Lighting,Cookware,2023-01-25,488.84,5412.28,91,False
SKU044,2024-11-03,59,319324.52,2,1,5412.28,44,11,2024,Autumn,Lighting,Cookware,2023-01-25,488.84,5412.28,92,False
SKU044,2024-11-10,48,259789.44,2,0,5412.28,45,11,2024,Autumn,Lighting,Cookware,2023-01-25,488.84,5412.28,93,False
SKU044,2024-11-17,54,292263.12,2,0,5412.28,46,11,2024,Autumn,Lighting,Cookware,2023-01-25,488.84,5412.28,94,False
SKU044,2024-11-24,44,238140.32,2,0,5412.28,47,11,2024,Autumn,Lighting,Cookware,2023-01-25,488.84,5412.28,95,False
SKU044,2024-12-01,59,319324.52,1,0,5412.28,48,12,2024,Winter,Lighting,Cookware,2023-01-25,488.84,5412.28,96,False
SKU044,2024-12-08,50,270614.0,0,0,5412.28,49,12,2024,Winter,Lighting,Cookware,2023-01-25,488.84,5412.28,97,False
SKU044,2024-12-15,54,292263.12,0,0,5412.28,50,12,2024,Winter,Lighting,Cookware,2023-01-25,488.84,5412.28,98,False
SKU044,2024-12-22,52,281438.56,0,0,5412.28,51,12,2024,Winter,Lighting,Cookware,2023-01-25,488.84,5412.28,99,False
SKU044,2024-12-29,60,324736.8,0,1,5412.28,52,12,2024,Winter,Lighting,Cookware,2023-01-25,488.84,5412.28,100,False
SKU044,2025-01-05,63,340973.64,0,0,5412.28,1,1,2025,Winter,Lighting,Cookware,2023-01-25,488.84,5412.28,101,False
SKU044,2025-01-12,76,411333.27999999997,0,0,5412.28,2,1,2025,Winter,Lighting,Cookware,2023-01-25,488.84,5412.28,102,False
SKU044,2025-01-19,81,438394.68,0,0,5412.28,3,1,2025,Winter,Lighting,Cookware,2023-01-25,488.84,5412.28,103,False
SKU044,2025-01-26,71,384271.88,0,1,5412.28,4,1,2025,Winter,Lighting,Cookware,2023-01-25,488.84,5412.28,104,False
SKU044,2025-02-02,67,362622.76,0,0,5412.28,5,2,2025,Winter,Lighting,Cookware,2023-01-25,488.84,5412.28,105,False
SKU044,2025-02-09,69,373447.32,0,0,5412.28,6,2,2025,Winter,Lighting,Cookware,2023-01-25,488.84,5412.28,106,False
SKU044,2025-02-16,66,357210.48,0,0,5412.28,7,2,2025,Winter,Lighting,Cookware,2023-01-25,488.84,5412.28,107,False
SKU044,2025-02-23,67,362622.76,0,0,5412.28,8,2,2025,Winter,Lighting,Cookware,2023-01-25,488.84,5412.28,108,False
SKU044,2025-03-02,75,405921.0,2,0,5412.28,9,3,2025,Spring,Lighting,Cookware,2023-01-25,488.84,5412.28,109,False
SKU044,2025-03-09,90,487105.2,2,0,5412.28,10,3,2025,Spring,Lighting,Cookware,2023-01-25,488.84,5412.28,110,False
SKU044,2025-03-16,88,476280.64,2,0,5412.28,11,3,2025,Spring,Lighting,Cookware,2023-01-25,488.84,5412.28,111,False
SKU044,2025-03-23,85,460043.8,2,0,5412.28,12,3,2025,Spring,Lighting,Cookware,2023-01-25,488.84,5412.28,112,False
SKU044,2025-03-30,76,411333.27999999997,2,0,5412.28,13,3,2025,Spring,Lighting,Cookware,2023-01-25,488.84,5412.28,113,False
SKU044,2025-04-06,85,460043.8,0,0,5412.28,14,4,2025,Spring,Lighting,Cookware,2023-01-25,488.84,5412.28,114,False
SKU044,2025-04-13,67,362622.76,0,0,5412.28,15,4,2025,Spring,Lighting,Cookware,2023-01-25,488.84,5412.28,115,False
SKU044,2025-04-20,84,454631.51999999996,0,0,5412.28,16,4,2025,Spring,Lighting,Cookware,2023-01-25,488.84,5412.28,116,False
SKU044,2025-04-27,77,416745.56,0,0,5412.28,17,4,2025,Spring,Lighting,Cookware,2023-01-25,488.84,5412.28,117,False
SKU044,2025-05-04,74,400508.72,0,0,5412.28,18,5,2025,Summer,Lighting,Cookware,2023-01-25,488.84,5412.28,118,False
SKU044,2025-05-11,81,438394.68,0,0,5412.28,19,5,2025,Summer,Lighting,Cookware,2023-01-25,488.84,5412.28,119,False
SKU044,2025-05-18,88,476280.64,0,0,5412.28,20,5,2025,Summer,Lighting,Cookware,2023-01-25,488.84,5412.28,120,False
SKU044,2025-05-25,72,389684.16000000003,0,0,5412.28,21,5,2025,Summer,Lighting,Cookware,2023-01-25,488.84,5412.28,121,False
SKU044,2025-06-01,89,481692.92,1,0,5412.28,22,6,2025,Summer,Lighting,Cookware,2023-01-25,488.84,5412.28,122,False
SKU044,2025-06-08,73,395096.44,2,0,5412.28,23,6,2025,Summer,Lighting,Cookware,2023-01-25,488.84,5412.28,123,False
SKU044,2025-06-15,88,476280.64,2,0,5412.28,24,6,2025,Summer,Lighting,Cookware,2023-01-25,488.84,5412.28,124,False
SKU044,2025-06-22,71,384271.88,2,0,5412.28,25,6,2025,Summer,Lighting,Cookware,2023-01-25,488.84,5412.28,125,False
SKU044,2025-06-29,62,335561.36,2,0,5412.28,26,6,2025,Summer,Lighting,Cookware,2023-01-25,488.84,5412.28,126,False
SKU044,2025-07-06,61,330149.08,0,0,5412.28,27,7,2025,Monsoon,Lighting,Cookware,2023-01-25,488.84,5412.28,127,False
SKU044,2025-07-13,79,427570.12,0,0,5412.28,28,7,2025,Monsoon,Lighting,Cookware,2023-01-25,488.84,5412.28,128,False
SKU044,2025-07-20,72,389684.16,0,0,5412.28,29,7,2025,Monsoon,Lighting,Cookware,2023-01-25,488.84,5412.28,129,False
SKU044,2025-07-27,69,373447.32,0,0,5412.28,30,7,2025,Monsoon,Lighting,Cookware,2023-01-25,488.84,5412.28,130,False
SKU044,2025-08-03,65,351798.2,0,0,5412.28,31,8,2025,Monsoon,Lighting,Cookware,2023-01-25,488.84,5412.28,131,False
SKU044,2025-08-10,66,357210.48,0,0,5412.28,32,8,2025,Monsoon,Lighting,Cookware,2023-01-25,488.84,5412.28,132,False
SKU044,2025-08-17,61,330149.08,0,1,5412.28,33,8,2025,Monsoon,Lighting,Cookware,2023-01-25,488.84,5412.28,133,False
SKU044,2025-08-24,70,378859.6,0,0,5412.28,34,8,2025,Monsoon,Lighting,Cookware,2023-01-25,488.84,5412.28,134,False
SKU044,2025-08-31,51,276026.28,0,0,5412.28,35,8,2025,Monsoon,Lighting,Cookware,2023-01-25,488.84,5412.28,135,False
SKU044,2025-09-07,56,303087.68,2,0,5412.28,36,9,2025,Monsoon,Lighting,Cookware,2023-01-25,488.84,5412.28,136,False
SKU044,2025-09-14,61,330149.08,2,0,5412.28,37,9,2025,Monsoon,Lighting,Cookware,2023-01-25,488.84,5412.28,137,False
SKU044,2025-09-21,47,254377.15999999997,2,0,5412.28,38,9,2025,Monsoon,Lighting,Cookware,2023-01-25,488.84,5412.28,138,False
SKU044,2025-09-28,66,357210.48,2,0,5412.28,39,9,2025,Monsoon,Lighting,Cookware,2023-01-25,488.84,5412.28,139,False
SKU044,2025-10-05,50,270614.0,0,0,5412.28,40,10,2025,Autumn,Lighting,Cookware,2023-01-25,488.84,5412.28,140,False
SKU044,2025-10-12,49,265201.72,0,0,5412.28,41,10,2025,Autumn,Lighting,Cookware,2023-01-25,488.84,5412.28,141,False
SKU044,2025-10-19,56,303087.68,0,0,5412.28,42,10,2025,Autumn,Lighting,Cookware,2023-01-25,488.84,5412.28,142,False
SKU044,2025-10-26,53,286850.83999999997,0,1,5412.28,43,10,2025,Autumn,Lighting,Cookware,2023-01-25,488.84,5412.28,143,False
SKU044,2025-11-02,60,324736.8,2,0,5412.28,44,11,2025,Autumn,Lighting,Cookware,2023-01-25,488.84,5412.28,144,False
SKU044,2025-11-09,58,313912.24,2,0,5412.28,45,11,2025,Autumn,Lighting,Cookware,2023-01-25,488.84,5412.28,145,False
SKU044,2025-11-16,53,286850.83999999997,2,0,5412.28,46,11,2025,Autumn,Lighting,Cookware,2023-01-25,488.84,5412.28,146,False
SKU044,2025-11-23,46,248964.88,2,0,5412.28,47,11,2025,Autumn,Lighting,Cookware,2023-01-25,488.84,5412.28,147,False
SKU044,2025-11-30,57,308499.96,2,0,5412.28,48,11,2025,Autumn,Lighting,Cookware,2023-01-25,488.84,5412.28,148,False
SKU044,2025-12-07,52,281438.56,0,0,5412.28,49,12,2025,Winter,Lighting,Cookware,2023-01-25,488.84,5412.28,149,True
SKU044,2025-12-14,57,308499.96,0,0,5412.28,50,12,2025,Winter,Lighting,Cookware,2023-01-25,488.84,5412.28,150,True
SKU044,2025-12-21,61,330149.08,0,0,5412.28,51,12,2025,Winter,Lighting,Cookware,2023-01-25,488.84,5412.28,151,True
SKU044,2025-12-28,61,330149.08,0,1,5412.28,52,12,2025,Winter,Lighting,Cookware,2023-01-25,488.84,5412.28,152,True
SKU045,2024-01-07,170,1305052.6,0,0,7676.78,1,1,2024,Winter,Storage,Lamp,2022-03-16,3634.56,7676.78,94,False
SKU045,2024-01-14,157,1205254.46,0,0,7676.78,2,1,2024,Winter,Storage,Lamp,2022-03-16,3634.56,7676.78,95,False
SKU045,2024-01-21,160,1228284.8,0,0,7676.78,3,1,2024,Winter,Storage,Lamp,2022-03-16,3634.56,7676.78,96,False
SKU045,2024-01-28,169,1297375.82,0,1,7676.78,4,1,2024,Winter,Storage,Lamp,2022-03-16,3634.56,7676.78,97,False
SKU045,2024-02-04,191,1466264.98,0,0,7676.78,5,2,2024,Winter,Storage,Lamp,2022-03-16,3634.56,7676.78,98,False
SKU045,2024-02-11,204,1566063.12,0,0,7676.78,6,2,2024,Winter,Storage,Lamp,2022-03-16,3634.56,7676.78,99,False
SKU045,2024-02-18,189,1450911.42,0,0,7676.78,7,2,2024,Winter,Storage,Lamp,2022-03-16,3634.56,7676.78,100,False
SKU045,2024-02-25,181,1389497.18,0,0,7676.78,8,2,2024,Winter,Storage,Lamp,2022-03-16,3634.56,7676.78,101,False
SKU045,2024-03-03,223,1711921.94,2,0,7676.78,9,3,2024,Spring,Storage,Lamp,2022-03-16,3634.56,7676.78,102,False
SKU045,2024-03-10,212,1627477.36,2,0,7676.78,10,3,2024,Spring,Storage,Lamp,2022-03-16,3634.56,7676.78,103,False
SKU045,2024-03-17,200,1535356.0,2,0,7676.78,11,3,2024,Spring,Storage,Lamp,2022-03-16,3634.56,7676.78,104,False
SKU045,2024-03-24,223,1711921.94,2,0,7676.78,12,3,2024,Spring,Storage,Lamp,2022-03-16,3634.56,7676.78,105,False
SKU045,2024-03-31,218,1673538.04,2,0,7676.78,13,3,2024,Spring,Storage,Lamp,2022-03-16,3634.56,7676.78,106,False
SKU045,2024-04-07,186,1427881.08,0,0,7676.78,14,4,2024,Spring,Storage,Lamp,2022-03-16,3634.56,7676.78,107,False
SKU045,2024-04-14,219,1681214.82,0,0,7676.78,15,4,2024,Spring,Storage,Lamp,2022-03-16,3634.56,7676.78,108,False
SKU045,2024-04-21,212,1627477.3599999999,0,0,7676.78,16,4,2024,Spring,Storage,Lamp,2022-03-16,3634.56,7676.78,109,False
SKU045,2024-04-28,213,1635154.14,0,0,7676.78,17,4,2024,Spring,Storage,Lamp,2022-03-16,3634.56,7676.78,110,False
SKU045,2024-05-05,209,1604447.02,0,0,7676.78,18,5,2024,Summer,Storage,Lamp,2022-03-16,3634.56,7676.78,111,False
SKU045,2024-05-12,198,1520002.44,0,0,7676.78,19,5,2024,Summer,Storage,Lamp,2022-03-16,3634.56,7676.78,112,False
SKU045,2024-05-19,213,1635154.14,0,0,7676.78,20,5,2024,Summer,Storage,Lamp,2022-03-16,3634.56,7676.78,113,False
SKU045,2024-05-26,187,1435557.8599999999,0,0,7676.78,21,5,2024,Summer,Storage,Lamp,2022-03-16,3634.56,7676.78,114,False
SKU045,2024-06-02,230,1765659.4,2,0,7676.78,22,6,2024,Summer,Storage,Lamp,2022-03-16,3634.56,7676.78,115,False
SKU045,2024-06-09,213,1635154.14,2,0,7676.78,23,6,2024,Summer,Storage,Lamp,2022-03-16,3634.56,7676.78,116,False
SKU045,2024-06-16,239,1834750.42,2,0,7676.78,24,6,2024,Summer,Storage,Lamp,2022-03-16,3634.56,7676.78,117,False
SKU045,2024-06-23,217,1665861.26,2,0,7676.78,25,6,2024,Summer,Storage,Lamp,2022-03-16,3634.56,7676.78,118,False
SKU045,2024-06-30,204,1566063.12,2,0,7676.78,26,6,2024,Summer,Storage,Lamp,2022-03-16,3634.56,7676.78,119,False
SKU045,2024-07-07,177,1358790.06,0,0,7676.78,27,7,2024,Monsoon,Storage,Lamp,2022-03-16,3634.56,7676.78,120,False
SKU045,2024-07-14,150,1151517.0,0,0,7676.78,28,7,2024,Monsoon,Storage,Lamp,2022-03-16,3634.56,7676.78,121,False
SKU045,2024-07-21,157,1205254.46,0,0,7676.78,29,7,2024,Monsoon,Storage,Lamp,2022-03-16,3634.56,7676.78,122,False
SKU045,2024-07-28,181,1389497.18,0,0,7676.78,30,7,2024,Monsoon,Storage,Lamp,2022-03-16,3634.56,7676.78,123,False
SKU045,2024-08-04,172,1320406.16,0,0,7676.78,31,8,2024,Monsoon,Storage,Lamp,2022-03-16,3634.56,7676.78,124,False
SKU045,2024-08-11,169,1297375.82,0,0,7676.78,32,8,2024,Monsoon,Storage,Lamp,2022-03-16,3634.56,7676.78,125,False
SKU045,2024-08-18,197,1512325.66,0,1,7676.78,33,8,2024,Monsoon,Storage,Lamp,2022-03-16,3634.56,7676.78,126,False
SKU045,2024-08-25,130,997981.4,0,0,7676.78,34,8,2024,Monsoon,Storage,Lamp,2022-03-16,3634.56,7676.78,127,False
SKU045,2024-09-01,158,1212931.24,1,0,7676.78,35,9,2024,Monsoon,Storage,Lamp,2022-03-16,3634.56,7676.78,128,False
SKU045,2024-09-08,159,1220608.02,2,0,7676.78,36,9,2024,Monsoon,Storage,Lamp,2022-03-16,3634.56,7676.78,129,False
SKU045,2024-09-15,154,1182224.12,2,0,7676.78,37,9,2024,Monsoon,Storage,Lamp,2022-03-16,3634.56,7676.78,130,False
SKU045,2024-09-22,152,1166870.56,2,0,7676.78,38,9,2024,Monsoon,Storage,Lamp,2022-03-16,3634.56,7676.78,131,False
SKU045,2024-09-29,178,1366466.84,2,0,7676.78,39,9,2024,Monsoon,Storage,Lamp,2022-03-16,3634.56,7676.78,132,False
SKU045,2024-10-06,139,1067072.42,0,0,7676.78,40,10,2024,Autumn,Storage,Lamp,2022-03-16,3634.56,7676.78,133,False
SKU045,2024-10-13,131,1005658.1799999999,0,0,7676.78,41,10,2024,Autumn,Storage,Lamp,2022-03-16,3634.56,7676.78,134,False
SKU045,2024-10-20,142,1090102.76,0,0,7676.78,42,10,2024,Autumn,Storage,Lamp,2022-03-16,3634.56,7676.78,135,False
SKU045,2024-10-27,173,1328082.94,0,0,7676.78,43,10,2024,Autumn,Storage,Lamp,2022-03-16,3634.56,7676.78,136,False
SKU045,2024-11-03,145,1113133.1,2,1,7676.78,44,11,2024,Autumn,Storage,Lamp,2022-03-16,3634.56,7676.78,137,False
SKU045,2024-11-10,143,1097779.54,2,0,7676.78,45,11,2024,Autumn,Storage,Lamp,2022-03-16,3634.56,7676.78,138,False
SKU045,2024-11-17,170,1305052.6,2,0,7676.78,46,11,2024,Autumn,Storage,Lamp,2022-03-16,3634.56,7676.78,139,False
SKU045,2024-11-24,162,1243638.3599999999,2,0,7676.78,47,11,2024,Autumn,Storage,Lamp,2022-03-16,3634.56,7676.78,140,False
SKU045,2024-12-01,161,1235961.58,1,0,7676.78,48,12,2024,Winter,Storage,Lamp,2022-03-16,3634.56,7676.78,141,False
SKU045,2024-12-08,151,1159193.78,0,0,7676.78,49,12,2024,Winter,Storage,Lamp,2022-03-16,3634.56,7676.78,142,False
SKU045,2024-12-15,149,1143840.22,0,0,7676.78,50,12,2024,Winter,Storage,Lamp,2022-03-16,3634.56,7676.78,143,False
SKU045,2024-12-22,159,1220608.02,0,0,7676.78,51,12,2024,Winter,Storage,Lamp,2022-03-16,3634.56,7676.78,144,False
SKU045,2024-12-29,190,1458588.2,0,1,7676.78,52,12,2024,Winter,Storage,Lamp,2022-03-16,3634.56,7676.78,145,False
SKU045,2025-01-05,162,1243638.3599999999,0,0,7676.78,1,1,2025,Winter,Storage,Lamp,2022-03-16,3634.56,7676.78,146,False
SKU045,2025-01-12,169,1297375.82,0,0,7676.78,2,1,2025,Winter,Storage,Lamp,2022-03-16,3634.56,7676.78,147,False
SKU045,2025-01-19,145,1113133.1,0,0,7676.78,3,1,2025,Winter,Storage,Lamp,2022-03-16,3634.56,7676.78,148,False
SKU045,2025-01-26,184,1412527.52,0,1,7676.78,4,1,2025,Winter,Storage,Lamp,2022-03-16,3634.56,7676.78,149,False
SKU045,2025-02-02,184,1412527.52,0,0,7676.78,5,2,2025,Winter,Storage,Lamp,2022-03-16,3634.56,7676.78,150,False
SKU045,2025-02-09,179,1374143.62,0,0,7676.78,6,2,2025,Winter,Storage,Lamp,2022-03-16,3634.56,7676.78,151,False
SKU045,2025-02-16,202,1550709.56,0,0,7676.78,7,2,2025,Winter,Storage,Lamp,2022-03-16,3634.56,7676.78,152,False
SKU045,2025-02-23,202,1550709.56,0,0,7676.78,8,2,2025,Winter,Storage,Lamp,2022-03-16,3634.56,7676.78,153,False
SKU045,2025-03-02,218,1673538.04,2,0,7676.78,9,3,2025,Spring,Storage,Lamp,2022-03-16,3634.56,7676.78,154,False
SKU045,2025-03-09,240,1842427.2,2,0,7676.78,10,3,2025,Spring,Storage,Lamp,2022-03-16,3634.56,7676.78,155,False
SKU045,2025-03-16,226,1734952.28,2,0,7676.78,11,3,2025,Spring,Storage,Lamp,2022-03-16,3634.56,7676.78,156,False
SKU045,2025-03-23,223,1711921.94,2,0,7676.78,12,3,2025,Spring,Storage,Lamp,2022-03-16,3634.56,7676.78,157,False
SKU045,2025-03-30,211,1619800.58,2,0,7676.78,13,3,2025,Spring,Storage,Lamp,2022-03-16,3634.56,7676.78,158,False
SKU045,2025-04-06,205,1573739.9,0,0,7676.78,14,4,2025,Spring,Storage,Lamp,2022-03-16,3634.56,7676.78,159,False
SKU045,2025-04-13,233,1788689.74,0,0,7676.78,15,4,2025,Spring,Storage,Lamp,2022-03-16,3634.56,7676.78,160,False
SKU045,2025-04-20,216,1658184.48,0,0,7676.78,16,4,2025,Spring,Storage,Lamp,2022-03-16,3634.56,7676.78,161,False
SKU045,2025-04-27,186,1427881.08,0,0,7676.78,17,4,2025,Spring,Storage,Lamp,2022-03-16,3634.56,7676.78,162,False
SKU045,2025-05-04,186,1427881.08,0,0,7676.78,18,5,2025,Summer,Storage,Lamp,2022-03-16,3634.56,7676.78,163,False
SKU045,2025-05-11,192,1473941.76,0,0,7676.78,19,5,2025,Summer,Storage,Lamp,2022-03-16,3634.56,7676.78,164,False
SKU045,2025-05-18,209,1604447.02,0,0,7676.78,20,5,2025,Summer,Storage,Lamp,2022-03-16,3634.56,7676.78,165,False
SKU045,2025-05-25,199,1527679.22,0,0,7676.78,21,5,2025,Summer,Storage,Lamp,2022-03-16,3634.56,7676.78,166,False
SKU045,2025-06-01,231,1773336.18,1,0,7676.78,22,6,2025,Summer,Storage,Lamp,2022-03-16,3634.56,7676.78,167,False
SKU045,2025-06-08,200,1535356.0,2,0,7676.78,23,6,2025,Summer,Storage,Lamp,2022-03-16,3634.56,7676.78,168,False
SKU045,2025-06-15,221,1696568.38,2,0,7676.78,24,6,2025,Summer,Storage,Lamp,2022-03-16,3634.56,7676.78,169,False
SKU045,2025-06-22,177,1358790.06,2,0,7676.78,25,6,2025,Summer,Storage,Lamp,2022-03-16,3634.56,7676.78,170,False
SKU045,2025-06-29,207,1589093.46,2,0,7676.78,26,6,2025,Summer,Storage,Lamp,2022-03-16,3634.56,7676.78,171,False
SKU045,2025-07-06,160,1228284.8,0,0,7676.78,27,7,2025,Monsoon,Storage,Lamp,2022-03-16,3634.56,7676.78,172,False
SKU045,2025-07-13,156,1197577.68,0,0,7676.78,28,7,2025,Monsoon,Storage,Lamp,2022-03-16,3634.56,7676.78,173,False
SKU045,2025-07-20,187,1435557.8599999999,0,0,7676.78,29,7,2025,Monsoon,Storage,Lamp,2022-03-16,3634.56,7676.78,174,False
SKU045,2025-07-27,170,1305052.6,0,0,7676.78,30,7,2025,Monsoon,Storage,Lamp,2022-03-16,3634.56,7676.78,175,False
SKU045,2025-08-03,149,1143840.22,0,0,7676.78,31,8,2025,Monsoon,Storage,Lamp,2022-03-16,3634.56,7676.78,176,False
SKU045,2025-08-10,151,1159193.78,0,0,7676.78,32,8,2025,Monsoon,Storage,Lamp,2022-03-16,3634.56,7676.78,177,False
SKU045,2025-08-17,155,1189900.9,0,1,7676.78,33,8,2025,Monsoon,Storage,Lamp,2022-03-16,3634.56,7676.78,178,False
SKU045,2025-08-24,159,1220608.02,0,0,7676.78,34,8,2025,Monsoon,Storage,Lamp,2022-03-16,3634.56,7676.78,179,False
SKU045,2025-08-31,138,1059395.6400000001,0,0,7676.78,35,8,2025,Monsoon,Storage,Lamp,2022-03-16,3634.56,7676.78,180,False
SKU045,2025-09-07,163,1251315.1400000001,2,0,7676.78,36,9,2025,Monsoon,Storage,Lamp,2022-03-16,3634.56,7676.78,181,False
SKU045,2025-09-14,171,1312729.38,2,0,7676.78,37,9,2025,Monsoon,Storage,Lamp,2022-03-16,3634.56,7676.78,182,False
SKU045,2025-09-21,147,1128486.66,2,0,7676.78,38,9,2025,Monsoon,Storage,Lamp,2022-03-16,3634.56,7676.78,183,False
SKU045,2025-09-28,162,1243638.3599999999,2,0,7676.78,39,9,2025,Monsoon,Storage,Lamp,2022-03-16,3634.56,7676.78,184,False
SKU045,2025-10-05,142,1090102.76,0,0,7676.78,40,10,2025,Autumn,Storage,Lamp,2022-03-16,3634.56,7676.78,185,False
SKU045,2025-10-12,123,944243.9400000001,0,0,7676.78,41,10,2025,Autumn,Storage,Lamp,2022-03-16,3634.56,7676.78,186,False
SKU045,2025-10-19,120,921213.6,0,0,7676.78,42,10,2025,Autumn,Storage,Lamp,2022-03-16,3634.56,7676.78,187,False
SKU045,2025-10-26,143,1097779.54,0,1,7676.78,43,10,2025,Autumn,Storage,Lamp,2022-03-16,3634.56,7676.78,188,False
SKU045,2025-11-02,143,1097779.54,2,0,7676.78,44,11,2025,Autumn,Storage,Lamp,2022-03-16,3634.56,7676.78,189,False
SKU045,2025-11-09,154,1182224.12,2,0,7676.78,45,11,2025,Autumn,Storage,Lamp,2022-03-16,3634.56,7676.78,190,False
SKU045,2025-11-16,150,1151517.0,2,0,7676.78,46,11,2025,Autumn,Storage,Lamp,2022-03-16,3634.56,7676.78,191,False
SKU045,2025-11-23,155,1189900.9,2,0,7676.78,47,11,2025,Autumn,Storage,Lamp,2022-03-16,3634.56,7676.78,192,False
SKU045,2025-11-30,164,1258991.92,2,0,7676.78,48,11,2025,Autumn,Storage,Lamp,2022-03-16,3634.56,7676.78,193,False
SKU045,2025-12-07,166,1274345.48,0,0,7676.78,49,12,2025,Winter,Storage,Lamp,2022-03-16,3634.56,7676.78,194,True
SKU045,2025-12-14,152,1166870.56,0,0,7676.78,50,12,2025,Winter,Storage,Lamp,2022-03-16,3634.56,7676.78,195,True
SKU045,2025-12-21,123,944243.9400000001,0,0,7676.78,51,12,2025,Winter,Storage,Lamp,2022-03-16,3634.56,7676.78,196,True
SKU045,2025-12-28,157,1205254.46,0,1,7676.78,52,12,2025,Winter,Storage,Lamp,2022-03-16,3634.56,7676.78,197,True
SKU046,2024-01-07,63,452059.02,0,0,7175.54,1,1,2024,Winter,Furniture,Shelf,2024-01-01,1913.03,7175.54,0,False
SKU046,2024-01-14,45,322899.3,0,0,7175.54,2,1,2024,Winter,Furniture,Shelf,2024-01-01,1913.03,7175.54,1,False
SKU046,2024-01-21,52,373128.07999999996,0,0,7175.54,3,1,2024,Winter,Furniture,Shelf,2024-01-01,1913.03,7175.54,2,False
SKU046,2024-01-28,50,358777.0,0,1,7175.54,4,1,2024,Winter,Furniture,Shelf,2024-01-01,1913.03,7175.54,3,False
SKU046,2024-02-04,73,523814.42,0,0,7175.54,5,2,2024,Winter,Furniture,Shelf,2024-01-01,1913.03,7175.54,4,False
SKU046,2024-02-11,69,495112.26,0,0,7175.54,6,2,2024,Winter,Furniture,Shelf,2024-01-01,1913.03,7175.54,5,False
SKU046,2024-02-18,73,523814.42000000004,0,0,7175.54,7,2,2024,Winter,Furniture,Shelf,2024-01-01,1913.03,7175.54,6,False
SKU046,2024-02-25,66,473585.63999999996,0,0,7175.54,8,2,2024,Winter,Furniture,Shelf,2024-01-01,1913.03,7175.54,7,False
SKU046,2024-03-03,69,495112.26,2,0,7175.54,9,3,2024,Spring,Furniture,Shelf,2024-01-01,1913.03,7175.54,8,False
SKU046,2024-03-10,90,645798.6,2,0,7175.54,10,3,2024,Spring,Furniture,Shelf,2024-01-01,1913.03,7175.54,9,False
SKU046,2024-03-17,93,667325.22,2,0,7175.54,11,3,2024,Spring,Furniture,Shelf,2024-01-01,1913.03,7175.54,10,False
SKU046,2024-03-24,86,617096.44,2,0,7175.54,12,3,2024,Spring,Furniture,Shelf,2024-01-01,1913.03,7175.54,11,False
SKU046,2024-03-31,80,574043.2,2,0,7175.54,13,3,2024,Spring,Furniture,Shelf,2024-01-01,1913.03,7175.54,12,False
SKU046,2024-04-07,75,538165.5,0,0,7175.54,14,4,2024,Spring,Furniture,Shelf,2024-01-01,1913.03,7175.54,13,False
SKU046,2024-04-14,68,487936.72,0,0,7175.54,15,4,2024,Spring,Furniture,Shelf,2024-01-01,1913.03,7175.54,14,False
SKU046,2024-04-21,72,516638.88,0,0,7175.54,16,4,2024,Spring,Furniture,Shelf,2024-01-01,1913.03,7175.54,15,False
SKU046,2024-04-28,87,624271.98,0,0,7175.54,17,4,2024,Spring,Furniture,Shelf,2024-01-01,1913.03,7175.54,16,False
SKU046,2024-05-05,70,502287.8,0,0,7175.54,18,5,2024,Summer,Furniture,Shelf,2024-01-01,1913.03,7175.54,17,False
SKU046,2024-05-12,73,523814.42,0,0,7175.54,19,5,2024,Summer,Furniture,Shelf,2024-01-01,1913.03,7175.54,18,False
SKU046,2024-05-19,78,559692.12,0,0,7175.54,20,5,2024,Summer,Furniture,Shelf,2024-01-01,1913.03,7175.54,19,False
SKU046,2024-05-26,76,545341.04,0,0,7175.54,21,5,2024,Summer,Furniture,Shelf,2024-01-01,1913.03,7175.54,20,False
SKU046,2024-06-02,80,574043.2,2,0,7175.54,22,6,2024,Summer,Furniture,Shelf,2024-01-01,1913.03,7175.54,21,False
SKU046,2024-06-09,67,480761.18,2,0,7175.54,23,6,2024,Summer,Furniture,Shelf,2024-01-01,1913.03,7175.54,22,False
SKU046,2024-06-16,76,545341.04,2,0,7175.54,24,6,2024,Summer,Furniture,Shelf,2024-01-01,1913.03,7175.54,23,False
SKU046,2024-06-23,64,459234.56,2,0,7175.54,25,6,2024,Summer,Furniture,Shelf,2024-01-01,1913.03,7175.54,24,False
SKU046,2024-06-30,65,466410.1,2,0,7175.54,26,6,2024,Summer,Furniture,Shelf,2024-01-01,1913.03,7175.54,25,False
SKU046,2024-07-07,63,452059.02,0,0,7175.54,27,7,2024,Monsoon,Furniture,Shelf,2024-01-01,1913.03,7175.54,26,False
SKU046,2024-07-14,58,416181.32,0,0,7175.54,28,7,2024,Monsoon,Furniture,Shelf,2024-01-01,1913.03,7175.54,27,False
SKU046,2024-07-21,60,430532.4,0,0,7175.54,29,7,2024,Monsoon,Furniture,Shelf,2024-01-01,1913.03,7175.54,28,False
SKU046,2024-07-28,69,495112.26,0,0,7175.54,30,7,2024,Monsoon,Furniture,Shelf,2024-01-01,1913.03,7175.54,29,False
SKU046,2024-08-04,62,444883.48,0,0,7175.54,31,8,2024,Monsoon,Furniture,Shelf,2024-01-01,1913.03,7175.54,30,False
SKU046,2024-08-11,73,523814.42,0,0,7175.54,32,8,2024,Monsoon,Furniture,Shelf,2024-01-01,1913.03,7175.54,31,False
SKU046,2024-08-18,59,423356.86,0,1,7175.54,33,8,2024,Monsoon,Furniture,Shelf,2024-01-01,1913.03,7175.54,32,False
SKU046,2024-08-25,60,430532.39999999997,0,0,7175.54,34,8,2024,Monsoon,Furniture,Shelf,2024-01-01,1913.03,7175.54,33,False
SKU046,2024-09-01,55,394654.69999999995,1,0,7175.54,35,9,2024,Monsoon,Furniture,Shelf,2024-01-01,1913.03,7175.54,34,False
SKU046,2024-09-08,60,430532.4,2,0,7175.54,36,9,2024,Monsoon,Furniture,Shelf,2024-01-01,1913.03,7175.54,35,False
SKU046,2024-09-15,56,401830.24,2,0,7175.54,37,9,2024,Monsoon,Furniture,Shelf,2024-01-01,1913.03,7175.54,36,False
SKU046,2024-09-22,54,387479.16,2,0,7175.54,38,9,2024,Monsoon,Furniture,Shelf,2024-01-01,1913.03,7175.54,37,False
SKU046,2024-09-29,56,401830.24,2,0,7175.54,39,9,2024,Monsoon,Furniture,Shelf,2024-01-01,1913.03,7175.54,38,False
SKU046,2024-10-06,54,387479.16,0,0,7175.54,40,10,2024,Autumn,Furniture,Shelf,2024-01-01,1913.03,7175.54,39,False
SKU046,2024-10-13,60,430532.4,0,0,7175.54,41,10,2024,Autumn,Furniture,Shelf,2024-01-01,1913.03,7175.54,40,False
SKU046,2024-10-20,42,301372.68,0,0,7175.54,42,10,2024,Autumn,Furniture,Shelf,2024-01-01,1913.03,7175.54,41,False
SKU046,2024-10-27,40,287021.6,0,0,7175.54,43,10,2024,Autumn,Furniture,Shelf,2024-01-01,1913.03,7175.54,42,False
SKU046,2024-11-03,55,394654.7,2,1,7175.54,44,11,2024,Autumn,Furniture,Shelf,2024-01-01,1913.03,7175.54,43,False
SKU046,2024-11-10,56,401830.24,2,0,7175.54,45,11,2024,Autumn,Furniture,Shelf,2024-01-01,1913.03,7175.54,44,False
SKU046,2024-11-17,69,495112.26,2,0,7175.54,46,11,2024,Autumn,Furniture,Shelf,2024-01-01,1913.03,7175.54,45,False
SKU046,2024-11-24,60,430532.4,2,0,7175.54,47,11,2024,Autumn,Furniture,Shelf,2024-01-01,1913.03,7175.54,46,False
SKU046,2024-12-01,48,344425.92,1,0,7175.54,48,12,2024,Winter,Furniture,Shelf,2024-01-01,1913.03,7175.54,47,False
SKU046,2024-12-08,51,365952.54,0,0,7175.54,49,12,2024,Winter,Furniture,Shelf,2024-01-01,1913.03,7175.54,48,False
SKU046,2024-12-15,63,452059.02,0,0,7175.54,50,12,2024,Winter,Furniture,Shelf,2024-01-01,1913.03,7175.54,49,False
SKU046,2024-12-22,59,423356.86,0,0,7175.54,51,12,2024,Winter,Furniture,Shelf,2024-01-01,1913.03,7175.54,50,False
SKU046,2024-12-29,66,473585.64,0,1,7175.54,52,12,2024,Winter,Furniture,Shelf,2024-01-01,1913.03,7175.54,51,False
SKU046,2025-01-05,56,401830.24,0,0,7175.54,1,1,2025,Winter,Furniture,Shelf,2024-01-01,1913.03,7175.54,52,False
SKU046,2025-01-12,72,516638.88,0,0,7175.54,2,1,2025,Winter,Furniture,Shelf,2024-01-01,1913.03,7175.54,53,False
SKU046,2025-01-19,66,473585.64,0,0,7175.54,3,1,2025,Winter,Furniture,Shelf,2024-01-01,1913.03,7175.54,54,False
SKU046,2025-01-26,60,430532.4,0,1,7175.54,4,1,2025,Winter,Furniture,Shelf,2024-01-01,1913.03,7175.54,55,False
SKU046,2025-02-02,66,473585.64,0,0,7175.54,5,2,2025,Winter,Furniture,Shelf,2024-01-01,1913.03,7175.54,56,False
SKU046,2025-02-09,76,545341.04,0,0,7175.54,6,2,2025,Winter,Furniture,Shelf,2024-01-01,1913.03,7175.54,57,False
SKU046,2025-02-16,64,459234.56,0,0,7175.54,7,2,2025,Winter,Furniture,Shelf,2024-01-01,1913.03,7175.54,58,False
SKU046,2025-02-23,70,502287.80000000005,0,0,7175.54,8,2,2025,Winter,Furniture,Shelf,2024-01-01,1913.03,7175.54,59,False
SKU046,2025-03-02,88,631447.52,2,0,7175.54,9,3,2025,Spring,Furniture,Shelf,2024-01-01,1913.03,7175.54,60,False
SKU046,2025-03-09,76,545341.04,2,0,7175.54,10,3,2025,Spring,Furniture,Shelf,2024-01-01,1913.03,7175.54,61,False
SKU046,2025-03-16,77,552516.58,2,0,7175.54,11,3,2025,Spring,Furniture,Shelf,2024-01-01,1913.03,7175.54,62,False
SKU046,2025-03-23,71,509463.34,2,0,7175.54,12,3,2025,Spring,Furniture,Shelf,2024-01-01,1913.03,7175.54,63,False
SKU046,2025-03-30,70,502287.8,2,0,7175.54,13,3,2025,Spring,Furniture,Shelf,2024-01-01,1913.03,7175.54,64,False
SKU046,2025-04-06,73,523814.42,0,0,7175.54,14,4,2025,Spring,Furniture,Shelf,2024-01-01,1913.03,7175.54,65,False
SKU046,2025-04-13,59,423356.86,0,0,7175.54,15,4,2025,Spring,Furniture,Shelf,2024-01-01,1913.03,7175.54,66,False
SKU046,2025-04-20,78,559692.12,0,0,7175.54,16,4,2025,Spring,Furniture,Shelf,2024-01-01,1913.03,7175.54,67,False
SKU046,2025-04-27,79,566867.66,0,0,7175.54,17,4,2025,Spring,Furniture,Shelf,2024-01-01,1913.03,7175.54,68,False
SKU046,2025-05-04,81,581218.74,0,0,7175.54,18,5,2025,Summer,Furniture,Shelf,2024-01-01,1913.03,7175.54,69,False
SKU046,2025-05-11,60,430532.4,0,0,7175.54,19,5,2025,Summer,Furniture,Shelf,2024-01-01,1913.03,7175.54,70,False
SKU046,2025-05-18,78,559692.12,0,0,7175.54,20,5,2025,Summer,Furniture,Shelf,2024-01-01,1913.03,7175.54,71,False
SKU046,2025-05-25,67,480761.18,0,0,7175.54,21,5,2025,Summer,Furniture,Shelf,2024-01-01,1913.03,7175.54,72,False
SKU046,2025-06-01,77,552516.58,1,0,7175.54,22,6,2025,Summer,Furniture,Shelf,2024-01-01,1913.03,7175.54,73,False
SKU046,2025-06-08,75,538165.5,2,0,7175.54,23,6,2025,Summer,Furniture,Shelf,2024-01-01,1913.03,7175.54,74,False
SKU046,2025-06-15,66,473585.64,2,0,7175.54,24,6,2025,Summer,Furniture,Shelf,2024-01-01,1913.03,7175.54,75,False
SKU046,2025-06-22,58,416181.31999999995,2,0,7175.54,25,6,2025,Summer,Furniture,Shelf,2024-01-01,1913.03,7175.54,76,False
SKU046,2025-06-29,79,566867.66,2,0,7175.54,26,6,2025,Summer,Furniture,Shelf,2024-01-01,1913.03,7175.54,77,False
SKU046,2025-07-06,55,394654.7,0,0,7175.54,27,7,2025,Monsoon,Furniture,Shelf,2024-01-01,1913.03,7175.54,78,False
SKU046,2025-07-13,78,559692.12,0,0,7175.54,28,7,2025,Monsoon,Furniture,Shelf,2024-01-01,1913.03,7175.54,79,False
SKU046,2025-07-20,74,530989.96,0,0,7175.54,29,7,2025,Monsoon,Furniture,Shelf,2024-01-01,1913.03,7175.54,80,False
SKU046,2025-07-27,78,559692.12,0,0,7175.54,30,7,2025,Monsoon,Furniture,Shelf,2024-01-01,1913.03,7175.54,81,False
SKU046,2025-08-03,51,365952.54,0,0,7175.54,31,8,2025,Monsoon,Furniture,Shelf,2024-01-01,1913.03,7175.54,82,False
SKU046,2025-08-10,69,495112.26,0,0,7175.54,32,8,2025,Monsoon,Furniture,Shelf,2024-01-01,1913.03,7175.54,83,False
SKU046,2025-08-17,64,459234.56,0,1,7175.54,33,8,2025,Monsoon,Furniture,Shelf,2024-01-01,1913.03,7175.54,84,False
SKU046,2025-08-24,54,387479.16000000003,0,0,7175.54,34,8,2025,Monsoon,Furniture,Shelf,2024-01-01,1913.03,7175.54,85,False
SKU046,2025-08-31,58,416181.32,0,0,7175.54,35,8,2025,Monsoon,Furniture,Shelf,2024-01-01,1913.03,7175.54,86,False
SKU046,2025-09-07,53,380303.62,2,0,7175.54,36,9,2025,Monsoon,Furniture,Shelf,2024-01-01,1913.03,7175.54,87,False
SKU046,2025-09-14,56,401830.24,2,0,7175.54,37,9,2025,Monsoon,Furniture,Shelf,2024-01-01,1913.03,7175.54,88,False
SKU046,2025-09-21,61,437707.94,2,0,7175.54,38,9,2025,Monsoon,Furniture,Shelf,2024-01-01,1913.03,7175.54,89,False
SKU046,2025-09-28,73,523814.42,2,0,7175.54,39,9,2025,Monsoon,Furniture,Shelf,2024-01-01,1913.03,7175.54,90,False
SKU046,2025-10-05,62,444883.48,0,0,7175.54,40,10,2025,Autumn,Furniture,Shelf,2024-01-01,1913.03,7175.54,91,False
SKU046,2025-10-12,47,337250.38,0,0,7175.54,41,10,2025,Autumn,Furniture,Shelf,2024-01-01,1913.03,7175.54,92,False
SKU046,2025-10-19,40,287021.6,0,0,7175.54,42,10,2025,Autumn,Furniture,Shelf,2024-01-01,1913.03,7175.54,93,False
SKU046,2025-10-26,50,358777.0,0,1,7175.54,43,10,2025,Autumn,Furniture,Shelf,2024-01-01,1913.03,7175.54,94,False
SKU046,2025-11-02,64,459234.56,2,0,7175.54,44,11,2025,Autumn,Furniture,Shelf,2024-01-01,1913.03,7175.54,95,False
SKU046,2025-11-09,49,351601.46,2,0,7175.54,45,11,2025,Autumn,Furniture,Shelf,2024-01-01,1913.03,7175.54,96,False
SKU046,2025-11-16,56,401830.24,2,0,7175.54,46,11,2025,Autumn,Furniture,Shelf,2024-01-01,1913.03,7175.54,97,False
SKU046,2025-11-23,53,380303.62,2,0,7175.54,47,11,2025,Autumn,Furniture,Shelf,2024-01-01,1913.03,7175.54,98,False
SKU046,2025-11-30,52,373128.07999999996,2,0,7175.54,48,11,2025,Autumn,Furniture,Shelf,2024-01-01,1913.03,7175.54,99,False
SKU046,2025-12-07,56,401830.24,0,0,7175.54,49,12,2025,Winter,Furniture,Shelf,2024-01-01,1913.03,7175.54,100,True
SKU046,2025-12-14,66,473585.64,0,0,7175.54,50,12,2025,Winter,Furniture,Shelf,2024-01-01,1913.03,7175.54,101,True
SKU046,2025-12-21,57,409005.77999999997,0,0,7175.54,51,12,2025,Winter,Furniture,Shelf,2024-01-01,1913.03,7175.54,102,True
SKU046,2025-12-28,58,416181.32,0,1,7175.54,52,12,2025,Winter,Furniture,Shelf,2024-01-01,1913.03,7175.54,103,True
SKU047,2024-01-07,109,865265.98,0,0,7938.22,1,1,2024,Winter,Home Decor,Cabinet,2023-05-06,3416.1,7938.22,35,False
SKU047,2024-01-14,89,706501.58,0,0,7938.22,2,1,2024,Winter,Home Decor,Cabinet,2023-05-06,3416.1,7938.22,36,False
SKU047,2024-01-21,118,936709.96,0,0,7938.22,3,1,2024,Winter,Home Decor,Cabinet,2023-05-06,3416.1,7938.22,37,False
SKU047,2024-01-28,96,762069.12,0,1,7938.22,4,1,2024,Winter,Home Decor,Cabinet,2023-05-06,3416.1,7938.22,38,False
SKU047,2024-02-04,104,825574.88,0,0,7938.22,5,2,2024,Winter,Home Decor,Cabinet,2023-05-06,3416.1,7938.22,39,False
SKU047,2024-02-11,113,897018.86,0,0,7938.22,6,2,2024,Winter,Home Decor,Cabinet,2023-05-06,3416.1,7938.22,40,False
SKU047,2024-02-18,124,984339.28,0,0,7938.22,7,2,2024,Winter,Home Decor,Cabinet,2023-05-06,3416.1,7938.22,41,False
SKU047,2024-02-25,99,785883.78,0,0,7938.22,8,2,2024,Winter,Home Decor,Cabinet,2023-05-06,3416.1,7938.22,42,False
SKU047,2024-03-03,105,833513.1,2,0,7938.22,9,3,2024,Spring,Home Decor,Cabinet,2023-05-06,3416.1,7938.22,43,False
SKU047,2024-03-10,149,1182794.78,2,0,7938.22,10,3,2024,Spring,Home Decor,Cabinet,2023-05-06,3416.1,7938.22,44,False
SKU047,2024-03-17,132,1047845.04,2,0,7938.22,11,3,2024,Spring,Home Decor,Cabinet,2023-05-06,3416.1,7938.22,45,False
SKU047,2024-03-24,135,1071659.7,2,0,7938.22,12,3,2024,Spring,Home Decor,Cabinet,2023-05-06,3416.1,7938.22,46,False
SKU047,2024-03-31,123,976401.0599999999,2,0,7938.22,13,3,2024,Spring,Home Decor,Cabinet,2023-05-06,3416.1,7938.22,47,False
SKU047,2024-04-07,123,976401.06,0,0,7938.22,14,4,2024,Spring,Home Decor,Cabinet,2023-05-06,3416.1,7938.22,48,False
SKU047,2024-04-14,95,754130.9,0,0,7938.22,15,4,2024,Spring,Home Decor,Cabinet,2023-05-06,3416.1,7938.22,49,False
SKU047,2024-04-21,129,1024030.38,0,0,7938.22,16,4,2024,Spring,Home Decor,Cabinet,2023-05-06,3416.1,7938.22,50,False
SKU047,2024-04-28,130,1031968.6,0,0,7938.22,17,4,2024,Spring,Home Decor,Cabinet,2023-05-06,3416.1,7938.22,51,False
SKU047,2024-05-05,123,976401.0599999999,0,0,7938.22,18,5,2024,Summer,Home Decor,Cabinet,2023-05-06,3416.1,7938.22,52,False
SKU047,2024-05-12,112,889080.64,0,0,7938.22,19,5,2024,Summer,Home Decor,Cabinet,2023-05-06,3416.1,7938.22,53,False
SKU047,2024-05-19,102,809698.44,0,0,7938.22,20,5,2024,Summer,Home Decor,Cabinet,2023-05-06,3416.1,7938.22,54,False
SKU047,2024-05-26,127,1008153.94,0,0,7938.22,21,5,2024,Summer,Home Decor,Cabinet,2023-05-06,3416.1,7938.22,55,False
SKU047,2024-06-02,132,1047845.0399999999,2,0,7938.22,22,6,2024,Summer,Home Decor,Cabinet,2023-05-06,3416.1,7938.22,56,False
SKU047,2024-06-09,113,897018.86,2,0,7938.22,23,6,2024,Summer,Home Decor,Cabinet,2023-05-06,3416.1,7938.22,57,False
SKU047,2024-06-16,102,809698.44,2,0,7938.22,24,6,2024,Summer,Home Decor,Cabinet,2023-05-06,3416.1,7938.22,58,False
SKU047,2024-06-23,133,1055783.26,2,0,7938.22,25,6,2024,Summer,Home Decor,Cabinet,2023-05-06,3416.1,7938.22,59,False
SKU047,2024-06-30,128,1016092.16,2,0,7938.22,26,6,2024,Summer,Home Decor,Cabinet,2023-05-06,3416.1,7938.22,60,False
SKU047,2024-07-07,119,944648.1799999999,0,0,7938.22,27,7,2024,Monsoon,Home Decor,Cabinet,2023-05-06,3416.1,7938.22,61,False
SKU047,2024-07-14,84,666810.48,0,0,7938.22,28,7,2024,Monsoon,Home Decor,Cabinet,2023-05-06,3416.1,7938.22,62,False
SKU047,2024-07-21,102,809698.44,0,0,7938.22,29,7,2024,Monsoon,Home Decor,Cabinet,2023-05-06,3416.1,7938.22,63,False
SKU047,2024-07-28,108,857327.76,0,0,7938.22,30,7,2024,Monsoon,Home Decor,Cabinet,2023-05-06,3416.1,7938.22,64,False
SKU047,2024-08-04,99,785883.78,0,0,7938.22,31,8,2024,Monsoon,Home Decor,Cabinet,2023-05-06,3416.1,7938.22,65,False
SKU047,2024-08-11,93,738254.46,0,0,7938.22,32,8,2024,Monsoon,Home Decor,Cabinet,2023-05-06,3416.1,7938.22,66,False
SKU047,2024-08-18,66,523922.52,0,1,7938.22,33,8,2024,Monsoon,Home Decor,Cabinet,2023-05-06,3416.1,7938.22,67,False
SKU047,2024-08-25,101,801760.22,0,0,7938.22,34,8,2024,Monsoon,Home Decor,Cabinet,2023-05-06,3416.1,7938.22,68,False
SKU047,2024-09-01,110,873204.2,1,0,7938.22,35,9,2024,Monsoon,Home Decor,Cabinet,2023-05-06,3416.1,7938.22,69,False
SKU047,2024-09-08,96,762069.12,2,0,7938.22,36,9,2024,Monsoon,Home Decor,Cabinet,2023-05-06,3416.1,7938.22,70,False
SKU047,2024-09-15,75,595366.5,2,0,7938.22,37,9,2024,Monsoon,Home Decor,Cabinet,2023-05-06,3416.1,7938.22,71,False
SKU047,2024-09-22,94,746192.6799999999,2,0,7938.22,38,9,2024,Monsoon,Home Decor,Cabinet,2023-05-06,3416.1,7938.22,72,False
SKU047,2024-09-29,115,912895.3,2,0,7938.22,39,9,2024,Monsoon,Home Decor,Cabinet,2023-05-06,3416.1,7938.22,73,False
SKU047,2024-10-06,75,595366.5,0,0,7938.22,40,10,2024,Autumn,Home Decor,Cabinet,2023-05-06,3416.1,7938.22,74,False
SKU047,2024-10-13,93,738254.46,0,0,7938.22,41,10,2024,Autumn,Home Decor,Cabinet,2023-05-06,3416.1,7938.22,75,False
SKU047,2024-10-20,84,666810.48,0,0,7938.22,42,10,2024,Autumn,Home Decor,Cabinet,2023-05-06,3416.1,7938.22,76,False
SKU047,2024-10-27,79,627119.38,0,0,7938.22,43,10,2024,Autumn,Home Decor,Cabinet,2023-05-06,3416.1,7938.22,77,False
SKU047,2024-11-03,93,738254.46,2,1,7938.22,44,11,2024,Autumn,Home Decor,Cabinet,2023-05-06,3416.1,7938.22,78,False
SKU047,2024-11-10,93,738254.46,2,0,7938.22,45,11,2024,Autumn,Home Decor,Cabinet,2023-05-06,3416.1,7938.22,79,False
SKU047,2024-11-17,82,650934.04,2,0,7938.22,46,11,2024,Autumn,Home Decor,Cabinet,2023-05-06,3416.1,7938.22,80,False
SKU047,2024-11-24,85,674748.7,2,0,7938.22,47,11,2024,Autumn,Home Decor,Cabinet,2023-05-06,3416.1,7938.22,81,False
SKU047,2024-12-01,78,619181.16,1,0,7938.22,48,12,2024,Winter,Home Decor,Cabinet,2023-05-06,3416.1,7938.22,82,False
SKU047,2024-12-08,78,619181.16,0,0,7938.22,49,12,2024,Winter,Home Decor,Cabinet,2023-05-06,3416.1,7938.22,83,False
SKU047,2024-12-15,85,674748.7,0,0,7938.22,50,12,2024,Winter,Home Decor,Cabinet,2023-05-06,3416.1,7938.22,84,False
SKU047,2024-12-22,92,730316.24,0,0,7938.22,51,12,2024,Winter,Home Decor,Cabinet,2023-05-06,3416.1,7938.22,85,False
SKU047,2024-12-29,82,650934.04,0,1,7938.22,52,12,2024,Winter,Home Decor,Cabinet,2023-05-06,3416.1,7938.22,86,False
SKU047,2025-01-05,114,904957.08,0,0,7938.22,1,1,2025,Winter,Home Decor,Cabinet,2023-05-06,3416.1,7938.22,87,False
SKU047,2025-01-12,110,873204.2000000001,0,0,7938.22,2,1,2025,Winter,Home Decor,Cabinet,2023-05-06,3416.1,7938.22,88,False
SKU047,2025-01-19,84,666810.48,0,0,7938.22,3,1,2025,Winter,Home Decor,Cabinet,2023-05-06,3416.1,7938.22,89,False
SKU047,2025-01-26,90,714439.8,0,1,7938.22,4,1,2025,Winter,Home Decor,Cabinet,2023-05-06,3416.1,7938.22,90,False
SKU047,2025-02-02,99,785883.78,0,0,7938.22,5,2,2025,Winter,Home Decor,Cabinet,2023-05-06,3416.1,7938.22,91,False
SKU047,2025-02-09,108,857327.76,0,0,7938.22,6,2,2025,Winter,Home Decor,Cabinet,2023-05-06,3416.1,7938.22,92,False
SKU047,2025-02-16,104,825574.88,0,0,7938.22,7,2,2025,Winter,Home Decor,Cabinet,2023-05-06,3416.1,7938.22,93,False
SKU047,2025-02-23,105,833513.1,0,0,7938.22,8,2,2025,Winter,Home Decor,Cabinet,2023-05-06,3416.1,7938.22,94,False
SKU047,2025-03-02,107,849389.54,2,0,7938.22,9,3,2025,Spring,Home Decor,Cabinet,2023-05-06,3416.1,7938.22,95,False
SKU047,2025-03-09,146,1158980.1199999999,2,0,7938.22,10,3,2025,Spring,Home Decor,Cabinet,2023-05-06,3416.1,7938.22,96,False
SKU047,2025-03-16,134,1063721.48,2,0,7938.22,11,3,2025,Spring,Home Decor,Cabinet,2023-05-06,3416.1,7938.22,97,False
SKU047,2025-03-23,128,1016092.16,2,0,7938.22,12,3,2025,Spring,Home Decor,Cabinet,2023-05-06,3416.1,7938.22,98,False
SKU047,2025-03-30,125,992277.5,2,0,7938.22,13,3,2025,Spring,Home Decor,Cabinet,2023-05-06,3416.1,7938.22,99,False
SKU047,2025-04-06,114,904957.08,0,0,7938.22,14,4,2025,Spring,Home Decor,Cabinet,2023-05-06,3416.1,7938.22,100,False
SKU047,2025-04-13,104,825574.88,0,0,7938.22,15,4,2025,Spring,Home Decor,Cabinet,2023-05-06,3416.1,7938.22,101,False
SKU047,2025-04-20,110,873204.2,0,0,7938.22,16,4,2025,Spring,Home Decor,Cabinet,2023-05-06,3416.1,7938.22,102,False
SKU047,2025-04-27,115,912895.2999999999,0,0,7938.22,17,4,2025,Spring,Home Decor,Cabinet,2023-05-06,3416.1,7938.22,103,False
SKU047,2025-05-04,122,968462.84,0,0,7938.22,18,5,2025,Summer,Home Decor,Cabinet,2023-05-06,3416.1,7938.22,104,False
SKU047,2025-05-11,112,889080.64,0,0,7938.22,19,5,2025,Summer,Home Decor,Cabinet,2023-05-06,3416.1,7938.22,105,False
SKU047,2025-05-18,103,817636.6599999999,0,0,7938.22,20,5,2025,Summer,Home Decor,Cabinet,2023-05-06,3416.1,7938.22,106,False
SKU047,2025-05-25,114,904957.0800000001,0,0,7938.22,21,5,2025,Summer,Home Decor,Cabinet,2023-05-06,3416.1,7938.22,107,False
SKU047,2025-06-01,122,968462.84,1,0,7938.22,22,6,2025,Summer,Home Decor,Cabinet,2023-05-06,3416.1,7938.22,108,False
SKU047,2025-06-08,123,976401.0599999999,2,0,7938.22,23,6,2025,Summer,Home Decor,Cabinet,2023-05-06,3416.1,7938.22,109,False
SKU047,2025-06-15,125,992277.5,2,0,7938.22,24,6,2025,Summer,Home Decor,Cabinet,2023-05-06,3416.1,7938.22,110,False
SKU047,2025-06-22,133,1055783.26,2,0,7938.22,25,6,2025,Summer,Home Decor,Cabinet,2023-05-06,3416.1,7938.22,111,False
SKU047,2025-06-29,110,873204.2,2,0,7938.22,26,6,2025,Summer,Home Decor,Cabinet,2023-05-06,3416.1,7938.22,112,False
SKU047,2025-07-06,110,873204.2,0,0,7938.22,27,7,2025,Monsoon,Home Decor,Cabinet,2023-05-06,3416.1,7938.22,113,False
SKU047,2025-07-13,106,841451.32,0,0,7938.22,28,7,2025,Monsoon,Home Decor,Cabinet,2023-05-06,3416.1,7938.22,114,False
SKU047,2025-07-20,105,833513.1,0,0,7938.22,29,7,2025,Monsoon,Home Decor,Cabinet,2023-05-06,3416.1,7938.22,115,False
SKU047,2025-07-27,107,849389.54,0,0,7938.22,30,7,2025,Monsoon,Home Decor,Cabinet,2023-05-06,3416.1,7938.22,116,False
SKU047,2025-08-03,120,952586.3999999999,0,0,7938.22,31,8,2025,Monsoon,Home Decor,Cabinet,2023-05-06,3416.1,7938.22,117,False
SKU047,2025-08-10,95,754130.9,0,0,7938.22,32,8,2025,Monsoon,Home Decor,Cabinet,2023-05-06,3416.1,7938.22,118,False
SKU047,2025-08-17,101,801760.22,0,1,7938.22,33,8,2025,Monsoon,Home Decor,Cabinet,2023-05-06,3416.1,7938.22,119,False
SKU047,2025-08-24,86,682686.92,0,0,7938.22,34,8,2025,Monsoon,Home Decor,Cabinet,2023-05-06,3416.1,7938.22,120,False
SKU047,2025-08-31,92,730316.24,0,0,7938.22,35,8,2025,Monsoon,Home Decor,Cabinet,2023-05-06,3416.1,7938.22,121,False
SKU047,2025-09-07,103,817636.66,2,0,7938.22,36,9,2025,Monsoon,Home Decor,Cabinet,2023-05-06,3416.1,7938.22,122,False
SKU047,2025-09-14,78,619181.16,2,0,7938.22,37,9,2025,Monsoon,Home Decor,Cabinet,2023-05-06,3416.1,7938.22,123,False
SKU047,2025-09-21,87,690625.14,2,0,7938.22,38,9,2025,Monsoon,Home Decor,Cabinet,2023-05-06,3416.1,7938.22,124,False
SKU047,2025-09-28,94,746192.68,2,0,7938.22,39,9,2025,Monsoon,Home Decor,Cabinet,2023-05-06,3416.1,7938.22,125,False
SKU047,2025-10-05,77,611242.94,0,0,7938.22,40,10,2025,Autumn,Home Decor,Cabinet,2023-05-06,3416.1,7938.22,126,False
SKU047,2025-10-12,81,642995.8200000001,0,0,7938.22,41,10,2025,Autumn,Home Decor,Cabinet,2023-05-06,3416.1,7938.22,127,False
SKU047,2025-10-19,76,603304.72,0,0,7938.22,42,10,2025,Autumn,Home Decor,Cabinet,2023-05-06,3416.1,7938.22,128,False
SKU047,2025-10-26,75,595366.5,0,1,7938.22,43,10,2025,Autumn,Home Decor,Cabinet,2023-05-06,3416.1,7938.22,129,False
SKU047,2025-11-02,101,801760.22,2,0,7938.22,44,11,2025,Autumn,Home Decor,Cabinet,2023-05-06,3416.1,7938.22,130,False
SKU047,2025-11-09,102,809698.44,2,0,7938.22,45,11,2025,Autumn,Home Decor,Cabinet,2023-05-06,3416.1,7938.22,131,False
SKU047,2025-11-16,101,801760.22,2,0,7938.22,46,11,2025,Autumn,Home Decor,Cabinet,2023-05-06,3416.1,7938.22,132,False
SKU047,2025-11-23,81,642995.82,2,0,7938.22,47,11,2025,Autumn,Home Decor,Cabinet,2023-05-06,3416.1,7938.22,133,False
SKU047,2025-11-30,90,714439.8,2,0,7938.22,48,11,2025,Autumn,Home Decor,Cabinet,2023-05-06,3416.1,7938.22,134,False
SKU047,2025-12-07,108,857327.76,0,0,7938.22,49,12,2025,Winter,Home Decor,Cabinet,2023-05-06,3416.1,7938.22,135,True
SKU047,2025-12-14,86,682686.92,0,0,7938.22,50,12,2025,Winter,Home Decor,Cabinet,2023-05-06,3416.1,7938.22,136,True
SKU047,2025-12-21,100,793822.0,0,0,7938.22,51,12,2025,Winter,Home Decor,Cabinet,2023-05-06,3416.1,7938.22,137,True
SKU047,2025-12-28,88,698563.36,0,1,7938.22,52,12,2025,Winter,Home Decor,Cabinet,2023-05-06,3416.1,7938.22,138,True
SKU048,2024-01-07,76,104845.8,0,0,1379.55,1,1,2024,Winter,Kitchen,Rug,2024-01-01,6863.87,1379.55,0,False
SKU048,2024-01-14,51,70357.05,0,0,1379.55,2,1,2024,Winter,Kitchen,Rug,2024-01-01,6863.87,1379.55,1,False
SKU048,2024-01-21,52,71736.6,0,0,1379.55,3,1,2024,Winter,Kitchen,Rug,2024-01-01,6863.87,1379.55,2,False
SKU048,2024-01-28,42,57941.1,0,1,1379.55,4,1,2024,Winter,Kitchen,Rug,2024-01-01,6863.87,1379.55,3,False
SKU048,2024-02-04,52,71736.6,0,0,1379.55,5,2,2024,Winter,Kitchen,Rug,2024-01-01,6863.87,1379.55,4,False
SKU048,2024-02-11,61,84152.55,0,0,1379.55,6,2,2024,Winter,Kitchen,Rug,2024-01-01,6863.87,1379.55,5,False
SKU048,2024-02-18,54,74495.7,0,0,1379.55,7,2,2024,Winter,Kitchen,Rug,2024-01-01,6863.87,1379.55,6,False
SKU048,2024-02-25,64,88291.2,0,0,1379.55,8,2,2024,Winter,Kitchen,Rug,2024-01-01,6863.87,1379.55,7,False
SKU048,2024-03-03,73,100707.15,2,0,1379.55,9,3,2024,Spring,Kitchen,Rug,2024-01-01,6863.87,1379.55,8,False
SKU048,2024-03-10,65,89670.75,2,0,1379.55,10,3,2024,Spring,Kitchen,Rug,2024-01-01,6863.87,1379.55,9,False
SKU048,2024-03-17,76,104845.8,2,0,1379.55,11,3,2024,Spring,Kitchen,Rug,2024-01-01,6863.87,1379.55,10,False
SKU048,2024-03-24,70,96568.5,2,0,1379.55,12,3,2024,Spring,Kitchen,Rug,2024-01-01,6863.87,1379.55,11,False
SKU048,2024-03-31,79,108984.45,2,0,1379.55,13,3,2024,Spring,Kitchen,Rug,2024-01-01,6863.87,1379.55,12,False
SKU048,2024-04-07,59,81393.45,0,0,1379.55,14,4,2024,Spring,Kitchen,Rug,2024-01-01,6863.87,1379.55,13,False
SKU048,2024-04-14,65,89670.75,0,0,1379.55,15,4,2024,Spring,Kitchen,Rug,2024-01-01,6863.87,1379.55,14,False
SKU048,2024-04-21,74,102086.7,0,0,1379.55,16,4,2024,Spring,Kitchen,Rug,2024-01-01,6863.87,1379.55,15,False
SKU048,2024-04-28,54,74495.7,0,0,1379.55,17,4,2024,Spring,Kitchen,Rug,2024-01-01,6863.87,1379.55,16,False
SKU048,2024-05-05,60,82773.0,0,0,1379.55,18,5,2024,Summer,Kitchen,Rug,2024-01-01,6863.87,1379.55,17,False
SKU048,2024-05-12,71,97948.05,0,0,1379.55,19,5,2024,Summer,Kitchen,Rug,2024-01-01,6863.87,1379.55,18,False
SKU048,2024-05-19,69,95188.95,0,0,1379.55,20,5,2024,Summer,Kitchen,Rug,2024-01-01,6863.87,1379.55,19,False
SKU048,2024-05-26,66,91050.3,0,0,1379.55,21,5,2024,Summer,Kitchen,Rug,2024-01-01,6863.87,1379.55,20,False
SKU048,2024-06-02,76,104845.8,2,0,1379.55,22,6,2024,Summer,Kitchen,Rug,2024-01-01,6863.87,1379.55,21,False
SKU048,2024-06-09,68,93809.4,2,0,1379.55,23,6,2024,Summer,Kitchen,Rug,2024-01-01,6863.87,1379.55,22,False
SKU048,2024-06-16,67,92429.84999999999,2,0,1379.55,24,6,2024,Summer,Kitchen,Rug,2024-01-01,6863.87,1379.55,23,False
SKU048,2024-06-23,74,102086.7,2,0,1379.55,25,6,2024,Summer,Kitchen,Rug,2024-01-01,6863.87,1379.55,24,False
SKU048,2024-06-30,57,78634.35,2,0,1379.55,26,6,2024,Summer,Kitchen,Rug,2024-01-01,6863.87,1379.55,25,False
SKU048,2024-07-07,64,88291.2,0,0,1379.55,27,7,2024,Monsoon,Kitchen,Rug,2024-01-01,6863.87,1379.55,26,False
SKU048,2024-07-14,66,91050.3,0,0,1379.55,28,7,2024,Monsoon,Kitchen,Rug,2024-01-01,6863.87,1379.55,27,False
SKU048,2024-07-21,58,80013.9,0,0,1379.55,29,7,2024,Monsoon,Kitchen,Rug,2024-01-01,6863.87,1379.55,28,False
SKU048,2024-07-28,58,80013.9,0,0,1379.55,30,7,2024,Monsoon,Kitchen,Rug,2024-01-01,6863.87,1379.55,29,False
SKU048,2024-08-04,55,75875.25,0,0,1379.55,31,8,2024,Monsoon,Kitchen,Rug,2024-01-01,6863.87,1379.55,30,False
SKU048,2024-08-11,53,73116.15,0,0,1379.55,32,8,2024,Monsoon,Kitchen,Rug,2024-01-01,6863.87,1379.55,31,False
SKU048,2024-08-18,59,81393.45,0,1,1379.55,33,8,2024,Monsoon,Kitchen,Rug,2024-01-01,6863.87,1379.55,32,False
SKU048,2024-08-25,59,81393.45,0,0,1379.55,34,8,2024,Monsoon,Kitchen,Rug,2024-01-01,6863.87,1379.55,33,False
SKU048,2024-09-01,65,89670.75,1,0,1379.55,35,9,2024,Monsoon,Kitchen,Rug,2024-01-01,6863.87,1379.55,34,False
SKU048,2024-09-08,41,56561.55,2,0,1379.55,36,9,2024,Monsoon,Kitchen,Rug,2024-01-01,6863.87,1379.55,35,False
SKU048,2024-09-15,63,86911.65,2,0,1379.55,37,9,2024,Monsoon,Kitchen,Rug,2024-01-01,6863.87,1379.55,36,False
SKU048,2024-09-22,56,77254.8,2,0,1379.55,38,9,2024,Monsoon,Kitchen,Rug,2024-01-01,6863.87,1379.55,37,False
SKU048,2024-09-29,48,66218.4,2,0,1379.55,39,9,2024,Monsoon,Kitchen,Rug,2024-01-01,6863.87,1379.55,38,False
SKU048,2024-10-06,47,64838.850000000006,0,0,1379.55,40,10,2024,Autumn,Kitchen,Rug,2024-01-01,6863.87,1379.55,39,False
SKU048,2024-10-13,51,70357.05,0,0,1379.55,41,10,2024,Autumn,Kitchen,Rug,2024-01-01,6863.87,1379.55,40,False
SKU048,2024-10-20,51,70357.05,0,0,1379.55,42,10,2024,Autumn,Kitchen,Rug,2024-01-01,6863.87,1379.55,41,False
SKU048,2024-10-27,53,73116.15,0,0,1379.55,43,10,2024,Autumn,Kitchen,Rug,2024-01-01,6863.87,1379.55,42,False
SKU048,2024-11-03,63,86911.65,2,1,1379.55,44,11,2024,Autumn,Kitchen,Rug,2024-01-01,6863.87,1379.55,43,False
SKU048,2024-11-10,45,62079.75,2,0,1379.55,45,11,2024,Autumn,Kitchen,Rug,2024-01-01,6863.87,1379.55,44,False
SKU048,2024-11-17,57,78634.35,2,0,1379.55,46,11,2024,Autumn,Kitchen,Rug,2024-01-01,6863.87,1379.55,45,False
SKU048,2024-11-24,55,75875.25,2,0,1379.55,47,11,2024,Autumn,Kitchen,Rug,2024-01-01,6863.87,1379.55,46,False
SKU048,2024-12-01,56,77254.8,1,0,1379.55,48,12,2024,Winter,Kitchen,Rug,2024-01-01,6863.87,1379.55,47,False
SKU048,2024-12-08,50,68977.5,0,0,1379.55,49,12,2024,Winter,Kitchen,Rug,2024-01-01,6863.87,1379.55,48,False
SKU048,2024-12-15,55,75875.25,0,0,1379.55,50,12,2024,Winter,Kitchen,Rug,2024-01-01,6863.87,1379.55,49,False
SKU048,2024-12-22,41,56561.549999999996,0,0,1379.55,51,12,2024,Winter,Kitchen,Rug,2024-01-01,6863.87,1379.55,50,False
SKU048,2024-12-29,62,85532.1,0,1,1379.55,52,12,2024,Winter,Kitchen,Rug,2024-01-01,6863.87,1379.55,51,False
SKU048,2025-01-05,52,71736.6,0,0,1379.55,1,1,2025,Winter,Kitchen,Rug,2024-01-01,6863.87,1379.55,52,False
SKU048,2025-01-12,57,78634.35,0,0,1379.55,2,1,2025,Winter,Kitchen,Rug,2024-01-01,6863.87,1379.55,53,False
SKU048,2025-01-19,61,84152.55,0,0,1379.55,3,1,2025,Winter,Kitchen,Rug,2024-01-01,6863.87,1379.55,54,False
SKU048,2025-01-26,71,97948.05,0,1,1379.55,4,1,2025,Winter,Kitchen,Rug,2024-01-01,6863.87,1379.55,55,False
SKU048,2025-02-02,63,86911.65,0,0,1379.55,5,2,2025,Winter,Kitchen,Rug,2024-01-01,6863.87,1379.55,56,False
SKU048,2025-02-09,53,73116.15,0,0,1379.55,6,2,2025,Winter,Kitchen,Rug,2024-01-01,6863.87,1379.55,57,False
SKU048,2025-02-16,44,60700.2,0,0,1379.55,7,2,2025,Winter,Kitchen,Rug,2024-01-01,6863.87,1379.55,58,False
SKU048,2025-02-23,59,81393.45,0,0,1379.55,8,2,2025,Winter,Kitchen,Rug,2024-01-01,6863.87,1379.55,59,False
SKU048,2025-03-02,72,99327.6,2,0,1379.55,9,3,2025,Spring,Kitchen,Rug,2024-01-01,6863.87,1379.55,60,False
SKU048,2025-03-09,67,92429.85,2,0,1379.55,10,3,2025,Spring,Kitchen,Rug,2024-01-01,6863.87,1379.55,61,False
SKU048,2025-03-16,71,97948.05,2,0,1379.55,11,3,2025,Spring,Kitchen,Rug,2024-01-01,6863.87,1379.55,62,False
SKU048,2025-03-23,64,88291.2,2,0,1379.55,12,3,2025,Spring,Kitchen,Rug,2024-01-01,6863.87,1379.55,63,False
SKU048,2025-03-30,76,104845.8,2,0,1379.55,13,3,2025,Spring,Kitchen,Rug,2024-01-01,6863.87,1379.55,64,False
SKU048,2025-04-06,61,84152.55,0,0,1379.55,14,4,2025,Spring,Kitchen,Rug,2024-01-01,6863.87,1379.55,65,False
SKU048,2025-04-13,80,110364.0,0,0,1379.55,15,4,2025,Spring,Kitchen,Rug,2024-01-01,6863.87,1379.55,66,False
SKU048,2025-04-20,79,108984.45,0,0,1379.55,16,4,2025,Spring,Kitchen,Rug,2024-01-01,6863.87,1379.55,67,False
SKU048,2025-04-27,56,77254.8,0,0,1379.55,17,4,2025,Spring,Kitchen,Rug,2024-01-01,6863.87,1379.55,68,False
SKU048,2025-05-04,73,100707.15,0,0,1379.55,18,5,2025,Summer,Kitchen,Rug,2024-01-01,6863.87,1379.55,69,False
SKU048,2025-05-11,74,102086.70000000001,0,0,1379.55,19,5,2025,Summer,Kitchen,Rug,2024-01-01,6863.87,1379.55,70,False
SKU048,2025-05-18,71,97948.05,0,0,1379.55,20,5,2025,Summer,Kitchen,Rug,2024-01-01,6863.87,1379.55,71,False
SKU048,2025-05-25,61,84152.55,0,0,1379.55,21,5,2025,Summer,Kitchen,Rug,2024-01-01,6863.87,1379.55,72,False
SKU048,2025-06-01,71,97948.04999999999,1,0,1379.55,22,6,2025,Summer,Kitchen,Rug,2024-01-01,6863.87,1379.55,73,False
SKU048,2025-06-08,67,92429.85,2,0,1379.55,23,6,2025,Summer,Kitchen,Rug,2024-01-01,6863.87,1379.55,74,False
SKU048,2025-06-15,59,81393.45,2,0,1379.55,24,6,2025,Summer,Kitchen,Rug,2024-01-01,6863.87,1379.55,75,False
SKU048,2025-06-22,77,106225.35,2,0,1379.55,25,6,2025,Summer,Kitchen,Rug,2024-01-01,6863.87,1379.55,76,False
SKU048,2025-06-29,73,100707.15000000001,2,0,1379.55,26,6,2025,Summer,Kitchen,Rug,2024-01-01,6863.87,1379.55,77,False
SKU048,2025-07-06,50,68977.5,0,0,1379.55,27,7,2025,Monsoon,Kitchen,Rug,2024-01-01,6863.87,1379.55,78,False
SKU048,2025-07-13,48,66218.4,0,0,1379.55,28,7,2025,Monsoon,Kitchen,Rug,2024-01-01,6863.87,1379.55,79,False
SKU048,2025-07-20,52,71736.6,0,0,1379.55,29,7,2025,Monsoon,Kitchen,Rug,2024-01-01,6863.87,1379.55,80,False
SKU048,2025-07-27,67,92429.85,0,0,1379.55,30,7,2025,Monsoon,Kitchen,Rug,2024-01-01,6863.87,1379.55,81,False
SKU048,2025-08-03,43,59320.65,0,0,1379.55,31,8,2025,Monsoon,Kitchen,Rug,2024-01-01,6863.87,1379.55,82,False
SKU048,2025-08-10,50,68977.5,0,0,1379.55,32,8,2025,Monsoon,Kitchen,Rug,2024-01-01,6863.87,1379.55,83,False
SKU048,2025-08-17,35,48284.25,0,1,1379.55,33,8,2025,Monsoon,Kitchen,Rug,2024-01-01,6863.87,1379.55,84,False
SKU048,2025-08-24,45,62079.75,0,0,1379.55,34,8,2025,Monsoon,Kitchen,Rug,2024-01-01,6863.87,1379.55,85,False
SKU048,2025-08-31,60,82773.0,0,0,1379.55,35,8,2025,Monsoon,Kitchen,Rug,2024-01-01,6863.87,1379.55,86,False
SKU048,2025-09-07,57,78634.35,2,0,1379.55,36,9,2025,Monsoon,Kitchen,Rug,2024-01-01,6863.87,1379.55,87,False
SKU048,2025-09-14,58,80013.9,2,0,1379.55,37,9,2025,Monsoon,Kitchen,Rug,2024-01-01,6863.87,1379.55,88,False
SKU048,2025-09-21,54,74495.7,2,0,1379.55,38,9,2025,Monsoon,Kitchen,Rug,2024-01-01,6863.87,1379.55,89,False
SKU048,2025-09-28,50,68977.5,2,0,1379.55,39,9,2025,Monsoon,Kitchen,Rug,2024-01-01,6863.87,1379.55,90,False
SKU048,2025-10-05,46,63459.3,0,0,1379.55,40,10,2025,Autumn,Kitchen,Rug,2024-01-01,6863.87,1379.55,91,False
SKU048,2025-10-12,51,70357.05,0,0,1379.55,41,10,2025,Autumn,Kitchen,Rug,2024-01-01,6863.87,1379.55,92,False
SKU048,2025-10-19,59,81393.45,0,0,1379.55,42,10,2025,Autumn,Kitchen,Rug,2024-01-01,6863.87,1379.55,93,False
SKU048,2025-10-26,31,42766.05,0,1,1379.55,43,10,2025,Autumn,Kitchen,Rug,2024-01-01,6863.87,1379.55,94,False
SKU048,2025-11-02,61,84152.55,2,0,1379.55,44,11,2025,Autumn,Kitchen,Rug,2024-01-01,6863.87,1379.55,95,False
SKU048,2025-11-09,63,86911.65,2,0,1379.55,45,11,2025,Autumn,Kitchen,Rug,2024-01-01,6863.87,1379.55,96,False
SKU048,2025-11-16,47,64838.850000000006,2,0,1379.55,46,11,2025,Autumn,Kitchen,Rug,2024-01-01,6863.87,1379.55,97,False
SKU048,2025-11-23,63,86911.65,2,0,1379.55,47,11,2025,Autumn,Kitchen,Rug,2024-01-01,6863.87,1379.55,98,False
SKU048,2025-11-30,36,49663.8,2,0,1379.55,48,11,2025,Autumn,Kitchen,Rug,2024-01-01,6863.87,1379.55,99,False
SKU048,2025-12-07,57,78634.34999999999,0,0,1379.55,49,12,2025,Winter,Kitchen,Rug,2024-01-01,6863.87,1379.55,100,True
SKU048,2025-12-14,55,75875.25,0,0,1379.55,50,12,2025,Winter,Kitchen,Rug,2024-01-01,6863.87,1379.55,101,True
SKU048,2025-12-21,58,80013.9,0,0,1379.55,51,12,2025,Winter,Kitchen,Rug,2024-01-01,6863.87,1379.55,102,True
SKU048,2025-12-28,40,55182.0,0,1,1379.55,52,12,2025,Winter,Kitchen,Rug,2024-01-01,6863.87,1379.55,103,True
SKU049,2024-01-07,177,924536.49,0,0,5223.37,1,1,2024,Winter,Lighting,Organizer,2024-01-01,2063.03,5223.37,0,False
SKU049,2024-01-14,178,929759.86,0,0,5223.37,2,1,2024,Winter,Lighting,Organizer,2024-01-01,2063.03,5223.37,1,False
SKU049,2024-01-21,184,961100.0800000001,0,0,5223.37,3,1,2024,Winter,Lighting,Organizer,2024-01-01,2063.03,5223.37,2,False
SKU049,2024-01-28,181,945429.97,0,1,5223.37,4,1,2024,Winter,Lighting,Organizer,2024-01-01,2063.03,5223.37,3,False
SKU049,2024-02-04,178,929759.86,0,0,5223.37,5,2,2024,Winter,Lighting,Organizer,2024-01-01,2063.03,5223.37,4,False
SKU049,2024-02-11,191,997663.6699999999,0,0,5223.37,6,2,2024,Winter,Lighting,Organizer,2024-01-01,2063.03,5223.37,5,False
SKU049,2024-02-18,194,1013333.78,0,0,5223.37,7,2,2024,Winter,Lighting,Organizer,2024-01-01,2063.03,5223.37,6,False
SKU049,2024-02-25,186,971546.82,0,0,5223.37,8,2,2024,Winter,Lighting,Organizer,2024-01-01,2063.03,5223.37,7,False
SKU049,2024-03-03,192,1002887.04,2,0,5223.37,9,3,2024,Spring,Lighting,Organizer,2024-01-01,2063.03,5223.37,8,False
SKU049,2024-03-10,207,1081237.59,2,0,5223.37,10,3,2024,Spring,Lighting,Organizer,2024-01-01,2063.03,5223.37,9,False
SKU049,2024-03-17,190,992440.3,2,0,5223.37,11,3,2024,Spring,Lighting,Organizer,2024-01-01,2063.03,5223.37,10,False
SKU049,2024-03-24,228,1190928.3599999999,2,0,5223.37,12,3,2024,Spring,Lighting,Organizer,2024-01-01,2063.03,5223.37,11,False
SKU049,2024-03-31,221,1154364.77,2,0,5223.37,13,3,2024,Spring,Lighting,Organizer,2024-01-01,2063.03,5223.37,12,False
SKU049,2024-04-07,219,1143918.03,0,0,5223.37,14,4,2024,Spring,Lighting,Organizer,2024-01-01,2063.03,5223.37,13,False
SKU049,2024-04-14,199,1039450.63,0,0,5223.37,15,4,2024,Spring,Lighting,Organizer,2024-01-01,2063.03,5223.37,14,False
SKU049,2024-04-21,193,1008110.4099999999,0,0,5223.37,16,4,2024,Spring,Lighting,Organizer,2024-01-01,2063.03,5223.37,15,False
SKU049,2024-04-28,222,1159588.14,0,0,5223.37,17,4,2024,Spring,Lighting,Organizer,2024-01-01,2063.03,5223.37,16,False
SKU049,2024-05-05,219,1143918.03,0,0,5223.37,18,5,2024,Summer,Lighting,Organizer,2024-01-01,2063.03,5223.37,17,False
SKU049,2024-05-12,200,1044674.0,0,0,5223.37,19,5,2024,Summer,Lighting,Organizer,2024-01-01,2063.03,5223.37,18,False
SKU049,2024-05-19,192,1002887.04,0,0,5223.37,20,5,2024,Summer,Lighting,Organizer,2024-01-01,2063.03,5223.37,19,False
SKU049,2024-05-26,178,929759.86,0,0,5223.37,21,5,2024,Summer,Lighting,Organizer,2024-01-01,2063.03,5223.37,20,False
SKU049,2024-06-02,196,1023780.52,2,0,5223.37,22,6,2024,Summer,Lighting,Organizer,2024-01-01,2063.03,5223.37,21,False
SKU049,2024-06-09,194,1013333.78,2,0,5223.37,23,6,2024,Summer,Lighting,Organizer,2024-01-01,2063.03,5223.37,22,False
SKU049,2024-06-16,190,992440.3,2,0,5223.37,24,6,2024,Summer,Lighting,Organizer,2024-01-01,2063.03,5223.37,23,False
SKU049,2024-06-23,187,976770.19,2,0,5223.37,25,6,2024,Summer,Lighting,Organizer,2024-01-01,2063.03,5223.37,24,False
SKU049,2024-06-30,200,1044674.0,2,0,5223.37,26,6,2024,Summer,Lighting,Organizer,2024-01-01,2063.03,5223.37,25,False
SKU049,2024-07-07,167,872302.7899999999,0,0,5223.37,27,7,2024,Monsoon,Lighting,Organizer,2024-01-01,2063.03,5223.37,26,False
SKU049,2024-07-14,165,861856.0499999999,0,0,5223.37,28,7,2024,Monsoon,Lighting,Organizer,2024-01-01,2063.03,5223.37,27,False
SKU049,2024-07-21,188,981993.56,0,0,5223.37,29,7,2024,Monsoon,Lighting,Organizer,2024-01-01,2063.03,5223.37,28,False
SKU049,2024-07-28,174,908866.38,0,0,5223.37,30,7,2024,Monsoon,Lighting,Organizer,2024-01-01,2063.03,5223.37,29,False
SKU049,2024-08-04,176,919313.12,0,0,5223.37,31,8,2024,Monsoon,Lighting,Organizer,2024-01-01,2063.03,5223.37,30,False
SKU049,2024-08-11,164,856632.6799999999,0,0,5223.37,32,8,2024,Monsoon,Lighting,Organizer,2024-01-01,2063.03,5223.37,31,False
SKU049,2024-08-18,151,788728.87,0,1,5223.37,33,8,2024,Monsoon,Lighting,Organizer,2024-01-01,2063.03,5223.37,32,False
SKU049,2024-08-25,138,720825.0599999999,0,0,5223.37,34,8,2024,Monsoon,Lighting,Organizer,2024-01-01,2063.03,5223.37,33,False
SKU049,2024-09-01,156,814845.72,1,0,5223.37,35,9,2024,Monsoon,Lighting,Organizer,2024-01-01,2063.03,5223.37,34,False
SKU049,2024-09-08,152,793952.24,2,0,5223.37,36,9,2024,Monsoon,Lighting,Organizer,2024-01-01,2063.03,5223.37,35,False
SKU049,2024-09-15,164,856632.6799999999,2,0,5223.37,37,9,2024,Monsoon,Lighting,Organizer,2024-01-01,2063.03,5223.37,36,False
SKU049,2024-09-22,150,783505.5,2,0,5223.37,38,9,2024,Monsoon,Lighting,Organizer,2024-01-01,2063.03,5223.37,37,False
SKU049,2024-09-29,178,929759.86,2,0,5223.37,39,9,2024,Monsoon,Lighting,Organizer,2024-01-01,2063.03,5223.37,38,False
SKU049,2024-10-06,147,767835.39,0,0,5223.37,40,10,2024,Autumn,Lighting,Organizer,2024-01-01,2063.03,5223.37,39,False
SKU049,2024-10-13,151,788728.87,0,0,5223.37,41,10,2024,Autumn,Lighting,Organizer,2024-01-01,2063.03,5223.37,40,False
SKU049,2024-10-20,129,673814.73,0,0,5223.37,42,10,2024,Autumn,Lighting,Organizer,2024-01-01,2063.03,5223.37,41,False
SKU049,2024-10-27,148,773058.76,0,0,5223.37,43,10,2024,Autumn,Lighting,Organizer,2024-01-01,2063.03,5223.37,42,False
SKU049,2024-11-03,140,731271.8,2,1,5223.37,44,11,2024,Autumn,Lighting,Organizer,2024-01-01,2063.03,5223.37,43,False
SKU049,2024-11-10,160,835739.2,2,0,5223.37,45,11,2024,Autumn,Lighting,Organizer,2024-01-01,2063.03,5223.37,44,False
SKU049,2024-11-17,141,736495.1699999999,2,0,5223.37,46,11,2024,Autumn,Lighting,Organizer,2024-01-01,2063.03,5223.37,45,False
SKU049,2024-11-24,136,710378.32,2,0,5223.37,47,11,2024,Autumn,Lighting,Organizer,2024-01-01,2063.03,5223.37,46,False
SKU049,2024-12-01,145,757388.6499999999,1,0,5223.37,48,12,2024,Winter,Lighting,Organizer,2024-01-01,2063.03,5223.37,47,False
SKU049,2024-12-08,149,778282.13,0,0,5223.37,49,12,2024,Winter,Lighting,Organizer,2024-01-01,2063.03,5223.37,48,False
SKU049,2024-12-15,150,783505.5,0,0,5223.37,50,12,2024,Winter,Lighting,Organizer,2024-01-01,2063.03,5223.37,49,False
SKU049,2024-12-22,161,840962.5700000001,0,0,5223.37,51,12,2024,Winter,Lighting,Organizer,2024-01-01,2063.03,5223.37,50,False
SKU049,2024-12-29,135,705154.95,0,1,5223.37,52,12,2024,Winter,Lighting,Organizer,2024-01-01,2063.03,5223.37,51,False
SKU049,2025-01-05,198,1034227.26,0,0,5223.37,1,1,2025,Winter,Lighting,Organizer,2024-01-01,2063.03,5223.37,52,False
SKU049,2025-01-12,177,924536.49,0,0,5223.37,2,1,2025,Winter,Lighting,Organizer,2024-01-01,2063.03,5223.37,53,False
SKU049,2025-01-19,183,955876.71,0,0,5223.37,3,1,2025,Winter,Lighting,Organizer,2024-01-01,2063.03,5223.37,54,False
SKU049,2025-01-26,154,804398.98,0,1,5223.37,4,1,2025,Winter,Lighting,Organizer,2024-01-01,2063.03,5223.37,55,False
SKU049,2025-02-02,160,835739.2,0,0,5223.37,5,2,2025,Winter,Lighting,Organizer,2024-01-01,2063.03,5223.37,56,False
SKU049,2025-02-09,199,1039450.63,0,0,5223.37,6,2,2025,Winter,Lighting,Organizer,2024-01-01,2063.03,5223.37,57,False
SKU049,2025-02-16,182,950653.3400000001,0,0,5223.37,7,2,2025,Winter,Lighting,Organizer,2024-01-01,2063.03,5223.37,58,False
SKU049,2025-02-23,184,961100.08,0,0,5223.37,8,2,2025,Winter,Lighting,Organizer,2024-01-01,2063.03,5223.37,59,False
SKU049,2025-03-02,207,1081237.59,2,0,5223.37,9,3,2025,Spring,Lighting,Organizer,2024-01-01,2063.03,5223.37,60,False
SKU049,2025-03-09,214,1117801.18,2,0,5223.37,10,3,2025,Spring,Lighting,Organizer,2024-01-01,2063.03,5223.37,61,False
SKU049,2025-03-16,190,992440.3,2,0,5223.37,11,3,2025,Spring,Lighting,Organizer,2024-01-01,2063.03,5223.37,62,False
SKU049,2025-03-23,218,1138694.66,2,0,5223.37,12,3,2025,Spring,Lighting,Organizer,2024-01-01,2063.03,5223.37,63,False
SKU049,2025-03-30,230,1201375.1,2,0,5223.37,13,3,2025,Spring,Lighting,Organizer,2024-01-01,2063.03,5223.37,64,False
SKU049,2025-04-06,184,961100.0800000001,0,0,5223.37,14,4,2025,Spring,Lighting,Organizer,2024-01-01,2063.03,5223.37,65,False
SKU049,2025-04-13,213,1112577.81,0,0,5223.37,15,4,2025,Spring,Lighting,Organizer,2024-01-01,2063.03,5223.37,66,False
SKU049,2025-04-20,198,1034227.26,0,0,5223.37,16,4,2025,Spring,Lighting,Organizer,2024-01-01,2063.03,5223.37,67,False
SKU049,2025-04-27,203,1060344.1099999999,0,0,5223.37,17,4,2025,Spring,Lighting,Organizer,2024-01-01,2063.03,5223.37,68,False
SKU049,2025-05-04,202,1055120.74,0,0,5223.37,18,5,2025,Summer,Lighting,Organizer,2024-01-01,2063.03,5223.37,69,False
SKU049,2025-05-11,222,1159588.1400000001,0,0,5223.37,19,5,2025,Summer,Lighting,Organizer,2024-01-01,2063.03,5223.37,70,False
SKU049,2025-05-18,185,966323.45,0,0,5223.37,20,5,2025,Summer,Lighting,Organizer,2024-01-01,2063.03,5223.37,71,False
SKU049,2025-05-25,187,976770.19,0,0,5223.37,21,5,2025,Summer,Lighting,Organizer,2024-01-01,2063.03,5223.37,72,False
SKU049,2025-06-01,213,1112577.81,1,0,5223.37,22,6,2025,Summer,Lighting,Organizer,2024-01-01,2063.03,5223.37,73,False
SKU049,2025-06-08,206,1076014.22,2,0,5223.37,23,6,2025,Summer,Lighting,Organizer,2024-01-01,2063.03,5223.37,74,False
SKU049,2025-06-15,206,1076014.22,2,0,5223.37,24,6,2025,Summer,Lighting,Organizer,2024-01-01,2063.03,5223.37,75,False
SKU049,2025-06-22,197,1029003.8899999999,2,0,5223.37,25,6,2025,Summer,Lighting,Organizer,2024-01-01,2063.03,5223.37,76,False
SKU049,2025-06-29,220,1149141.4,2,0,5223.37,26,6,2025,Summer,Lighting,Organizer,2024-01-01,2063.03,5223.37,77,False
SKU049,2025-07-06,156,814845.72,0,0,5223.37,27,7,2025,Monsoon,Lighting,Organizer,2024-01-01,2063.03,5223.37,78,False
SKU049,2025-07-13,179,934983.23,0,0,5223.37,28,7,2025,Monsoon,Lighting,Organizer,2024-01-01,2063.03,5223.37,79,False
SKU049,2025-07-20,171,893196.27,0,0,5223.37,29,7,2025,Monsoon,Lighting,Organizer,2024-01-01,2063.03,5223.37,80,False
SKU049,2025-07-27,168,877526.1599999999,0,0,5223.37,30,7,2025,Monsoon,Lighting,Organizer,2024-01-01,2063.03,5223.37,81,False
SKU049,2025-08-03,158,825292.46,0,0,5223.37,31,8,2025,Monsoon,Lighting,Organizer,2024-01-01,2063.03,5223.37,82,False
SKU049,2025-08-10,159,830515.8300000001,0,0,5223.37,32,8,2025,Monsoon,Lighting,Organizer,2024-01-01,2063.03,5223.37,83,False
SKU049,2025-08-17,163,851409.3099999999,0,1,5223.37,33,8,2025,Monsoon,Lighting,Organizer,2024-01-01,2063.03,5223.37,84,False
SKU049,2025-08-24,145,757388.65,0,0,5223.37,34,8,2025,Monsoon,Lighting,Organizer,2024-01-01,2063.03,5223.37,85,False
SKU049,2025-08-31,159,830515.83,0,0,5223.37,35,8,2025,Monsoon,Lighting,Organizer,2024-01-01,2063.03,5223.37,86,False
SKU049,2025-09-07,152,793952.24,2,0,5223.37,36,9,2025,Monsoon,Lighting,Organizer,2024-01-01,2063.03,5223.37,87,False
SKU049,2025-09-14,167,872302.79,2,0,5223.37,37,9,2025,Monsoon,Lighting,Organizer,2024-01-01,2063.03,5223.37,88,False
SKU049,2025-09-21,158,825292.46,2,0,5223.37,38,9,2025,Monsoon,Lighting,Organizer,2024-01-01,2063.03,5223.37,89,False
SKU049,2025-09-28,168,877526.1599999999,2,0,5223.37,39,9,2025,Monsoon,Lighting,Organizer,2024-01-01,2063.03,5223.37,90,False
SKU049,2025-10-05,142,741718.54,0,0,5223.37,40,10,2025,Autumn,Lighting,Organizer,2024-01-01,2063.03,5223.37,91,False
SKU049,2025-10-12,137,715601.69,0,0,5223.37,41,10,2025,Autumn,Lighting,Organizer,2024-01-01,2063.03,5223.37,92,False
SKU049,2025-10-19,152,793952.24,0,0,5223.37,42,10,2025,Autumn,Lighting,Organizer,2024-01-01,2063.03,5223.37,93,False
SKU049,2025-10-26,138,720825.06,0,1,5223.37,43,10,2025,Autumn,Lighting,Organizer,2024-01-01,2063.03,5223.37,94,False
SKU049,2025-11-02,150,783505.5,2,0,5223.37,44,11,2025,Autumn,Lighting,Organizer,2024-01-01,2063.03,5223.37,95,False
SKU049,2025-11-09,152,793952.24,2,0,5223.37,45,11,2025,Autumn,Lighting,Organizer,2024-01-01,2063.03,5223.37,96,False
SKU049,2025-11-16,160,835739.2,2,0,5223.37,46,11,2025,Autumn,Lighting,Organizer,2024-01-01,2063.03,5223.37,97,False
SKU049,2025-11-23,139,726048.4299999999,2,0,5223.37,47,11,2025,Autumn,Lighting,Organizer,2024-01-01,2063.03,5223.37,98,False
SKU049,2025-11-30,159,830515.8300000001,2,0,5223.37,48,11,2025,Autumn,Lighting,Organizer,2024-01-01,2063.03,5223.37,99,False
SKU049,2025-12-07,167,872302.79,0,0,5223.37,49,12,2025,Winter,Lighting,Organizer,2024-01-01,2063.03,5223.37,100,True
SKU049,2025-12-14,171,893196.27,0,0,5223.37,50,12,2025,Winter,Lighting,Organizer,2024-01-01,2063.03,5223.37,101,True
SKU049,2025-12-21,147,767835.39,0,0,5223.37,51,12,2025,Winter,Lighting,Organizer,2024-01-01,2063.03,5223.37,102,True
SKU049,2025-12-28,166,867079.4199999999,0,1,5223.37,52,12,2025,Winter,Lighting,Organizer,2024-01-01,2063.03,5223.37,103,True
SKU050,2024-01-07,49,43253.28,0,0,882.72,1,1,2024,Winter,Storage,Sofa,2024-01-01,701.85,882.72,0,False
SKU050,2024-01-14,40,35308.8,0,0,882.72,2,1,2024,Winter,Storage,Sofa,2024-01-01,701.85,882.72,1,False
SKU050,2024-01-21,25,22068.0,0,0,882.72,3,1,2024,Winter,Storage,Sofa,2024-01-01,701.85,882.72,2,False
SKU050,2024-01-28,37,32660.64,0,1,882.72,4,1,2024,Winter,Storage,Sofa,2024-01-01,701.85,882.72,3,False
SKU050,2024-02-04,42,37074.24,0,0,882.72,5,2,2024,Winter,Storage,Sofa,2024-01-01,701.85,882.72,4,False
SKU050,2024-02-11,38,33543.36,0,0,882.72,6,2,2024,Winter,Storage,Sofa,2024-01-01,701.85,882.72,5,False
SKU050,2024-02-18,33,29129.76,0,0,882.72,7,2,2024,Winter,Storage,Sofa,2024-01-01,701.85,882.72,6,False
SKU050,2024-02-25,35,30895.2,0,0,882.72,8,2,2024,Winter,Storage,Sofa,2024-01-01,701.85,882.72,7,False
SKU050,2024-03-03,57,50315.04,2,0,882.72,9,3,2024,Spring,Storage,Sofa,2024-01-01,701.85,882.72,8,False
SKU050,2024-03-10,49,43253.28,2,0,882.72,10,3,2024,Spring,Storage,Sofa,2024-01-01,701.85,882.72,9,False
SKU050,2024-03-17,55,48549.6,2,0,882.72,11,3,2024,Spring,Storage,Sofa,2024-01-01,701.85,882.72,10,False
SKU050,2024-03-24,51,45018.72,2,0,882.72,12,3,2024,Spring,Storage,Sofa,2024-01-01,701.85,882.72,11,False
SKU050,2024-03-31,60,52963.2,2,0,882.72,13,3,2024,Spring,Storage,Sofa,2024-01-01,701.85,882.72,12,False
SKU050,2024-04-07,41,36191.520000000004,0,0,882.72,14,4,2024,Spring,Storage,Sofa,2024-01-01,701.85,882.72,13,False
SKU050,2024-04-14,43,37956.96,0,0,882.72,15,4,2024,Spring,Storage,Sofa,2024-01-01,701.85,882.72,14,False
SKU050,2024-04-21,49,43253.28,0,0,882.72,16,4,2024,Spring,Storage,Sofa,2024-01-01,701.85,882.72,15,False
SKU050,2024-04-28,55,48549.600000000006,0,0,882.72,17,4,2024,Spring,Storage,Sofa,2024-01-01,701.85,882.72,16,False
SKU050,2024-05-05,50,44136.0,0,0,882.72,18,5,2024,Summer,Storage,Sofa,2024-01-01,701.85,882.72,17,False
SKU050,2024-05-12,45,39722.4,0,0,882.72,19,5,2024,Summer,Storage,Sofa,2024-01-01,701.85,882.72,18,False
SKU050,2024-05-19,58,51197.76,0,0,882.72,20,5,2024,Summer,Storage,Sofa,2024-01-01,701.85,882.72,19,False
SKU050,2024-05-26,37,32660.64,0,0,882.72,21,5,2024,Summer,Storage,Sofa,2024-01-01,701.85,882.72,20,False
SKU050,2024-06-02,50,44136.0,2,0,882.72,22,6,2024,Summer,Storage,Sofa,2024-01-01,701.85,882.72,21,False
SKU050,2024-06-09,52,45901.44,2,0,882.72,23,6,2024,Summer,Storage,Sofa,2024-01-01,701.85,882.72,22,False
SKU050,2024-06-16,49,43253.28,2,0,882.72,24,6,2024,Summer,Storage,Sofa,2024-01-01,701.85,882.72,23,False
SKU050,2024-06-23,50,44136.0,2,0,882.72,25,6,2024,Summer,Storage,Sofa,2024-01-01,701.85,882.72,24,False
SKU050,2024-06-30,47,41487.84,2,0,882.72,26,6,2024,Summer,Storage,Sofa,2024-01-01,701.85,882.72,25,False
SKU050,2024-07-07,44,38839.68,0,0,882.72,27,7,2024,Monsoon,Storage,Sofa,2024-01-01,701.85,882.72,26,False
SKU050,2024-07-14,42,37074.24,0,0,882.72,28,7,2024,Monsoon,Storage,Sofa,2024-01-01,701.85,882.72,27,False
SKU050,2024-07-21,50,44136.0,0,0,882.72,29,7,2024,Monsoon,Storage,Sofa,2024-01-01,701.85,882.72,28,False
SKU050,2024-07-28,29,25598.88,0,0,882.72,30,7,2024,Monsoon,Storage,Sofa,2024-01-01,701.85,882.72,29,False
SKU050,2024-08-04,39,34426.08,0,0,882.72,31,8,2024,Monsoon,Storage,Sofa,2024-01-01,701.85,882.72,30,False
SKU050,2024-08-11,33,29129.76,0,0,882.72,32,8,2024,Monsoon,Storage,Sofa,2024-01-01,701.85,882.72,31,False
SKU050,2024-08-18,49,43253.28,0,1,882.72,33,8,2024,Monsoon,Storage,Sofa,2024-01-01,701.85,882.72,32,False
SKU050,2024-08-25,29,25598.88,0,0,882.72,34,8,2024,Monsoon,Storage,Sofa,2024-01-01,701.85,882.72,33,False
SKU050,2024-09-01,37,32660.64,1,0,882.72,35,9,2024,Monsoon,Storage,Sofa,2024-01-01,701.85,882.72,34,False
SKU050,2024-09-08,37,32660.64,2,0,882.72,36,9,2024,Monsoon,Storage,Sofa,2024-01-01,701.85,882.72,35,False
SKU050,2024-09-15,52,45901.44,2,0,882.72,37,9,2024,Monsoon,Storage,Sofa,2024-01-01,701.85,882.72,36,False
SKU050,2024-09-22,27,23833.440000000002,2,0,882.72,38,9,2024,Monsoon,Storage,Sofa,2024-01-01,701.85,882.72,37,False
SKU050,2024-09-29,25,22068.0,2,0,882.72,39,9,2024,Monsoon,Storage,Sofa,2024-01-01,701.85,882.72,38,False
SKU050,2024-10-06,34,30012.48,0,0,882.72,40,10,2024,Autumn,Storage,Sofa,2024-01-01,701.85,882.72,39,False
SKU050,2024-10-13,33,29129.760000000002,0,0,882.72,41,10,2024,Autumn,Storage,Sofa,2024-01-01,701.85,882.72,40,False
SKU050,2024-10-20,38,33543.36,0,0,882.72,42,10,2024,Autumn,Storage,Sofa,2024-01-01,701.85,882.72,41,False
SKU050,2024-10-27,38,33543.36,0,0,882.72,43,10,2024,Autumn,Storage,Sofa,2024-01-01,701.85,882.72,42,False
SKU050,2024-11-03,36,31777.92,2,1,882.72,44,11,2024,Autumn,Storage,Sofa,2024-01-01,701.85,882.72,43,False
SKU050,2024-11-10,54,47666.880000000005,2,0,882.72,45,11,2024,Autumn,Storage,Sofa,2024-01-01,701.85,882.72,44,False
SKU050,2024-11-17,48,42370.56,2,0,882.72,46,11,2024,Autumn,Storage,Sofa,2024-01-01,701.85,882.72,45,False
SKU050,2024-11-24,39,34426.08,2,0,882.72,47,11,2024,Autumn,Storage,Sofa,2024-01-01,701.85,882.72,46,False
SKU050,2024-12-01,37,32660.64,1,0,882.72,48,12,2024,Winter,Storage,Sofa,2024-01-01,701.85,882.72,47,False
SKU050,2024-12-08,33,29129.760000000002,0,0,882.72,49,12,2024,Winter,Storage,Sofa,2024-01-01,701.85,882.72,48,False
SKU050,2024-12-15,37,32660.64,0,0,882.72,50,12,2024,Winter,Storage,Sofa,2024-01-01,701.85,882.72,49,False
SKU050,2024-12-22,32,28247.04,0,0,882.72,51,12,2024,Winter,Storage,Sofa,2024-01-01,701.85,882.72,50,False
SKU050,2024-12-29,54,47666.880000000005,0,1,882.72,52,12,2024,Winter,Storage,Sofa,2024-01-01,701.85,882.72,51,False
SKU050,2025-01-05,47,41487.84,0,0,882.72,1,1,2025,Winter,Storage,Sofa,2024-01-01,701.85,882.72,52,False
SKU050,2025-01-12,40,35308.8,0,0,882.72,2,1,2025,Winter,Storage,Sofa,2024-01-01,701.85,882.72,53,False
SKU050,2025-01-19,40,35308.8,0,0,882.72,3,1,2025,Winter,Storage,Sofa,2024-01-01,701.85,882.72,54,False
SKU050,2025-01-26,45,39722.4,0,1,882.72,4,1,2025,Winter,Storage,Sofa,2024-01-01,701.85,882.72,55,False
SKU050,2025-02-02,36,31777.920000000002,0,0,882.72,5,2,2025,Winter,Storage,Sofa,2024-01-01,701.85,882.72,56,False
SKU050,2025-02-09,41,36191.520000000004,0,0,882.72,6,2,2025,Winter,Storage,Sofa,2024-01-01,701.85,882.72,57,False
SKU050,2025-02-16,51,45018.72,0,0,882.72,7,2,2025,Winter,Storage,Sofa,2024-01-01,701.85,882.72,58,False
SKU050,2025-02-23,44,38839.68,0,0,882.72,8,2,2025,Winter,Storage,Sofa,2024-01-01,701.85,882.72,59,False
SKU050,2025-03-02,53,46784.16,2,0,882.72,9,3,2025,Spring,Storage,Sofa,2024-01-01,701.85,882.72,60,False
SKU050,2025-03-09,67,59142.240000000005,2,0,882.72,10,3,2025,Spring,Storage,Sofa,2024-01-01,701.85,882.72,61,False
SKU050,2025-03-16,52,45901.44,2,0,882.72,11,3,2025,Spring,Storage,Sofa,2024-01-01,701.85,882.72,62,False
SKU050,2025-03-23,61,53845.92,2,0,882.72,12,3,2025,Spring,Storage,Sofa,2024-01-01,701.85,882.72,63,False
SKU050,2025-03-30,49,43253.28,2,0,882.72,13,3,2025,Spring,Storage,Sofa,2024-01-01,701.85,882.72,64,False
SKU050,2025-04-06,65,57376.8,0,0,882.72,14,4,2025,Spring,Storage,Sofa,2024-01-01,701.85,882.72,65,False
SKU050,2025-04-13,48,42370.56,0,0,882.72,15,4,2025,Spring,Storage,Sofa,2024-01-01,701.85,882.72,66,False
SKU050,2025-04-20,46,40605.12,0,0,882.72,16,4,2025,Spring,Storage,Sofa,2024-01-01,701.85,882.72,67,False
SKU050,2025-04-27,46,40605.12,0,0,882.72,17,4,2025,Spring,Storage,Sofa,2024-01-01,701.85,882.72,68,False
SKU050,2025-05-04,45,39722.4,0,0,882.72,18,5,2025,Summer,Storage,Sofa,2024-01-01,701.85,882.72,69,False
SKU050,2025-05-11,53,46784.16,0,0,882.72,19,5,2025,Summer,Storage,Sofa,2024-01-01,701.85,882.72,70,False
SKU050,2025-05-18,51,45018.72,0,0,882.72,20,5,2025,Summer,Storage,Sofa,2024-01-01,701.85,882.72,71,False
SKU050,2025-05-25,70,61790.4,0,0,882.72,21,5,2025,Summer,Storage,Sofa,2024-01-01,701.85,882.72,72,False
SKU050,2025-06-01,61,53845.92,1,0,882.72,22,6,2025,Summer,Storage,Sofa,2024-01-01,701.85,882.72,73,False
SKU050,2025-06-08,45,39722.4,2,0,882.72,23,6,2025,Summer,Storage,Sofa,2024-01-01,701.85,882.72,74,False
SKU050,2025-06-15,49,43253.28,2,0,882.72,24,6,2025,Summer,Storage,Sofa,2024-01-01,701.85,882.72,75,False
SKU050,2025-06-22,63,55611.36,2,0,882.72,25,6,2025,Summer,Storage,Sofa,2024-01-01,701.85,882.72,76,False
SKU050,2025-06-29,55,48549.6,2,0,882.72,26,6,2025,Summer,Storage,Sofa,2024-01-01,701.85,882.72,77,False
SKU050,2025-07-06,44,38839.68,0,0,882.72,27,7,2025,Monsoon,Storage,Sofa,2024-01-01,701.85,882.72,78,False
SKU050,2025-07-13,49,43253.28,0,0,882.72,28,7,2025,Monsoon,Storage,Sofa,2024-01-01,701.85,882.72,79,False
SKU050,2025-07-20,53,46784.159999999996,0,0,882.72,29,7,2025,Monsoon,Storage,Sofa,2024-01-01,701.85,882.72,80,False
SKU050,2025-07-27,43,37956.96,0,0,882.72,30,7,2025,Monsoon,Storage,Sofa,2024-01-01,701.85,882.72,81,False
SKU050,2025-08-03,36,31777.92,0,0,882.72,31,8,2025,Monsoon,Storage,Sofa,2024-01-01,701.85,882.72,82,False
SKU050,2025-08-10,35,30895.2,0,0,882.72,32,8,2025,Monsoon,Storage,Sofa,2024-01-01,701.85,882.72,83,False
SKU050,2025-08-17,43,37956.96,0,1,882.72,33,8,2025,Monsoon,Storage,Sofa,2024-01-01,701.85,882.72,84,False
SKU050,2025-08-24,35,30895.2,0,0,882.72,34,8,2025,Monsoon,Storage,Sofa,2024-01-01,701.85,882.72,85,False
SKU050,2025-08-31,34,30012.48,0,0,882.72,35,8,2025,Monsoon,Storage,Sofa,2024-01-01,701.85,882.72,86,False
SKU050,2025-09-07,29,25598.879999999997,2,0,882.72,36,9,2025,Monsoon,Storage,Sofa,2024-01-01,701.85,882.72,87,False
SKU050,2025-09-14,33,29129.760000000002,2,0,882.72,37,9,2025,Monsoon,Storage,Sofa,2024-01-01,701.85,882.72,88,False
SKU050,2025-09-21,30,26481.6,2,0,882.72,38,9,2025,Monsoon,Storage,Sofa,2024-01-01,701.85,882.72,89,False
SKU050,2025-09-28,38,33543.36,2,0,882.72,39,9,2025,Monsoon,Storage,Sofa,2024-01-01,701.85,882.72,90,False
SKU050,2025-10-05,35,30895.2,0,0,882.72,40,10,2025,Autumn,Storage,Sofa,2024-01-01,701.85,882.72,91,False
SKU050,2025-10-12,39,34426.08,0,0,882.72,41,10,2025,Autumn,Storage,Sofa,2024-01-01,701.85,882.72,92,False
SKU050,2025-10-19,31,27364.32,0,0,882.72,42,10,2025,Autumn,Storage,Sofa,2024-01-01,701.85,882.72,93,False
SKU050,2025-10-26,31,27364.32,0,1,882.72,43,10,2025,Autumn,Storage,Sofa,2024-01-01,701.85,882.72,94,False
SKU050,2025-11-02,32,28247.04,2,0,882.72,44,11,2025,Autumn,Storage,Sofa,2024-01-01,701.85,882.72,95,False
SKU050,2025-11-09,46,40605.12,2,0,882.72,45,11,2025,Autumn,Storage,Sofa,2024-01-01,701.85,882.72,96,False
SKU050,2025-11-16,40,35308.8,2,0,882.72,46,11,2025,Autumn,Storage,Sofa,2024-01-01,701.85,882.72,97,False
SKU050,2025-11-23,41,36191.520000000004,2,0,882.72,47,11,2025,Autumn,Storage,Sofa,2024-01-01,701.85,882.72,98,False
SKU050,2025-11-30,30,26481.600000000002,2,0,882.72,48,11,2025,Autumn,Storage,Sofa,2024-01-01,701.85,882.72,99,False
SKU050,2025-12-07,40,35308.8,0,0,882.72,49,12,2025,Winter,Storage,Sofa,2024-01-01,701.85,882.72,100,True
SKU050,2025-12-14,34,30012.48,0,0,882.72,50,12,2025,Winter,Storage,Sofa,2024-01-01,701.85,882.72,101,True
SKU050,2025-12-21,34,30012.48,0,0,882.72,51,12,2025,Winter,Storage,Sofa,2024-01-01,701.85,882.72,102,True
SKU050,2025-12-28,49,43253.28,0,1,882.72,52,12,2025,Winter,Storage,Sofa,2024-01-01,701.85,882.72,103,True
